production/evidence/coordinator/s05/repair-01/dispatch-parent-intent-01.json:1: trailing whitespace.
+{
production/evidence/coordinator/s05/repair-01/dispatch-parent-intent-01.json:2: trailing whitespace.
+  "packetType": "PARENT_REPAIR_DISPATCH_INTENT",
production/evidence/coordinator/s05/repair-01/dispatch-parent-intent-01.json:3: trailing whitespace.
+  "recordedAt": "2026-10-04T00:33:12.4679335Z",
production/evidence/coordinator/s05/repair-01/dispatch-parent-intent-01.json:4: trailing whitespace.
+  "actionKey": "yeataro/Grape:S05:repair:S05-FR-001:04403a2:01",
production/evidence/coordinator/s05/repair-01/dispatch-parent-intent-01.json:5: trailing whitespace.
+  "attempt": 1,
production/evidence/coordinator/s05/repair-01/dispatch-parent-intent-01.json:6: trailing whitespace.
+  "retriesUsed": 0,
production/evidence/coordinator/s05/repair-01/dispatch-parent-intent-01.json:7: trailing whitespace.
+  "packetFile": "production/evidence/coordinator/s05/repair-01/implementer-packet-01.json",
production/evidence/coordinator/s05/repair-01/dispatch-parent-intent-01.json:8: trailing whitespace.
+  "packetSha256": "694f3338d74861312e9837a9cc750f196d4a47692da9a65c4cb9ccd81e8eab64",
production/evidence/coordinator/s05/repair-01/dispatch-parent-intent-01.json:9: trailing whitespace.
+  "transport": "collaboration.followup_task",
production/evidence/coordinator/s05/repair-01/dispatch-parent-intent-01.json:10: trailing whitespace.
+  "targetAgent": "/root/s03_implementer_resume",
production/evidence/coordinator/s05/repair-01/dispatch-parent-intent-01.json:11: trailing whitespace.
+  "targetThreadId": "01a0fd8c-081e-7492-8f59-55159462e301",
production/evidence/coordinator/s05/repair-01/dispatch-parent-intent-01.json:12: trailing whitespace.
+  "targetDisplayTitle": "Grape S05 實作與維護",
production/evidence/coordinator/s05/repair-01/dispatch-parent-intent-01.json:13: trailing whitespace.
+  "priorStatus": "idle verified by read_thread; original completion STOP_WRITING and exact I/R received",
production/evidence/coordinator/s05/repair-01/dispatch-parent-intent-01.json:14: trailing whitespace.
+  "expectedHead": "04403a22adbd6f751c078ee4208db71ba7df223b",
production/evidence/coordinator/s05/repair-01/dispatch-parent-intent-01.json:15: trailing whitespace.
+  "priorI": "a5033d0b6a223250337fd1a2eeb98b2fd1f9e145",
production/evidence/coordinator/s05/repair-01/dispatch-parent-intent-01.json:16: trailing whitespace.
+  "priorR": "04403a22adbd6f751c078ee4208db71ba7df223b",
production/evidence/coordinator/s05/repair-01/dispatch-parent-intent-01.json:17: trailing whitespace.
+  "originalReview": {
production/evidence/coordinator/s05/repair-01/dispatch-parent-intent-01.json:18: trailing whitespace.
+    "file": "C:/Users/user/.codex/worktrees/s05-fresh-review-01/Grape/.verification/s05-fresh-review-01/INDEPENDENT_REVIEW_RESULT.json",
production/evidence/coordinator/s05/repair-01/dispatch-parent-intent-01.json:19: trailing whitespace.
+    "sha256": "01cf25eaaed4d5210ed41ee7ace171e3b149cb3e48fc3846e15781a49e96eb05",
production/evidence/coordinator/s05/repair-01/dispatch-parent-intent-01.json:20: trailing whitespace.
+    "bytes": 38599
production/evidence/coordinator/s05/repair-01/dispatch-parent-intent-01.json:21: trailing whitespace.
+  },
production/evidence/coordinator/s05/repair-01/dispatch-parent-intent-01.json:22: trailing whitespace.
+  "supportingManifest": {
production/evidence/coordinator/s05/repair-01/dispatch-parent-intent-01.json:23: trailing whitespace.
+    "file": "C:/Users/user/.codex/worktrees/s05-fresh-review-01/Grape/.verification/s05-fresh-review-01/supporting-evidence-manifest-01.json",
production/evidence/coordinator/s05/repair-01/dispatch-parent-intent-01.json:24: trailing whitespace.
+    "sha256": "8ea2b5bf70374a6b3d75cfcd96d270c36e0a53370e762b623c2f4b11085c940c",
production/evidence/coordinator/s05/repair-01/dispatch-parent-intent-01.json:25: trailing whitespace.
+    "bytes": 19976
production/evidence/coordinator/s05/repair-01/dispatch-parent-intent-01.json:26: trailing whitespace.
+  },
production/evidence/coordinator/s05/repair-01/dispatch-parent-intent-01.json:27: trailing whitespace.
+  "supportingFilesRehashed": 117,
production/evidence/coordinator/s05/repair-01/dispatch-parent-intent-01.json:28: trailing whitespace.
+  "verdict": "FAIL",
production/evidence/coordinator/s05/repair-01/dispatch-parent-intent-01.json:29: trailing whitespace.
+  "findingIds": [
production/evidence/coordinator/s05/repair-01/dispatch-parent-intent-01.json:30: trailing whitespace.
+    "S05-FR-001"
production/evidence/coordinator/s05/repair-01/dispatch-parent-intent-01.json:31: trailing whitespace.
+  ],
production/evidence/coordinator/s05/repair-01/dispatch-parent-intent-01.json:32: trailing whitespace.
+  "round": {
production/evidence/coordinator/s05/repair-01/dispatch-parent-intent-01.json:33: trailing whitespace.
+    "initialReview": 1,
production/evidence/coordinator/s05/repair-01/dispatch-parent-intent-01.json:34: trailing whitespace.
+    "initialVerdict": "FAIL",
production/evidence/coordinator/s05/repair-01/dispatch-parent-intent-01.json:35: trailing whitespace.
+    "failedReviewRoundsRetained": 1,
production/evidence/coordinator/s05/repair-01/dispatch-parent-intent-01.json:36: trailing whitespace.
+    "repairAttempt": 1,
production/evidence/coordinator/s05/repair-01/dispatch-parent-intent-01.json:37: trailing whitespace.
+    "targetedReviewRound": 2,
production/evidence/coordinator/s05/repair-01/dispatch-parent-intent-01.json:38: trailing whitespace.
+    "maxUnsuccessfulReviewRounds": 3,
production/evidence/coordinator/s05/repair-01/dispatch-parent-intent-01.json:39: trailing whitespace.
+    "failedRepairRereviewRoundsBeforeThis": 0,
production/evidence/coordinator/s05/repair-01/dispatch-parent-intent-01.json:40: trailing whitespace.
+    "interpretation": "Retain reviewer failedRounds=1; conservative total unsuccessful-review budget max3. Do not reset counters by renaming/transport/recovery."
production/evidence/coordinator/s05/repair-01/dispatch-parent-intent-01.json:41: trailing whitespace.
+  },
production/evidence/coordinator/s05/repair-01/dispatch-parent-intent-01.json:42: trailing whitespace.
+  "activationTransportCounters": {
production/evidence/coordinator/s05/repair-01/dispatch-parent-intent-01.json:43: trailing whitespace.
+    "attempt": 2,
production/evidence/coordinator/s05/repair-01/dispatch-parent-intent-01.json:44: trailing whitespace.
+    "retriesUsed": 1
production/evidence/coordinator/s05/repair-01/dispatch-parent-intent-01.json:45: trailing whitespace.
+  },
production/evidence/coordinator/s05/repair-01/dispatch-parent-intent-01.json:46: trailing whitespace.
+  "untrackedToPreserve": [
production/evidence/coordinator/s05/repair-01/dispatch-parent-intent-01.json:47: trailing whitespace.
+    "production/debug.log",
production/evidence/coordinator/s05/repair-01/dispatch-parent-intent-01.json:48: trailing whitespace.
+    "production/evidence/coordinator/s05/preview-01/",
production/evidence/coordinator/s05/repair-01/dispatch-parent-intent-01.json:49: trailing whitespace.
+    "production/evidence/coordinator/s05/repair-01/",
production/evidence/coordinator/s05/repair-01/dispatch-parent-intent-01.json:50: trailing whitespace.
+    "production/evidence/coordinator/s05/review-01/",
production/evidence/coordinator/s05/repair-01/dispatch-parent-intent-01.json:51: trailing whitespace.
+    "production/tools/evidence/",
production/evidence/coordinator/s05/repair-01/dispatch-parent-intent-01.json:52: trailing whitespace.
+    "references/"
production/evidence/coordinator/s05/repair-01/dispatch-parent-intent-01.json:53: trailing whitespace.
+  ],
production/evidence/coordinator/s05/repair-01/dispatch-parent-intent-01.json:54: trailing whitespace.
+  "parentScope": "Routing and append-only receipt only; no product/state write",
production/evidence/coordinator/s05/repair-01/dispatch-parent-intent-01.json:55: trailing whitespace.
+  "serviceScope": "Existing 4174 and 4192 unchanged"
production/evidence/coordinator/s05/repair-01/dispatch-parent-intent-01.json:56: trailing whitespace.
+}
production/evidence/coordinator/s05/repair-01/dispatch-parent-result-01.json:1: trailing whitespace.
+{
production/evidence/coordinator/s05/repair-01/dispatch-parent-result-01.json:2: trailing whitespace.
+  "packetType": "PARENT_REPAIR_DISPATCH_RESULT",
production/evidence/coordinator/s05/repair-01/dispatch-parent-result-01.json:3: trailing whitespace.
+  "recordedAt": "2026-10-04T00:33:47.6880781Z",
production/evidence/coordinator/s05/repair-01/dispatch-parent-result-01.json:4: trailing whitespace.
+  "actionKey": "yeataro/Grape:S05:repair:S05-FR-001:04403a2:01",
production/evidence/coordinator/s05/repair-01/dispatch-parent-result-01.json:5: trailing whitespace.
+  "attempt": 1,
production/evidence/coordinator/s05/repair-01/dispatch-parent-result-01.json:6: trailing whitespace.
+  "retriesUsed": 0,
production/evidence/coordinator/s05/repair-01/dispatch-parent-result-01.json:7: trailing whitespace.
+  "intentRef": {
production/evidence/coordinator/s05/repair-01/dispatch-parent-result-01.json:8: trailing whitespace.
+    "sha256": "5215cf41e4ffae24fdcfad73c4e235aa6abeee589b000a411e129fb5516ac8d0",
production/evidence/coordinator/s05/repair-01/dispatch-parent-result-01.json:9: trailing whitespace.
+    "file": "production/evidence/coordinator/s05/repair-01/dispatch-parent-intent-01.json"
production/evidence/coordinator/s05/repair-01/dispatch-parent-result-01.json:10: trailing whitespace.
+  },
production/evidence/coordinator/s05/repair-01/dispatch-parent-result-01.json:11: trailing whitespace.
+  "packetId": "S05-REPAIR-S05-FR-001-01",
production/evidence/coordinator/s05/repair-01/dispatch-parent-result-01.json:12: trailing whitespace.
+  "packetSha256": "694f3338d74861312e9837a9cc750f196d4a47692da9a65c4cb9ccd81e8eab64",
production/evidence/coordinator/s05/repair-01/dispatch-parent-result-01.json:13: trailing whitespace.
+  "transport": "collaboration.followup_task",
production/evidence/coordinator/s05/repair-01/dispatch-parent-result-01.json:14: trailing whitespace.
+  "callCount": 1,
production/evidence/coordinator/s05/repair-01/dispatch-parent-result-01.json:15: trailing whitespace.
+  "callOutcome": "Returned without error or text payload",
production/evidence/coordinator/s05/repair-01/dispatch-parent-result-01.json:16: trailing whitespace.
+  "targetAgent": "/root/s03_implementer_resume",
production/evidence/coordinator/s05/repair-01/dispatch-parent-result-01.json:17: trailing whitespace.
+  "targetThreadId": "01a0fd8c-081e-7492-8f59-55159462e301",
production/evidence/coordinator/s05/repair-01/dispatch-parent-result-01.json:18: trailing whitespace.
+  "targetDisplayTitle": "Grape S05 實作與維護",
production/evidence/coordinator/s05/repair-01/dispatch-parent-result-01.json:19: trailing whitespace.
+  "status": "DISPATCHED_RUNNING",
production/evidence/coordinator/s05/repair-01/dispatch-parent-result-01.json:20: trailing whitespace.
+  "subsequentObservation": {
production/evidence/coordinator/s05/repair-01/dispatch-parent-result-01.json:21: trailing whitespace.
+    "agentStatus": "running",
production/evidence/coordinator/s05/repair-01/dispatch-parent-result-01.json:22: trailing whitespace.
+    "tool": "collaboration.list_agents",
production/evidence/coordinator/s05/repair-01/dispatch-parent-result-01.json:23: trailing whitespace.
+    "sameOriginalAgent": true
production/evidence/coordinator/s05/repair-01/dispatch-parent-result-01.json:24: trailing whitespace.
+  },
production/evidence/coordinator/s05/repair-01/dispatch-parent-result-01.json:25: trailing whitespace.
+  "reviewCounter": {
production/evidence/coordinator/s05/repair-01/dispatch-parent-result-01.json:26: trailing whitespace.
+    "initialFailedCount": 1,
production/evidence/coordinator/s05/repair-01/dispatch-parent-result-01.json:27: trailing whitespace.
+    "activationRetriesUsed": 1,
production/evidence/coordinator/s05/repair-01/dispatch-parent-result-01.json:28: trailing whitespace.
+    "nextReviewRound": 2,
production/evidence/coordinator/s05/repair-01/dispatch-parent-result-01.json:29: trailing whitespace.
+    "repairAttempt": 1,
production/evidence/coordinator/s05/repair-01/dispatch-parent-result-01.json:30: trailing whitespace.
+    "activationDispatchAttempt": 2
production/evidence/coordinator/s05/repair-01/dispatch-parent-result-01.json:31: trailing whitespace.
+  },
production/evidence/coordinator/s05/repair-01/dispatch-parent-result-01.json:32: trailing whitespace.
+  "repairOutcome": "Pending actual implementation and independent re-review; no PASS asserted",
production/evidence/coordinator/s05/repair-01/dispatch-parent-result-01.json:33: trailing whitespace.
+  "parentProductOrStateWrites": false,
production/evidence/coordinator/s05/repair-01/dispatch-parent-result-01.json:34: trailing whitespace.
+  "newWriterCreated": false,
production/evidence/coordinator/s05/repair-01/dispatch-parent-result-01.json:35: trailing whitespace.
+  "servicesChanged": false,
production/evidence/coordinator/s05/repair-01/dispatch-parent-result-01.json:36: trailing whitespace.
+  "remoteWrites": false
production/evidence/coordinator/s05/repair-01/dispatch-parent-result-01.json:37: trailing whitespace.
+}
production/evidence/s05/review-01/independent-review/adversarial-01.log:1: trailing whitespace.
+(node:43552) ExperimentalWarning: Transform Types is an experimental feature and might change at any time
production/evidence/s05/review-01/independent-review/adversarial-01.log:2: trailing whitespace.
+(Use `node --trace-warnings ...` to show where the warning was created)
production/evidence/s05/review-01/independent-review/adversarial-01.log:3: trailing whitespace.
+{"probe":"cross-stage-uniform","status":"success","bindings":[{"stageId":"id-17","resourceId":"id-34","symbol":"u_grape_0","type":"glsl.float","defaultValue":0.25},{"stageId":"id-20","resourceId":"id-37","symbol":"u_grape_0","type":"glsl.float","defaultValue":0.75}],"diagnostics":[]}
production/evidence/s05/review-01/independent-review/adversarial-01.log:4: trailing whitespace.
+{"probe":"mixed-nesting","status":"success","helpers":1}
production/evidence/s05/review-01/independent-review/adversarial-01.ts:31: trailing whitespace.
+console.log(JSON.stringify({probe:'mixed-nesting',status:mixed.status,helpers:(mixed.artifacts.find(a=>a.key==='pixel')?.text.match(/void grape_function_/g)||[]).length}));
production/evidence/s05/review-01/independent-review/adversarial-browser-01.log:1: trailing whitespace.
+{"browser":"151.0.7922.34","platform":"win32","arch":"x64","node":"v25.5.0","probes":[{"name":"cross-stage-uniform-01","expected":{"activeUniformCount":2,"vertexPosition":[0.25,0.25,0.25,0.25],"pixelUniform":0.75},"actual":{"linked":true,"activeUniforms":[{"name":"u_grape_0","size":1,"type":5126}],"assigned":[{"resourceId":"id-34","symbol":"u_grape_0","value":0.25},{"resourceId":"id-37","symbol":"u_grape_0","value":0.75}],"observedBindings":[{"resourceId":"id-34","symbol":"u_grape_0","actual":0.75},{"resourceId":"id-37","symbol":"u_grape_0","actual":0.75}],"position":[0.75,0.75,0.75,0.75],"pixels":null,"error":0,"version":"WebGL 2.0 (OpenGL ES 3.0 Chromium)","renderer":"WebKit WebGL","unmaskedRenderer":"ANGLE (Google, Vulkan 1.3.0 (SwiftShader Device (Subzero) (0x0000C0DE)), SwiftShader driver)"}},{"name":"mixed-nesting-01","expected":{"pixels":[51,102,153,255]},"actual":{"linked":true,"activeUniforms":[],"assigned":[],"observedBindings":[],"position":null,"pixels":[51,102,153,255],"error":0,"version":"WebGL 2.0 (OpenGL ES 3.0 Chromium)","renderer":"WebKit WebGL","unmaskedRenderer":"ANGLE (Google, Vulkan 1.3.0 (SwiftShader Device (Subzero) (0x0000C0DE)), SwiftShader driver)"}}]}
production/evidence/s05/review-01/independent-review/adversarial-browser-01.mjs:29: trailing whitespace.
+}finally{await browser.close();}
production/evidence/s05/review-01/independent-review/archive-check-01.log:1: trailing whitespace.
+node:internal/modules/run_main:107
production/evidence/s05/review-01/independent-review/archive-check-01.log:2: trailing whitespace.
+    triggerUncaughtException(
production/evidence/s05/review-01/independent-review/archive-check-01.log:3: trailing whitespace.
+    ^
production/evidence/s05/review-01/independent-review/archive-check-01.log:4: trailing whitespace.
+
production/evidence/s05/review-01/independent-review/archive-check-01.log:5: trailing whitespace.
+locator.click: Timeout 30000ms exceeded.
production/evidence/s05/review-01/independent-review/archive-check-01.log:6: trailing whitespace.
+Call log:
production/evidence/s05/review-01/independent-review/archive-check-01.log:7: trailing whitespace.
+  - waiting for getByRole('button', { name: 'Generate GLSL', exact: true })
production/evidence/s05/review-01/independent-review/archive-check-01.log:8: trailing whitespace.
+    - locator resolved to <button>Generate GLSL</button>
production/evidence/s05/review-01/independent-review/archive-check-01.log:9: trailing whitespace.
+  - attempting click action
production/evidence/s05/review-01/independent-review/archive-check-01.log:10: trailing whitespace.
+    2 × waiting for element to be visible, enabled and stable
production/evidence/s05/review-01/independent-review/archive-check-01.log:11: trailing whitespace.
+      - element is visible, enabled and stable
production/evidence/s05/review-01/independent-review/archive-check-01.log:12: trailing whitespace.
+      - scrolling into view if needed
production/evidence/s05/review-01/independent-review/archive-check-01.log:13: trailing whitespace.
+      - done scrolling
production/evidence/s05/review-01/independent-review/archive-check-01.log:14: trailing whitespace.
+      - <dialog open="" id="open-dialog">…</dialog> intercepts pointer events
production/evidence/s05/review-01/independent-review/archive-check-01.log:15: trailing whitespace.
+    - retrying click action
production/evidence/s05/review-01/independent-review/archive-check-01.log:16: trailing whitespace.
+    - waiting 20ms
production/evidence/s05/review-01/independent-review/archive-check-01.log:17: trailing whitespace.
+    2 × waiting for element to be visible, enabled and stable
production/evidence/s05/review-01/independent-review/archive-check-01.log:18: trailing whitespace.
+      - element is visible, enabled and stable
production/evidence/s05/review-01/independent-review/archive-check-01.log:19: trailing whitespace.
+      - scrolling into view if needed
production/evidence/s05/review-01/independent-review/archive-check-01.log:20: trailing whitespace.
+      - done scrolling
production/evidence/s05/review-01/independent-review/archive-check-01.log:21: trailing whitespace.
+      - <dialog open="" id="open-dialog">…</dialog> intercepts pointer events
production/evidence/s05/review-01/independent-review/archive-check-01.log:22: trailing whitespace.
+    - retrying click action
production/evidence/s05/review-01/independent-review/archive-check-01.log:23: trailing whitespace.
+      - waiting 100ms
production/evidence/s05/review-01/independent-review/archive-check-01.log:24: trailing whitespace.
+    58 × waiting for element to be visible, enabled and stable
production/evidence/s05/review-01/independent-review/archive-check-01.log:25: trailing whitespace.
+       - element is visible, enabled and stable
production/evidence/s05/review-01/independent-review/archive-check-01.log:26: trailing whitespace.
+       - scrolling into view if needed
production/evidence/s05/review-01/independent-review/archive-check-01.log:27: trailing whitespace.
+       - done scrolling
production/evidence/s05/review-01/independent-review/archive-check-01.log:28: trailing whitespace.
+       - <dialog open="" id="open-dialog">…</dialog> intercepts pointer events
production/evidence/s05/review-01/independent-review/archive-check-01.log:29: trailing whitespace.
+     - retrying click action
production/evidence/s05/review-01/independent-review/archive-check-01.log:30: trailing whitespace.
+       - waiting 500ms
production/evidence/s05/review-01/independent-review/archive-check-01.log:31: trailing whitespace.
+
production/evidence/s05/review-01/independent-review/archive-check-01.log:32: trailing whitespace.
+    at C:\Users\user\.codex\worktrees\s05-fresh-review-01\Grape\.verification\s05-fresh-review-01\archive-check-01.mjs:19:292 {
production/evidence/s05/review-01/independent-review/archive-check-01.log:33: trailing whitespace.
+  log: [
production/evidence/s05/review-01/independent-review/archive-check-01.log:34: trailing whitespace.
+    "  - waiting for getByRole('button', { name: 'Generate GLSL', exact: true })",
production/evidence/s05/review-01/independent-review/archive-check-01.log:35: trailing whitespace.
+    '    - locator resolved to <button>Generate GLSL</button>',
production/evidence/s05/review-01/independent-review/archive-check-01.log:36: trailing whitespace.
+    '  - attempting click action',
production/evidence/s05/review-01/independent-review/archive-check-01.log:37: trailing whitespace.
+    '    2 × waiting for element to be visible, enabled and stable',
production/evidence/s05/review-01/independent-review/archive-check-01.log:38: trailing whitespace.
+    '      - element is visible, enabled and stable',
production/evidence/s05/review-01/independent-review/archive-check-01.log:39: trailing whitespace.
+    '      - scrolling into view if needed',
production/evidence/s05/review-01/independent-review/archive-check-01.log:40: trailing whitespace.
+    '      - done scrolling',
production/evidence/s05/review-01/independent-review/archive-check-01.log:41: trailing whitespace.
+    '      - <dialog open="" id="open-dialog">…</dialog> intercepts pointer events',
production/evidence/s05/review-01/independent-review/archive-check-01.log:42: trailing whitespace.
+    '    - retrying click action',
production/evidence/s05/review-01/independent-review/archive-check-01.log:43: trailing whitespace.
+    '    - waiting 20ms',
production/evidence/s05/review-01/independent-review/archive-check-01.log:44: trailing whitespace.
+    '    2 × waiting for element to be visible, enabled and stable',
production/evidence/s05/review-01/independent-review/archive-check-01.log:45: trailing whitespace.
+    '      - element is visible, enabled and stable',
production/evidence/s05/review-01/independent-review/archive-check-01.log:46: trailing whitespace.
+    '      - scrolling into view if needed',
production/evidence/s05/review-01/independent-review/archive-check-01.log:47: trailing whitespace.
+    '      - done scrolling',
production/evidence/s05/review-01/independent-review/archive-check-01.log:48: trailing whitespace.
+    '      - <dialog open="" id="open-dialog">…</dialog> intercepts pointer events',
production/evidence/s05/review-01/independent-review/archive-check-01.log:49: trailing whitespace.
+    '    - retrying click action',
production/evidence/s05/review-01/independent-review/archive-check-01.log:50: trailing whitespace.
+    '      - waiting 100ms',
production/evidence/s05/review-01/independent-review/archive-check-01.log:51: trailing whitespace.
+    '    58 × waiting for element to be visible, enabled and stable',
production/evidence/s05/review-01/independent-review/archive-check-01.log:52: trailing whitespace.
+    '       - element is visible, enabled and stable',
production/evidence/s05/review-01/independent-review/archive-check-01.log:53: trailing whitespace.
+    '       - scrolling into view if needed',
production/evidence/s05/review-01/independent-review/archive-check-01.log:54: trailing whitespace.
+    '       - done scrolling',
production/evidence/s05/review-01/independent-review/archive-check-01.log:55: trailing whitespace.
+    '       - <dialog open="" id="open-dialog">…</dialog> intercepts pointer events',
production/evidence/s05/review-01/independent-review/archive-check-01.log:56: trailing whitespace.
+    '     - retrying click action',
production/evidence/s05/review-01/independent-review/archive-check-01.log:57: trailing whitespace.
+    '       - waiting 500ms'
production/evidence/s05/review-01/independent-review/archive-check-01.log:58: trailing whitespace.
+  ],
production/evidence/s05/review-01/independent-review/archive-check-01.log:59: trailing whitespace.
+  name: 'TimeoutError'
production/evidence/s05/review-01/independent-review/archive-check-01.log:60: trailing whitespace.
+}
production/evidence/s05/review-01/independent-review/archive-check-01.log:61: trailing whitespace.
+
production/evidence/s05/review-01/independent-review/archive-check-01.log:62: trailing whitespace.
+Node.js v25.5.0
production/evidence/s05/review-01/independent-review/archive-check-01.mjs:24: trailing whitespace.
+const result={status:'PASS_ARCHIVE_SMOKE_ONLY',implementationI:manifest.implementationI,buildManifestSha256:hash(fs.readFileSync(source+'/build-manifest-01.json')),archive:manifest.archive,browser:'Chromium151.0.7922.34',verified,sameMachine:true,secondDevice:false,isolatedContexts:true,listenersClosed:true,humanPortsUntouched:[4174,4192],rows};fs.writeFileSync(output+'/result.json',JSON.stringify(result,null,2));console.log(JSON.stringify(result));
production/evidence/s05/review-01/independent-review/archive-check-02.log:1: trailing whitespace.
+node:internal/modules/run_main:107
production/evidence/s05/review-01/independent-review/archive-check-02.log:2: trailing whitespace.
+    triggerUncaughtException(
production/evidence/s05/review-01/independent-review/archive-check-02.log:3: trailing whitespace.
+    ^
production/evidence/s05/review-01/independent-review/archive-check-02.log:4: trailing whitespace.
+
production/evidence/s05/review-01/independent-review/archive-check-02.log:5: trailing whitespace.
+locator.click: Timeout 30000ms exceeded.
production/evidence/s05/review-01/independent-review/archive-check-02.log:6: trailing whitespace.
+Call log:
production/evidence/s05/review-01/independent-review/archive-check-02.log:7: trailing whitespace.
+  - waiting for getByRole('button', { name: 'Open in new session', exact: true })
production/evidence/s05/review-01/independent-review/archive-check-02.log:8: trailing whitespace.
+
production/evidence/s05/review-01/independent-review/archive-check-02.log:9: trailing whitespace.
+    at C:\Users\user\.codex\worktrees\s05-fresh-review-01\Grape\.verification\s05-fresh-review-01\archive-check-02.mjs:19:298 {
production/evidence/s05/review-01/independent-review/archive-check-02.log:10: trailing whitespace.
+  log: [
production/evidence/s05/review-01/independent-review/archive-check-02.log:11: trailing whitespace.
+    "  - waiting for getByRole('button', { name: 'Open in new session', exact: true })"
production/evidence/s05/review-01/independent-review/archive-check-02.log:12: trailing whitespace.
+  ],
production/evidence/s05/review-01/independent-review/archive-check-02.log:13: trailing whitespace.
+  name: 'TimeoutError'
production/evidence/s05/review-01/independent-review/archive-check-02.log:14: trailing whitespace.
+}
production/evidence/s05/review-01/independent-review/archive-check-02.log:15: trailing whitespace.
+
production/evidence/s05/review-01/independent-review/archive-check-02.log:16: trailing whitespace.
+Node.js v25.5.0
production/evidence/s05/review-01/independent-review/archive-check-02.mjs:24: trailing whitespace.
+const result={status:'PASS_ARCHIVE_SMOKE_ONLY',implementationI:manifest.implementationI,buildManifestSha256:hash(fs.readFileSync(source+'/build-manifest-01.json')),archive:manifest.archive,browser:'Chromium151.0.7922.34',verified,sameMachine:true,secondDevice:false,isolatedContexts:true,listenersClosed:true,humanPortsUntouched:[4174,4192],rows};fs.writeFileSync(output+'/result.json',JSON.stringify(result,null,2));console.log(JSON.stringify(result));
production/evidence/s05/review-01/independent-review/archive-check-02.mjs:25: trailing whitespace.
+
production/evidence/s05/review-01/independent-review/archive-check-02.mjs:25: new blank line at EOF.
production/evidence/s05/review-01/independent-review/archive-check-03.log:1: trailing whitespace.
+{"status":"PASS_ARCHIVE_SMOKE_ONLY","implementationI":"a5033d0b6a223250337fd1a2eeb98b2fd1f9e145","buildManifestSha256":"ebaa5278152b5af976f7fe2110001e0575a33e63d7330518fa1bb86546dd10d0","archive":{"file":"production/evidence/s05/submission-01/candidate-web-01.tar.gz","sha256":"e13d9599097626240e0e989fe907031d5993fbae2bc4023dd058d00933eda707","bytes":70847},"browser":"Chromium151.0.7922.34","verified":[{"file":"assets/index-BdaXQCVs.css","archivedAndRebuiltSha256":"1d376bbcfc7bb380c274ad19bd00d2a96e14bc7b38c257077867978d9906599f"},{"file":"assets/index-DpPI1U-J.js","archivedAndRebuiltSha256":"b388400a3a4c812492590c4936b31d0a6d1ab140c400cfbc9b088fed59aa4072"},{"file":"index.html","archivedAndRebuiltSha256":"7c1f4d0027eee0bbc40f3f16f316fc7e207f79619e2535c28448907dd1a3b677"}],"sameMachine":true,"secondDevice":false,"isolatedContexts":true,"listenersClosed":true,"humanPortsUntouched":[4174,4192],"rows":[{"address":"127.0.0.1","url":"http://127.0.0.1:54537","secure":true,"subtle":"object","uuid":"function","entropy":"function","loadedSample":true,"functionGeneration":true,"interfaceIdentityOperation":true,"personalImportInsert":true,"saveReloadGeneration":true,"servedAssetHashesMatched":true,"pageErrors":[]},{"address":"192.168.1.105","url":"http://192.168.1.105:60732","secure":false,"subtle":"undefined","uuid":"undefined","entropy":"function","loadedSample":true,"functionGeneration":true,"interfaceIdentityOperation":true,"personalImportInsert":true,"saveReloadGeneration":true,"servedAssetHashesMatched":true,"pageErrors":[]},{"address":"100.83.88.97","url":"http://100.83.88.97:53364","secure":false,"subtle":"undefined","uuid":"undefined","entropy":"function","loadedSample":true,"functionGeneration":true,"interfaceIdentityOperation":true,"personalImportInsert":true,"saveReloadGeneration":true,"servedAssetHashesMatched":true,"pageErrors":[]}]}
production/evidence/s05/review-01/independent-review/archive-check-03.mjs:24: trailing whitespace.
+const result={status:'PASS_ARCHIVE_SMOKE_ONLY',implementationI:manifest.implementationI,buildManifestSha256:hash(fs.readFileSync(source+'/build-manifest-01.json')),archive:manifest.archive,browser:'Chromium151.0.7922.34',verified,sameMachine:true,secondDevice:false,isolatedContexts:true,listenersClosed:true,humanPortsUntouched:[4174,4192],rows};fs.writeFileSync(output+'/result.json',JSON.stringify(result,null,2));console.log(JSON.stringify(result));
production/evidence/s05/review-01/independent-review/archive-check-03.mjs:25: trailing whitespace.
+
production/evidence/s05/review-01/independent-review/archive-check-03.mjs:25: new blank line at EOF.
production/evidence/s05/review-01/independent-review/browser-01/execution.json:1: trailing whitespace.
+{
production/evidence/s05/review-01/independent-review/browser-01/execution.json:2: trailing whitespace.
+  "command": "node node_modules/@playwright/test/cli.js test --config tools/s05-playwright.config.ts --output browser-01/test-results",
production/evidence/s05/review-01/independent-review/browser-01/execution.json:3: trailing whitespace.
+  "start": "2026-10-04T00:22:57.4826096Z",
production/evidence/s05/review-01/independent-review/browser-01/execution.json:4: trailing whitespace.
+  "end": "2026-10-04T00:24:04.6061440Z",
production/evidence/s05/review-01/independent-review/browser-01/execution.json:5: trailing whitespace.
+  "exitCode": 0,
production/evidence/s05/review-01/independent-review/browser-01/execution.json:6: trailing whitespace.
+  "evidenceDir": "C:\\Users\\user\\.codex\\worktrees\\s05-fresh-review-01\\Grape\\.verification\\s05-fresh-review-01\\browser-01"
production/evidence/s05/review-01/independent-review/browser-01/execution.json:7: trailing whitespace.
+}
production/evidence/s05/review-01/independent-review/browser-01/runner.log:1: trailing whitespace.
+[WebServer] (node:49376) Warning: The 'NO_COLOR' env is ignored due to the 'FORCE_COLOR' env being set.
production/evidence/s05/review-01/independent-review/browser-01/runner.log:2: trailing whitespace.
+[WebServer] (Use `node --trace-warnings ...` to show where the warning was created)
production/evidence/s05/review-01/independent-review/browser-01/runner.log:3: trailing whitespace.
+
production/evidence/s05/review-01/independent-review/browser-01/runner.log:4: trailing whitespace.
+Running 62 tests using 1 worker
production/evidence/s05/review-01/independent-review/browser-01/runner.log:5: trailing whitespace.
+
production/evidence/s05/review-01/independent-review/browser-01/runner.log:6: trailing whitespace.
+(node:53400) Warning: The 'NO_COLOR' env is ignored due to the 'FORCE_COLOR' env being set.
production/evidence/s05/review-01/independent-review/browser-01/runner.log:7: trailing whitespace.
+(Use `node --trace-warnings ...` to show where the warning was created)
production/evidence/s05/review-01/independent-review/browser-01/runner.log:8: trailing whitespace.
+  ok  1 [chromium] › tests\browser\s01.spec.ts:30:1 › AT-S01-01 browser: user creates connected shader, edits and sees generated GLSL (1.0s)
production/evidence/s05/review-01/independent-review/browser-01/runner.log:9: trailing whitespace.
+  ok  2 [chromium] › tests\browser\s01.spec.ts:56:1 › AT-S01-03 browser: dynamic shape errors are visible, Undo restores and Redo repeats (1.1s)
production/evidence/s05/review-01/independent-review/browser-01/runner.log:10: trailing whitespace.
+  ok  3 [chromium] › tests\browser\s01.spec.ts:85:1 › AT-S01-05 browser: IndexedDB ACK save/reopen and independent JSON download/file open (1.2s)
production/evidence/s05/review-01/independent-review/browser-01/runner.log:11: trailing whitespace.
+  ok  4 [chromium] › tests\browser\s01.spec.ts:117:1 › AT-S01-02 browser: occupied and incompatible connections preserve wires and revision (932ms)
production/evidence/s05/review-01/independent-review/browser-01/runner.log:12: trailing whitespace.
+  ok  5 [chromium] › tests\browser\s01.spec.ts:142:1 › AT-S01-04 browser: draft cancel, IME guard, keyboard commit, pointer gesture Undo and cancel (707ms)
production/evidence/s05/review-01/independent-review/browser-01/runner.log:13: trailing whitespace.
+  ok  6 [chromium] › tests\browser\s01.spec.ts:184:1 › AT-S01-06 browser: two Canvas contexts keep independent selections and camera while sharing edits (777ms)
production/evidence/s05/review-01/independent-review/browser-01/runner.log:14: trailing whitespace.
+  ok  7 [chromium] › tests\browser\s01.spec.ts:243:1 › AT-S01-07 browser: delayed storage completion cannot clear a newer edit; rejection and export preserve dirty (497ms)
production/evidence/s05/review-01/independent-review/browser-01/runner.log:15: trailing whitespace.
+  ok  8 [chromium] › tests\browser\s01.spec.ts:291:1 › recovery browser: future structural document stays read-only and original can be exported (382ms)
production/evidence/s05/review-01/independent-review/browser-01/runner.log:16: trailing whitespace.
+  ok  9 [chromium] › tests\browser\s01.spec.ts:318:1 › readonly browser: fields, actions and keyboard cannot edit; unlocking restores the same value (422ms)
production/evidence/s05/review-01/independent-review/browser-01/runner.log:17: trailing whitespace.
+  ok 10 [chromium] › tests\browser\s01.spec.ts:340:1 › diagnostics locate the affected node through the active Context without adding History (845ms)
production/evidence/s05/review-01/independent-review/browser-01/runner.log:18: trailing whitespace.
+  ok 11 [chromium] › tests\browser\s01.spec.ts:364:1 › invalid UTF-8 recovery retains original bytes; closing recovery and cancelling open preserve the graph (474ms)
production/evidence/s05/review-01/independent-review/browser-01/runner.log:19: trailing whitespace.
+  ok 12 [chromium] › tests\browser\s01.spec.ts:390:1 › view failure shows shared retry placeholder and releases the failed mount (395ms)
production/evidence/s05/review-01/independent-review/browser-01/runner.log:20: trailing whitespace.
+  ok 13 [chromium] › tests\browser\s01.spec.ts:424:1 › keyboard node selection and connection buttons preserve focus; wires meet sockets after fractional zoom (846ms)
production/evidence/s05/review-01/independent-review/browser-01/runner.log:21: trailing whitespace.
+  ok 14 [chromium] › tests\browser\s01.spec.ts:458:1 › error-bearing dynamic document saves and reopens with loss evidence and generation still blocked (1.2s)
production/evidence/s05/review-01/independent-review/browser-01/runner.log:22: trailing whitespace.
+  ok 15 [chromium] › tests\browser\s01.spec.ts:499:3 › M1 browser: Float 1e21 commits and generates a valid exponent literal (896ms)
production/evidence/s05/review-01/independent-review/browser-01/runner.log:23: trailing whitespace.
+  ok 16 [chromium] › tests\browser\s01.spec.ts:499:3 › M1 browser: Multiply 1e21 commits and generates a valid exponent literal (911ms)
production/evidence/s05/review-01/independent-review/browser-01/runner.log:24: trailing whitespace.
+  ok 17 [chromium] › tests\browser\s01.spec.ts:534:1 › N1 browser: middle/right movement cannot edit nodes; primary drag still groups into one Undo (777ms)
production/evidence/s05/review-01/independent-review/browser-01/runner.log:25: trailing whitespace.
+  ok 18 [chromium] › tests\browser\s02.spec.ts:25:1 › AT-S02-01 browser: review/cancel, repair proposal and explicit one-Undo atomic acceptance (1.0s)
production/evidence/s05/review-01/independent-review/browser-01/runner.log:26: trailing whitespace.
+  ok 19 [chromium] › tests\browser\s02.spec.ts:79:1 › AT-S02-01 browser: readonly and intervening edit fence publication (444ms)
production/evidence/s05/review-01/independent-review/browser-01/runner.log:27: trailing whitespace.
+  ok 20 [chromium] › tests\browser\s02.spec.ts:100:1 › AT-S02-01 browser: duplicate IDs, unknown structure and future input never expose acceptance (676ms)
production/evidence/s05/review-01/independent-review/browser-01/runner.log:28: trailing whitespace.
+  ok 21 [chromium] › tests\browser\s02.spec.ts:125:1 › AT-S02-02 browser: explicit missing-module load, move/rename, save/reopen preserve opaque state and block generation (897ms)
production/evidence/s05/review-01/independent-review/browser-01/runner.log:29: trailing whitespace.
+  ok 22 [chromium] › tests\browser\s02.spec.ts:179:1 › AT-S02-03 boundary browser: unmapped legacy remains explicit with provenance and original export (363ms)
production/evidence/s05/review-01/independent-review/browser-01/runner.log:30: trailing whitespace.
+  ok 23 [chromium] › tests\browser\s02.spec.ts:202:1 › AT-S02-04 browser: real Canvas PNG preview/export/reimport, malformed CRC and missing metadata (976ms)
production/evidence/s05/review-01/independent-review/browser-01/runner.log:31: trailing whitespace.
+  ok 24 [chromium] › tests\browser\s02.spec.ts:257:1 › AT-S02-01 browser: cancel during delayed file read fences the late review (1.2s)
production/evidence/s05/review-01/independent-review/browser-01/runner.log:32: trailing whitespace.
+  ok 25 [chromium] › tests\browser\s02.spec.ts:281:1 › M1 browser: boundary missing-module rename rejects save, retains prior ACK, then saves and reopens without opaque loss (1.1s)
production/evidence/s05/review-01/independent-review/browser-01/runner.log:33: trailing whitespace.
+  ok 26 [chromium] › tests\browser\s03-repair.spec.ts:12:1 › S03 FR01 real WebGL2 compiles supported Structure arrays and ES300 explicitly rejects admitted nested arrays (141ms)
production/evidence/s05/review-01/independent-review/browser-01/runner.log:34: trailing whitespace.
+  ok 27 [chromium] › tests\browser\s03-repair.spec.ts:101:1 › S03 EG01 browser clipboard imports TOP declarations with one slot and shows atomic native path rejection (1.1s)
production/evidence/s05/review-01/independent-review/browser-01/runner.log:35: trailing whitespace.
+  ok 28 [chromium] › tests\browser\s03-repair2.spec.ts:10:3 › S03 EG01 round2 browser rejects inline glsl.float array cross-Graph and retains Redo (741ms)
production/evidence/s05/review-01/independent-review/browser-01/runner.log:36: trailing whitespace.
+  ok 29 [chromium] › tests\browser\s03-repair2.spec.ts:10:3 › S03 EG01 round2 browser rejects inline glsl.vec2 array cross-Graph and retains Redo (730ms)
production/evidence/s05/review-01/independent-review/browser-01/runner.log:37: trailing whitespace.
+  ok 30 [chromium] › tests\browser\s03.spec.ts:50:1 › AT-S03-01/02 real nested Canvas, Inspector, interface reorder/remove and Undo (1.4s)
production/evidence/s05/review-01/independent-review/browser-01/runner.log:38: trailing whitespace.
+  ok 31 [chromium] › tests\browser\s03.spec.ts:101:1 › AT-S03-03 browser clipboard success, injected late rejection and Unicode text preserved (1.1s)
production/evidence/s05/review-01/independent-review/browser-01/runner.log:39: trailing whitespace.
+  ok 32 [chromium] › tests\browser\s03.spec.ts:149:1 › AT-S03-04 nested IME/cancel/focus and navigation cleanup use the real Inspector (577ms)
production/evidence/s05/review-01/independent-review/browser-01/runner.log:40: trailing whitespace.
+  ok 33 [chromium] › tests\browser\s03.spec.ts:190:1 › S03 structure authoring draft cancel, reorder and stale confirmation (447ms)
production/evidence/s05/review-01/independent-review/browser-01/runner.log:41: trailing whitespace.
+  ok 34 [chromium] › tests\browser\s03.spec.ts:226:1 › AT-S03-01 two Canvas occurrences share parameters and keep independent navigation (1.7s)
production/evidence/s05/review-01/independent-review/browser-01/runner.log:42: trailing whitespace.
+  ok 35 [chromium] › tests\browser\s03.spec.ts:292:1 › AT-S03-01/04 real library first edit, position-only layout, spare output and nested deletion (726ms)
production/evidence/s05/review-01/independent-review/browser-01/runner.log:43: trailing whitespace.
+  ok 36 [chromium] › tests\browser\s03.spec.ts:359:3 › G-LU-DATA-004 browser local clipboard UTF-8 budget x (1.1s)
production/evidence/s05/review-01/independent-review/browser-01/runner.log:44: trailing whitespace.
+  ok 37 [chromium] › tests\browser\s03.spec.ts:359:3 › G-LU-DATA-004 browser local clipboard UTF-8 budget 中 (1.1s)
production/evidence/s05/review-01/independent-review/browser-01/runner.log:45: trailing whitespace.
+  ok 38 [chromium] › tests\browser\s03.spec.ts:359:3 › G-LU-DATA-004 browser local clipboard UTF-8 budget 🍇 (1.2s)
production/evidence/s05/review-01/independent-review/browser-01/runner.log:46: trailing whitespace.
+  ok 39 [chromium] › tests\browser\s03.spec.ts:404:1 › AT-S03-04 nested Inspector field removal cancels a focused draft and Undo mounts fresh controls (778ms)
production/evidence/s05/review-01/independent-review/browser-01/runner.log:47: trailing whitespace.
+  ok 40 [chromium] › tests\browser\s03.spec.ts:451:1 › AT-S03-03 visible frames move with encapsulation and Undo (991ms)
production/evidence/s05/review-01/independent-review/browser-01/runner.log:48: trailing whitespace.
+  ok 41 [chromium] › tests\browser\s03.spec.ts:481:1 › S03 Make independent and nested interface removal preserve other callers and Undo (1.7s)
production/evidence/s05/review-01/independent-review/browser-01/runner.log:49: trailing whitespace.
+  ok 42 [chromium] › tests\browser\s03.spec.ts:534:1 › S03 Structure Help is read-only and composite defaults and Escape retain saved values (1.1s)
production/evidence/s05/review-01/independent-review/browser-01/runner.log:50: trailing whitespace.
+  ok 43 [chromium] › tests\browser\s03.spec.ts:602:1 › G-LU-DATA-001 browser bad edge, capacity, stage and source rejection rolls back the complete transaction (1.6s)
production/evidence/s05/review-01/independent-review/browser-01/runner.log:51: trailing whitespace.
+  ok 44 [chromium] › tests\browser\s03.spec.ts:672:1 › S03 shared name and matrix defaults update both callers with one Undo (1.3s)
production/evidence/s05/review-01/independent-review/browser-01/runner.log:52: trailing whitespace.
+  ok 45 [chromium] › tests\browser\s03.spec.ts:730:1 › S03 clickable breadcrumbs discard stale interface drafts and selected ports (510ms)
production/evidence/s05/review-01/independent-review/browser-01/runner.log:53: trailing whitespace.
+  ok 46 [chromium] › tests\browser\s03.spec.ts:763:1 › S03 direction-specific Add16 controls preserve draft and allow output creation (1.1s)
production/evidence/s05/review-01/independent-review/browser-01/runner.log:54: trailing whitespace.
+  ok 47 [chromium] › tests\browser\s03.spec.ts:800:1 › S03 Structure description and fixed array controls keep field identity across cancel/reorder (807ms)
production/evidence/s05/review-01/independent-review/browser-01/runner.log:55: trailing whitespace.
+  ok 48 [chromium] › tests\browser\s03.spec.ts:859:1 › S03 browser cross-Graph paste imports independent closure and Undo removes it (1.7s)
production/evidence/s05/review-01/independent-review/browser-01/runner.log:56: trailing whitespace.
+  ok 49 [chromium] › tests\browser\s04.spec.ts:4:1 › S04 DEC002 all sixteen conversions execute on WebGL2 with correct components (236ms)
production/evidence/s05/review-01/independent-review/browser-01/runner.log:57: trailing whitespace.
+  ok 50 [chromium] › tests\browser\s04.spec.ts:86:1 › S04 DEC004 actual Personal literal source input nested shaders compile after export import reopen (518ms)
production/evidence/s05/review-01/independent-review/browser-01/runner.log:58: trailing whitespace.
+  ok 51 [chromium] › tests\browser\s04.spec.ts:213:1 › S04 actual IndexedDB collision concurrency relist quotas and failure isolation (266ms)
production/evidence/s05/review-01/independent-review/browser-01/runner.log:59: trailing whitespace.
+  ok 52 [chromium] › tests\browser\s04.spec.ts:307:1 › S04 DEC002 actual Canvas four shapes to current ImageOutput and edge identity Undo Redo (2.3s)
production/evidence/s05/review-01/independent-review/browser-01/runner.log:60: trailing whitespace.
+  ok 53 [chromium] › tests\browser\s04.spec.ts:357:1 › S04 actual Personal UI saves relists imports downloads and inserts independent Graph snapshots (1.6s)
production/evidence/s05/review-01/independent-review/browser-01/runner.log:61: trailing whitespace.
+  ok 54 [chromium] › tests\browser\s04.spec.ts:450:1 › S04 DEC004 browser hash-valid missing dependency scope cycle and module candidates reject atomically (280ms)
production/evidence/s05/review-01/independent-review/browser-01/runner.log:62: trailing whitespace.
+  ok 55 [chromium] › tests\browser\s05.spec.ts:22:1 › S05 AT04 AT05 real mode command reports precise loss and Undo restores entire graph; rejected activation leaves UI and history unchanged (1.3s)
production/evidence/s05/review-01/independent-review/browser-01/runner.log:63: trailing whitespace.
+  ok 56 [chromium] › tests\browser\s05.spec.ts:95:1 › S05 AT07 legacy mode UI requires explicit owner upgrade preserving original data (623ms)
production/evidence/s05/review-01/independent-review/browser-01/runner.log:64: trailing whitespace.
+  ok 57 [chromium] › tests\browser\s05.spec.ts:134:1 › S05 AT03 AT08 WebGL2 fixed shape nominal effects unconsumed nested effects and independent stage helpers (329ms)
production/evidence/s05/review-01/independent-review/browser-01/runner.log:65: trailing whitespace.
+  ok 58 [chromium] › tests\browser\s05.spec.ts:198:1 › S05 AT02 AT03 real WebGL2 distinct shared and nested caller values and Uniform parameters (226ms)
production/evidence/s05/review-01/independent-review/browser-01/runner.log:66: trailing whitespace.
+  ok 59 [chromium] › tests\browser\s05.spec.ts:283:1 › S05 mode UI persists shared choice and Make independent and Undo through real commands (1.0s)
production/evidence/s05/review-01/independent-review/browser-01/runner.log:67: trailing whitespace.
+  ok 60 [chromium] › tests\browser\s05.spec.ts:332:3 › S05 served HTTP 127.0.0.1 boots with secure IDs and exact Personal digest (1.4s)
production/evidence/s05/review-01/independent-review/browser-01/runner.log:68: trailing whitespace.
+  ok 61 [chromium] › tests\browser\s05.spec.ts:332:3 › S05 served HTTP 192.168.1.105 boots with secure IDs and exact Personal digest (8.6s)
production/evidence/s05/review-01/independent-review/browser-01/runner.log:69: trailing whitespace.
+  ok 62 [chromium] › tests\browser\s05.spec.ts:332:3 › S05 served HTTP 100.83.88.97 boots with secure IDs and exact Personal digest (1.4s)
production/evidence/s05/review-01/independent-review/browser-01/runner.log:70: trailing whitespace.
+
production/evidence/s05/review-01/independent-review/browser-01/runner.log:71: trailing whitespace.
+  62 passed (1.1m)
production/evidence/s05/review-01/independent-review/diff-check-raw-01.log:2: trailing whitespace.
++{
production/evidence/s05/review-01/independent-review/diff-check-raw-01.log:4: trailing whitespace.
++  "packetVersion": 1,
production/evidence/s05/review-01/independent-review/diff-check-raw-01.log:6: trailing whitespace.
++  "packetType": "PARENT_DISPATCH_INTENT",
production/evidence/s05/review-01/independent-review/diff-check-raw-01.log:8: trailing whitespace.
++  "recordedAt": "2026-10-03T23:34:49.5052278Z",
production/evidence/s05/review-01/independent-review/diff-check-raw-01.log:10: trailing whitespace.
++  "actionKey": "yeataro/Grape:S05:activation-and-early-function:6aa6abb:20261004-01",
production/evidence/s05/review-01/independent-review/diff-check-raw-01.log:12: trailing whitespace.
++  "attempt": 2,
production/evidence/s05/review-01/independent-review/diff-check-raw-01.log:14: trailing whitespace.
++  "retriesUsed": 1,
production/evidence/s05/review-01/independent-review/diff-check-raw-01.log:16: trailing whitespace.
++  "priorAttemptDisposition": "dispatch-reconciliation-01.json records child was not launched",
production/evidence/s05/review-01/independent-review/diff-check-raw-01.log:18: trailing whitespace.
++  "transport": "collaboration.followup_task",
production/evidence/s05/review-01/independent-review/diff-check-raw-01.log:20: trailing whitespace.
++  "targetAgent": "/root/s03_implementer_resume",
production/evidence/s05/review-01/independent-review/diff-check-raw-01.log:22: trailing whitespace.
++  "targetThreadId": "01a0fd8c-081e-7492-8f59-55159462e301",
production/evidence/s05/review-01/independent-review/diff-check-raw-01.log:24: trailing whitespace.
++  "targetDisplayTitle": "Grape S05 實作與維護",
production/evidence/s05/review-01/independent-review/diff-check-raw-01.log:26: trailing whitespace.
++  "priorChildStatus": "idle / completed STOP_WRITING observed via read_thread and collaboration.list_agents",
production/evidence/s05/review-01/independent-review/diff-check-raw-01.log:28: trailing whitespace.
++  "packetFile": "production/evidence/coordinator/s05/activation-20261004-01/implementer-packet-01.json",
production/evidence/s05/review-01/independent-review/diff-check-raw-01.log:30: trailing whitespace.
++  "packetSha256": "d13fdbf3979ee057d87e36e5ca5572bca40a80daf16dd6c9bb363ed289c8439c",
production/evidence/s05/review-01/independent-review/diff-check-raw-01.log:32: trailing whitespace.
++  "directHumanSource": {
production/evidence/s05/review-01/independent-review/diff-check-raw-01.log:34: trailing whitespace.
++    "quote": "好，明確授權你啟動S05，現在開始。然後按照之前公告的規則，沒事不要來煩我，然後要煩我之前準備好實機測試跟連結。",
production/evidence/s05/review-01/independent-review/diff-check-raw-01.log:36: trailing whitespace.
++    "verifiedThisTurn": true,
production/evidence/s05/review-01/independent-review/diff-check-raw-01.log:38: trailing whitespace.
++    "threadId": "01a10301-6199-7533-af8d-cf3d348c0990",
production/evidence/s05/review-01/independent-review/diff-check-raw-01.log:40: trailing whitespace.
++    "messageId": "01a10415-459d-72a2-b943-d130cbfeb35a"
production/evidence/s05/review-01/independent-review/diff-check-raw-01.log:42: trailing whitespace.
++  },
production/evidence/s05/review-01/independent-review/diff-check-raw-01.log:44: trailing whitespace.
++  "acceptedMain": "6aa6abbdc46d55753111d5ef5ca9899870a8805a",
production/evidence/s05/review-01/independent-review/diff-check-raw-01.log:46: trailing whitespace.
++  "localHead": "6aa6abbdc46d55753111d5ef5ca9899870a8805a",
production/evidence/s05/review-01/independent-review/diff-check-raw-01.log:48: trailing whitespace.
++  "localMain": "6aa6abbdc46d55753111d5ef5ca9899870a8805a",
production/evidence/s05/review-01/independent-review/diff-check-raw-01.log:50: trailing whitespace.
++  "localWork": "6aa6abbdc46d55753111d5ef5ca9899870a8805a",
production/evidence/s05/review-01/independent-review/diff-check-raw-01.log:52: trailing whitespace.
++  "remoteMain": "6aa6abbdc46d55753111d5ef5ca9899870a8805a",
production/evidence/s05/review-01/independent-review/diff-check-raw-01.log:54: trailing whitespace.
++  "remoteWork": "6aa6abbdc46d55753111d5ef5ca9899870a8805a",
production/evidence/s05/review-01/independent-review/diff-check-raw-01.log:56: trailing whitespace.
++  "remoteVerification": "Live GitHub GET refs this turn",
production/evidence/s05/review-01/independent-review/diff-check-raw-01.log:58: trailing whitespace.
++  "requiredInputHashesMatched": 9,
production/evidence/s05/review-01/independent-review/diff-check-raw-01.log:60: trailing whitespace.
++  "policyRevision": "0826de5a9cca7cf200d843435985a7dc624634a2",
production/evidence/s05/review-01/independent-review/diff-check-raw-01.log:62: trailing whitespace.
++  "stateSha256": "6c38e70621112cf10bd8379e1a09a31357f879c97c0c99fe1999c591ef4a7bf5",
production/evidence/s05/review-01/independent-review/diff-check-raw-01.log:64: trailing whitespace.
++  "parentScope": "Dispatch and append-only routing receipts only; no product or state writes",
production/evidence/s05/review-01/independent-review/diff-check-raw-01.log:66: trailing whitespace.
++  "constraints": [
production/evidence/s05/review-01/independent-review/diff-check-raw-01.log:68: trailing whitespace.
++    "same original writer",
production/evidence/s05/review-01/independent-review/diff-check-raw-01.log:70: trailing whitespace.
++    "no references staging",
production/evidence/s05/review-01/independent-review/diff-check-raw-01.log:72: trailing whitespace.
++    "handoff immutable",
production/evidence/s05/review-01/independent-review/diff-check-raw-01.log:74: trailing whitespace.
++    "fresh explicit S05 browser evidence paths",
production/evidence/s05/review-01/independent-review/diff-check-raw-01.log:76: trailing whitespace.
++    "no push/merge",
production/evidence/s05/review-01/independent-review/diff-check-raw-01.log:78: trailing whitespace.
++    "no preview restart in this dispatch"
production/evidence/s05/review-01/independent-review/diff-check-raw-01.log:80: trailing whitespace.
++  ]
production/evidence/s05/review-01/independent-review/diff-check-raw-01.log:82: trailing whitespace.
++}
production/evidence/s05/review-01/independent-review/diff-check-raw-01.log:84: trailing whitespace.
++{
production/evidence/s05/review-01/independent-review/diff-check-raw-01.log:86: trailing whitespace.
++  "packetVersion": 1,
production/evidence/s05/review-01/independent-review/diff-check-raw-01.log:88: trailing whitespace.
++  "packetType": "PARENT_DISPATCH_RESULT",
production/evidence/s05/review-01/independent-review/diff-check-raw-01.log:90: trailing whitespace.
++  "recordedAt": "2026-10-03T23:35:24.4824730Z",
production/evidence/s05/review-01/independent-review/diff-check-raw-01.log:92: trailing whitespace.
++  "actionKey": "yeataro/Grape:S05:activation-and-early-function:6aa6abb:20261004-01",
production/evidence/s05/review-01/independent-review/diff-check-raw-01.log:94: trailing whitespace.
++  "attempt": 2,
production/evidence/s05/review-01/independent-review/diff-check-raw-01.log:96: trailing whitespace.
++  "retriesUsed": 1,
production/evidence/s05/review-01/independent-review/diff-check-raw-01.log:98: trailing whitespace.
++  "intentRef": {
production/evidence/s05/review-01/independent-review/diff-check-raw-01.log:100: trailing whitespace.
++    "sha256": "a328a6ca82f11f0f7bd0671aea81f3af5791aaa536ae029375acb5c7661c355d",
production/evidence/s05/review-01/independent-review/diff-check-raw-01.log:102: trailing whitespace.
++    "file": "production/evidence/coordinator/s05/activation-20261004-01/dispatch-parent-intent-02.json"
production/evidence/s05/review-01/independent-review/diff-check-raw-01.log:104: trailing whitespace.
++  },
production/evidence/s05/review-01/independent-review/diff-check-raw-01.log:106: trailing whitespace.
++  "transport": "collaboration.followup_task",
production/evidence/s05/review-01/independent-review/diff-check-raw-01.log:108: trailing whitespace.
++  "targetAgent": "/root/s03_implementer_resume",
production/evidence/s05/review-01/independent-review/diff-check-raw-01.log:110: trailing whitespace.
++  "targetThreadId": "01a0fd8c-081e-7492-8f59-55159462e301",
production/evidence/s05/review-01/independent-review/diff-check-raw-01.log:112: trailing whitespace.
++  "targetDisplayTitle": "Grape S05 實作與維護",
production/evidence/s05/review-01/independent-review/diff-check-raw-01.log:114: trailing whitespace.
++  "packetId": "S05-IMPLEMENTER-01",
production/evidence/s05/review-01/independent-review/diff-check-raw-01.log:116: trailing whitespace.
++  "packetSha256": "d13fdbf3979ee057d87e36e5ca5572bca40a80daf16dd6c9bb363ed289c8439c",
production/evidence/s05/review-01/independent-review/diff-check-raw-01.log:118: trailing whitespace.
++  "callOutcome": "Returned without error and without text payload",
production/evidence/s05/review-01/independent-review/diff-check-raw-01.log:120: trailing whitespace.
++  "subsequentObservation": {
production/evidence/s05/review-01/independent-review/diff-check-raw-01.log:122: trailing whitespace.
++    "agentStatus": "running",
production/evidence/s05/review-01/independent-review/diff-check-raw-01.log:124: trailing whitespace.
++    "tool": "collaboration.list_agents",
production/evidence/s05/review-01/independent-review/diff-check-raw-01.log:126: trailing whitespace.
++    "sameOriginalAgent": true
production/evidence/s05/review-01/independent-review/diff-check-raw-01.log:128: trailing whitespace.
++  },
production/evidence/s05/review-01/independent-review/diff-check-raw-01.log:130: trailing whitespace.
++  "status": "DISPATCHED_RUNNING",
production/evidence/s05/review-01/independent-review/diff-check-raw-01.log:132: trailing whitespace.
++  "activationRegistered": "Not yet asserted; designated writer performs guards and registration",
production/evidence/s05/review-01/independent-review/diff-check-raw-01.log:134: trailing whitespace.
++  "technicalDelivery": "Not yet delivered",
production/evidence/s05/review-01/independent-review/diff-check-raw-01.log:136: trailing whitespace.
++  "parentProductWrites": false,
production/evidence/s05/review-01/independent-review/diff-check-raw-01.log:138: trailing whitespace.
++  "parentStateWrites": false,
production/evidence/s05/review-01/independent-review/diff-check-raw-01.log:140: trailing whitespace.
++  "newWriterCreated": false,
production/evidence/s05/review-01/independent-review/diff-check-raw-01.log:142: trailing whitespace.
++  "remoteWrites": false,
production/evidence/s05/review-01/independent-review/diff-check-raw-01.log:144: trailing whitespace.
++  "nextAction": "Original writer continues authorized packet; Coordinator reads exact durable activation/submission/results"
production/evidence/s05/review-01/independent-review/diff-check-raw-01.log:146: trailing whitespace.
++}
production/evidence/s05/review-01/independent-review/diff-check-raw-01.log:148: trailing whitespace.
++{
production/evidence/s05/review-01/independent-review/diff-check-raw-01.log:150: trailing whitespace.
++  "packetType": "RUNNING_WRITER_SUPPLEMENT_DELIVERY_INTENT",
production/evidence/s05/review-01/independent-review/diff-check-raw-01.log:152: trailing whitespace.
++  "recordedAt": "2026-10-03T23:38:53.8645854Z",
production/evidence/s05/review-01/independent-review/diff-check-raw-01.log:154: trailing whitespace.
++  "actionKey": "yeataro/Grape:S05:network-origin-delivery:01",
production/evidence/s05/review-01/independent-review/diff-check-raw-01.log:156: trailing whitespace.
++  "attempt": 1,
production/evidence/s05/review-01/independent-review/diff-check-raw-01.log:158: trailing whitespace.
++  "retriesUsed": 0,
production/evidence/s05/review-01/independent-review/diff-check-raw-01.log:160: trailing whitespace.
++  "target": "/root/s03_implementer_resume",
production/evidence/s05/review-01/independent-review/diff-check-raw-01.log:162: trailing whitespace.
++  "displayTitle": "Grape S05 實作與維護",
production/evidence/s05/review-01/independent-review/diff-check-raw-01.log:164: trailing whitespace.
++  "observedStatus": "running",
production/evidence/s05/review-01/independent-review/diff-check-raw-01.log:166: trailing whitespace.
++  "transport": "collaboration.send_message",
production/evidence/s05/review-01/independent-review/diff-check-raw-01.log:168: trailing whitespace.
++  "packet": {
production/evidence/s05/review-01/independent-review/diff-check-raw-01.log:170: trailing whitespace.
++    "sha256": "95f783345073213da9a0c10eb5ca36bf4968de7f4212f43431b3723c2b73738b",
production/evidence/s05/review-01/independent-review/diff-check-raw-01.log:172: trailing whitespace.
++    "file": "production/evidence/coordinator/s05/activation-20261004-01/network-origin-supplement-01.json"
production/evidence/s05/review-01/independent-review/diff-check-raw-01.log:174: trailing whitespace.
++  },
production/evidence/s05/review-01/independent-review/diff-check-raw-01.log:176: trailing whitespace.
++  "diagnosticHashMatched": true,
production/evidence/s05/review-01/independent-review/diff-check-raw-01.log:178: trailing whitespace.
++  "diagnosticScope": "Intercepted inert origins prove API availability, not product or network qualification",
production/evidence/s05/review-01/independent-review/diff-check-raw-01.log:180: trailing whitespace.
++  "sameScopeEngineeringClarification": {
production/evidence/s05/review-01/independent-review/diff-check-raw-01.log:182: trailing whitespace.
++    "basis": "Original writer identified necessary exact-module composition and ownership registration for already expressly required S05 usable UI/owner delivery; parent inspected both files; ordinary necessary engineering under direct Human S05 authority",
production/evidence/s05/review-01/independent-review/diff-check-raw-01.log:184: trailing whitespace.
++    "limits": "Only necessary module/provider wiring and accurate ownership entries; retain all boundary enforcement, no unrelated UI or policy changes; bind to same I/R and review",
production/evidence/s05/review-01/independent-review/diff-check-raw-01.log:186: trailing whitespace.
++    "paths": [
production/evidence/s05/review-01/independent-review/diff-check-raw-01.log:188: trailing whitespace.
++      "production/apps/web/main.ts",
production/evidence/s05/review-01/independent-review/diff-check-raw-01.log:190: trailing whitespace.
++      "production/conformance/ownership.json"
production/evidence/s05/review-01/independent-review/diff-check-raw-01.log:192: trailing whitespace.
++    ]
production/evidence/s05/review-01/independent-review/diff-check-raw-01.log:194: trailing whitespace.
++  },
production/evidence/s05/review-01/independent-review/diff-check-raw-01.log:196: trailing whitespace.
++  "parentProductWrites": false,
production/evidence/s05/review-01/independent-review/diff-check-raw-01.log:198: trailing whitespace.
++  "parentStateWrites": false,
production/evidence/s05/review-01/independent-review/diff-check-raw-01.log:200: trailing whitespace.
++  "restart": false
production/evidence/s05/review-01/independent-review/diff-check-raw-01.log:202: trailing whitespace.
++}
production/evidence/s05/review-01/independent-review/diff-check-raw-01.log:204: trailing whitespace.
++{
production/evidence/s05/review-01/independent-review/diff-check-raw-01.log:206: trailing whitespace.
++  "packetType": "RUNNING_WRITER_SUPPLEMENT_DELIVERY_RESULT",
production/evidence/s05/review-01/independent-review/diff-check-raw-01.log:208: trailing whitespace.
++  "recordedAt": "2026-10-03T23:39:16.0429226Z",
production/evidence/s05/review-01/independent-review/diff-check-raw-01.log:210: trailing whitespace.
++  "actionKey": "yeataro/Grape:S05:network-origin-delivery:01",
production/evidence/s05/review-01/independent-review/diff-check-raw-01.log:212: trailing whitespace.
++  "attempt": 1,
production/evidence/s05/review-01/independent-review/diff-check-raw-01.log:214: trailing whitespace.
++  "retriesUsed": 0,
production/evidence/s05/review-01/independent-review/diff-check-raw-01.log:216: trailing whitespace.
++  "transport": "collaboration.send_message",
production/evidence/s05/review-01/independent-review/diff-check-raw-01.log:218: trailing whitespace.
++  "callCount": 1,
production/evidence/s05/review-01/independent-review/diff-check-raw-01.log:220: trailing whitespace.
++  "callOutcome": "Returned without error or text payload",
production/evidence/s05/review-01/independent-review/diff-check-raw-01.log:222: trailing whitespace.
++  "target": "/root/s03_implementer_resume",
production/evidence/s05/review-01/independent-review/diff-check-raw-01.log:224: trailing whitespace.
++  "displayTitle": "Grape S05 實作與維護",
production/evidence/s05/review-01/independent-review/diff-check-raw-01.log:226: trailing whitespace.
++  "packetId": "S05-HTTP-ORIGIN-DELIVERY-01",
production/evidence/s05/review-01/independent-review/diff-check-raw-01.log:228: trailing whitespace.
++  "packetSha256": "95f783345073213da9a0c10eb5ca36bf4968de7f4212f43431b3723c2b73738b",
production/evidence/s05/review-01/independent-review/diff-check-raw-01.log:230: trailing whitespace.
++  "intentSha256": "3031b96d99c7d24f65012184d6986f7bc844ec38bdb7088b35a7d9e4d4bf74fe",
production/evidence/s05/review-01/independent-review/diff-check-raw-01.log:232: trailing whitespace.
++  "status": "MESSAGE_QUEUED_TO_RUNNING_WRITER",
production/evidence/s05/review-01/independent-review/diff-check-raw-01.log:234: trailing whitespace.
++  "consumption": "Not yet independently acknowledged; do not infer implementation or verification",
production/evidence/s05/review-01/independent-review/diff-check-raw-01.log:236: trailing whitespace.
++  "includedClarificationPaths": [
production/evidence/s05/review-01/independent-review/diff-check-raw-01.log:238: trailing whitespace.
++    "production/apps/web/main.ts",
production/evidence/s05/review-01/independent-review/diff-check-raw-01.log:240: trailing whitespace.
++    "production/conformance/ownership.json"
production/evidence/s05/review-01/independent-review/diff-check-raw-01.log:242: trailing whitespace.
++  ],
production/evidence/s05/review-01/independent-review/diff-check-raw-01.log:244: trailing whitespace.
++  "followupTaskCalled": false,
production/evidence/s05/review-01/independent-review/diff-check-raw-01.log:246: trailing whitespace.
++  "newWriterCreated": false,
production/evidence/s05/review-01/independent-review/diff-check-raw-01.log:248: trailing whitespace.
++  "productOrStateWrittenByParent": false
production/evidence/s05/review-01/independent-review/diff-check-raw-01.log:250: trailing whitespace.
++}
production/evidence/s05/review-01/independent-review/diff-check-raw-01.log:252: trailing whitespace.
++{
production/evidence/s05/review-01/independent-review/diff-check-raw-01.log:254: trailing whitespace.
++  "packetType": "RUNNING_WRITER_INPUT_PRESERVATION_INTENT",
production/evidence/s05/review-01/independent-review/diff-check-raw-01.log:256: trailing whitespace.
++  "recordedAt": "2026-10-03T23:52:34.5674573Z",
production/evidence/s05/review-01/independent-review/diff-check-raw-01.log:258: trailing whitespace.
++  "actionKey": "yeataro/Grape:S05:pm-preview-input-preservation:01",
production/evidence/s05/review-01/independent-review/diff-check-raw-01.log:260: trailing whitespace.
++  "parentActionKey": "yeataro/Grape:S05:activation-and-early-function:6aa6abb:20261004-01",
production/evidence/s05/review-01/independent-review/diff-check-raw-01.log:262: trailing whitespace.
++  "attempt": 1,
production/evidence/s05/review-01/independent-review/diff-check-raw-01.log:264: trailing whitespace.
++  "retriesUsed": 0,
production/evidence/s05/review-01/independent-review/diff-check-raw-01.log:266: trailing whitespace.
++  "target": "/root/s03_implementer_resume",
production/evidence/s05/review-01/independent-review/diff-check-raw-01.log:268: trailing whitespace.
++  "displayTitle": "Grape S05 實作與維護",
production/evidence/s05/review-01/independent-review/diff-check-raw-01.log:270: trailing whitespace.
++  "observedStatus": "running",
production/evidence/s05/review-01/independent-review/diff-check-raw-01.log:272: trailing whitespace.
++  "transport": "collaboration.send_message",
production/evidence/s05/review-01/independent-review/diff-check-raw-01.log:274: trailing whitespace.
++  "immutableInputAllowlist": [
production/evidence/s05/review-01/independent-review/diff-check-raw-01.log:276: trailing whitespace.
++    {
production/evidence/s05/review-01/independent-review/diff-check-raw-01.log:278: trailing whitespace.
++      "file": "production/evidence/coordinator/s05/activation-20261004-01/pm-scope-analysis-01.json",
production/evidence/s05/review-01/independent-review/diff-check-raw-01.log:280: trailing whitespace.
++      "bytes": 11120,
production/evidence/s05/review-01/independent-review/diff-check-raw-01.log:282: trailing whitespace.
++      "sha256": "f948f2d779b2ccd57c364a3134c962314146ba62394154b853b526ac33cc0f39"
production/evidence/s05/review-01/independent-review/diff-check-raw-01.log:284: trailing whitespace.
++    },
production/evidence/s05/review-01/independent-review/diff-check-raw-01.log:286: trailing whitespace.
++    {
production/evidence/s05/review-01/independent-review/diff-check-raw-01.log:288: trailing whitespace.
++      "file": "production/evidence/coordinator/s05/activation-20261004-01/network-origin-supplement-01.json",
production/evidence/s05/review-01/independent-review/diff-check-raw-01.log:290: trailing whitespace.
++      "bytes": 3997,
production/evidence/s05/review-01/independent-review/diff-check-raw-01.log:292: trailing whitespace.
++      "sha256": "95f783345073213da9a0c10eb5ca36bf4968de7f4212f43431b3723c2b73738b"
production/evidence/s05/review-01/independent-review/diff-check-raw-01.log:294: trailing whitespace.
++    },
production/evidence/s05/review-01/independent-review/diff-check-raw-01.log:296: trailing whitespace.
++    {
production/evidence/s05/review-01/independent-review/diff-check-raw-01.log:298: trailing whitespace.
++      "file": "production/evidence/coordinator/s05/activation-20261004-01/network-origin-probe-01.json",
production/evidence/s05/review-01/independent-review/diff-check-raw-01.log:300: trailing whitespace.
++      "bytes": 1764,
production/evidence/s05/review-01/independent-review/diff-check-raw-01.log:302: trailing whitespace.
++      "sha256": "c85dc1fbf6077893bcc9ddc5f6815db99e0ddd7d55b0a8f0881d4759ee238013"
production/evidence/s05/review-01/independent-review/diff-check-raw-01.log:304: trailing whitespace.
++    },
production/evidence/s05/review-01/independent-review/diff-check-raw-01.log:306: trailing whitespace.
++    {
production/evidence/s05/review-01/independent-review/diff-check-raw-01.log:308: trailing whitespace.
++      "file": "production/evidence/coordinator/s05/activation-20261004-01/network-origin-parent-intent-01.json",
production/evidence/s05/review-01/independent-review/diff-check-raw-01.log:310: trailing whitespace.
++      "bytes": 1432,
production/evidence/s05/review-01/independent-review/diff-check-raw-01.log:312: trailing whitespace.
++      "sha256": "3031b96d99c7d24f65012184d6986f7bc844ec38bdb7088b35a7d9e4d4bf74fe"
production/evidence/s05/review-01/independent-review/diff-check-raw-01.log:314: trailing whitespace.
++    },
production/evidence/s05/review-01/independent-review/diff-check-raw-01.log:316: trailing whitespace.
++    {
production/evidence/s05/review-01/independent-review/diff-check-raw-01.log:318: trailing whitespace.
++      "file": "production/evidence/coordinator/s05/activation-20261004-01/network-origin-parent-result-01.json",
production/evidence/s05/review-01/independent-review/diff-check-raw-01.log:320: trailing whitespace.
++      "bytes": 1033,
production/evidence/s05/review-01/independent-review/diff-check-raw-01.log:322: trailing whitespace.
++      "sha256": "a156620f4abb10961665bb6a0485d6984c7f026a037901451d8b2d294b0052b1"
production/evidence/s05/review-01/independent-review/diff-check-raw-01.log:324: trailing whitespace.
++    },
production/evidence/s05/review-01/independent-review/diff-check-raw-01.log:326: trailing whitespace.
++    {
production/evidence/s05/review-01/independent-review/diff-check-raw-01.log:328: trailing whitespace.
++      "file": "production/evidence/coordinator/s05/activation-20261004-01/network-preview-recon-01.json",
production/evidence/s05/review-01/independent-review/diff-check-raw-01.log:330: trailing whitespace.
++      "bytes": 2267,
production/evidence/s05/review-01/independent-review/diff-check-raw-01.log:332: trailing whitespace.
++      "sha256": "03f75d8f64a2794241fd61986a6eadd57dedbdeff8f66cee71116ac0f8b71fbb"
production/evidence/s05/review-01/independent-review/diff-check-raw-01.log:334: trailing whitespace.
++    },
production/evidence/s05/review-01/independent-review/diff-check-raw-01.log:336: trailing whitespace.
++    {
production/evidence/s05/review-01/independent-review/diff-check-raw-01.log:338: trailing whitespace.
++      "file": "production/evidence/coordinator/s05/preview-preparation-01/serve-reviewed-preview-01.mjs",
production/evidence/s05/review-01/independent-review/diff-check-raw-01.log:340: trailing whitespace.
++      "bytes": 8233,
production/evidence/s05/review-01/independent-review/diff-check-raw-01.log:342: trailing whitespace.
++      "sha256": "99ad98d58ae884f8f97296774e6f476400d674af1d7f3fb6bf4f5fdc8bed46ca"
production/evidence/s05/review-01/independent-review/diff-check-raw-01.log:344: trailing whitespace.
++    },
production/evidence/s05/review-01/independent-review/diff-check-raw-01.log:346: trailing whitespace.
++    {
production/evidence/s05/review-01/independent-review/diff-check-raw-01.log:348: trailing whitespace.
++      "file": "production/evidence/coordinator/s05/preview-preparation-01/helper-check-01.json",
production/evidence/s05/review-01/independent-review/diff-check-raw-01.log:350: trailing whitespace.
++      "bytes": 1480,
production/evidence/s05/review-01/independent-review/diff-check-raw-01.log:352: trailing whitespace.
++      "sha256": "aff4491df1049dcf9880ad3317a3df3665c961657350b6e962f863945f91adf1"
production/evidence/s05/review-01/independent-review/diff-check-raw-01.log:354: trailing whitespace.
++    }
production/evidence/s05/review-01/independent-review/diff-check-raw-01.log:356: trailing whitespace.
++  ],
production/evidence/s05/review-01/independent-review/diff-check-raw-01.log:358: trailing whitespace.
++  "helperCopyHashMatched": true,
production/evidence/s05/review-01/independent-review/diff-check-raw-01.log:360: trailing whitespace.
++  "reportedHelperCheckCount": 19,
production/evidence/s05/review-01/independent-review/diff-check-raw-01.log:362: trailing whitespace.
++  "scope": "Preserve exact input and deployment-helper bytes before R and include separate manifest for Fresh Reviewer; PM recommendations do not expand first batch",
production/evidence/s05/review-01/independent-review/diff-check-raw-01.log:364: trailing whitespace.
++  "notAsserted": [
production/evidence/s05/review-01/independent-review/diff-check-raw-01.log:366: trailing whitespace.
++    "S05 product PASS",
production/evidence/s05/review-01/independent-review/diff-check-raw-01.log:368: trailing whitespace.
++    "S05 deployment",
production/evidence/s05/review-01/independent-review/diff-check-raw-01.log:370: trailing whitespace.
++    "independent review of helper by parent"
production/evidence/s05/review-01/independent-review/diff-check-raw-01.log:372: trailing whitespace.
++  ],
production/evidence/s05/review-01/independent-review/diff-check-raw-01.log:374: trailing whitespace.
++  "excluded": [
production/evidence/s05/review-01/independent-review/diff-check-raw-01.log:376: trailing whitespace.
++    "references/**",
production/evidence/s05/review-01/independent-review/diff-check-raw-01.log:378: trailing whitespace.
++    ".verification/serve-reviewed-preview-01.mjs",
production/evidence/s05/review-01/independent-review/diff-check-raw-01.log:380: trailing whitespace.
++    "unrelated files"
production/evidence/s05/review-01/independent-review/diff-check-raw-01.log:382: trailing whitespace.
++  ],
production/evidence/s05/review-01/independent-review/diff-check-raw-01.log:384: trailing whitespace.
++  "restart": false,
production/evidence/s05/review-01/independent-review/diff-check-raw-01.log:386: trailing whitespace.
++  "parentProductOrStateWrites": false
production/evidence/s05/review-01/independent-review/diff-check-raw-01.log:388: trailing whitespace.
++}
production/evidence/s05/review-01/independent-review/diff-check-raw-01.log:390: trailing whitespace.
++{
production/evidence/s05/review-01/independent-review/diff-check-raw-01.log:392: trailing whitespace.
++  "packetType": "RUNNING_WRITER_INPUT_PRESERVATION_DELIVERY_RESULT",
production/evidence/s05/review-01/independent-review/diff-check-raw-01.log:394: trailing whitespace.
++  "recordedAt": "2026-10-03T23:52:56.5071372Z",
production/evidence/s05/review-01/independent-review/diff-check-raw-01.log:396: trailing whitespace.
++  "actionKey": "yeataro/Grape:S05:pm-preview-input-preservation:01",
production/evidence/s05/review-01/independent-review/diff-check-raw-01.log:398: trailing whitespace.
++  "attempt": 1,
production/evidence/s05/review-01/independent-review/diff-check-raw-01.log:400: trailing whitespace.
++  "retriesUsed": 0,
production/evidence/s05/review-01/independent-review/diff-check-raw-01.log:402: trailing whitespace.
++  "transport": "collaboration.send_message",
production/evidence/s05/review-01/independent-review/diff-check-raw-01.log:404: trailing whitespace.
++  "callCount": 1,
production/evidence/s05/review-01/independent-review/diff-check-raw-01.log:406: trailing whitespace.
++  "callOutcome": "Returned without error or text payload",
production/evidence/s05/review-01/independent-review/diff-check-raw-01.log:408: trailing whitespace.
++  "target": "/root/s03_implementer_resume",
production/evidence/s05/review-01/independent-review/diff-check-raw-01.log:410: trailing whitespace.
++  "displayTitle": "Grape S05 實作與維護",
production/evidence/s05/review-01/independent-review/diff-check-raw-01.log:412: trailing whitespace.
++  "status": "MESSAGE_QUEUED_TO_RUNNING_WRITER",
production/evidence/s05/review-01/independent-review/diff-check-raw-01.log:414: trailing whitespace.
++  "intentRef": {
production/evidence/s05/review-01/independent-review/diff-check-raw-01.log:416: trailing whitespace.
++    "sha256": "2154cc01b8cc354685a08903ebbc5e1bb9f464f4e79d5649cc86bc4e624b6727",
production/evidence/s05/review-01/independent-review/diff-check-raw-01.log:418: trailing whitespace.
++    "file": "production/evidence/coordinator/s05/activation-20261004-01/pm-preview-parent-intent-01.json"
production/evidence/s05/review-01/independent-review/diff-check-raw-01.log:420: trailing whitespace.
++  },
production/evidence/s05/review-01/independent-review/diff-check-raw-01.log:422: trailing whitespace.
++  "preservationRequested": "Eight exact original input/helper files in manifest plus explicit forwarding receipts before R",
production/evidence/s05/review-01/independent-review/diff-check-raw-01.log:424: trailing whitespace.
++  "consumption": "Not yet acknowledged; persistence and review not asserted",
production/evidence/s05/review-01/independent-review/diff-check-raw-01.log:426: trailing whitespace.
++  "followupTaskCalled": false,
production/evidence/s05/review-01/independent-review/diff-check-raw-01.log:428: trailing whitespace.
++  "newWriterCreated": false,
production/evidence/s05/review-01/independent-review/diff-check-raw-01.log:430: trailing whitespace.
++  "parentProductOrStateWrites": false
production/evidence/s05/review-01/independent-review/diff-check-raw-01.log:432: trailing whitespace.
++}
production/evidence/s05/review-01/independent-review/diff-check-raw-01.log:434: trailing whitespace.
++  24 | 
production/evidence/s05/review-01/independent-review/diff-check-raw-01.log:436: trailing whitespace.
++{
production/evidence/s05/review-01/independent-review/diff-check-raw-01.log:438: trailing whitespace.
++  "action": "S05-browser-candidate-01 teardown",
production/evidence/s05/review-01/independent-review/diff-check-raw-01.log:440: trailing whitespace.
++  "attempt": 1,
production/evidence/s05/review-01/independent-review/diff-check-raw-01.log:442: trailing whitespace.
++  "testSession": 11770,
production/evidence/s05/review-01/independent-review/diff-check-raw-01.log:444: trailing whitespace.
++  "parentPID": 3344,
production/evidence/s05/review-01/independent-review/diff-check-raw-01.log:446: trailing whitespace.
++  "helperPID": 30392,
production/evidence/s05/review-01/independent-review/diff-check-raw-01.log:448: trailing whitespace.
++  "helperParent": 44536,
production/evidence/s05/review-01/independent-review/diff-check-raw-01.log:450: trailing whitespace.
++  "helperCreated": "2026-10-03T23:49:48.1063080Z",
production/evidence/s05/review-01/independent-review/diff-check-raw-01.log:452: trailing whitespace.
++  "reason": "All five tests ended (four pass, one UI fixture selection failure), but sandbox Playwright webServer teardown hung; process inspection in sandbox denied",
production/evidence/s05/review-01/independent-review/diff-check-raw-01.log:454: trailing whitespace.
++  "resolution": "Stop only verified S05 test webServer process tree; subsequent browser runs use legitimately escalated process environment",
production/evidence/s05/review-01/independent-review/diff-check-raw-01.log:456: trailing whitespace.
++  "protectedPorts": [
production/evidence/s05/review-01/independent-review/diff-check-raw-01.log:458: trailing whitespace.
++    4174,
production/evidence/s05/review-01/independent-review/diff-check-raw-01.log:460: trailing whitespace.
++    4192
production/evidence/s05/review-01/independent-review/diff-check-raw-01.log:462: trailing whitespace.
++  ]
production/evidence/s05/review-01/independent-review/diff-check-raw-01.log:464: trailing whitespace.
++}
production/evidence/s05/review-01/independent-review/diff-check-raw-01.log:466: trailing whitespace.
++  33 | 
production/evidence/s05/review-01/independent-review/diff-check-raw-01.log:468: trailing whitespace.
++  33 | 
production/evidence/s05/review-01/independent-review/diff-check-raw-01.log:470: trailing whitespace.
++  45 | 
production/evidence/s05/review-01/independent-review/finalize-review-01.mjs:20: trailing whitespace.
+fs.writeFileSync(dir+'/INDEPENDENT_REVIEW_RESULT.json',JSON.stringify(report,null,2));console.log(JSON.stringify({report:evidenceRef(dir+'/INDEPENDENT_REVIEW_RESULT.json'),supportingManifest:evidenceRef(dir+'/supporting-evidence-manifest-01.json'),verdict:report.verdict,remainingFindings:report.remainingFindings,supportingFiles:listing.length,finalHead:extra.finalHead,trackedStatus:extra.finalStatus},null,2));
production/evidence/s05/review-01/independent-review/helper-check-01.log:1: trailing whitespace.
+{"status":"PASS_HELPER_ONLY","fixture":"Unchanged independently accepted S04 report and archive; no fabricated S05 PASS or deployment","helperSha256":"99ad98d58ae884f8f97296774e6f476400d674af1d7f3fb6bf4f5fdc8bed46ca","reportSha256":"c1cb4fd813ba2f78405ba03eb07f1986a0c97021fae2dd3772eeb95001158d2c","manifestSha256":"d8c2095f36833d4cfcc3ffaac72f691853cb9936c76791e887fcd1b0a3739f34","cases":[{"name":"exact accepted S04 report/archive accepted as helper-only fixture","result":"PASS"},{"name":"wrong review digest","result":"PASS_EXPECTED_REJECTION"},{"name":"wrong I","result":"PASS_EXPECTED_REJECTION"},{"name":"wrong R","result":"PASS_EXPECTED_REJECTION"},{"name":"wrong manifest digest","result":"PASS_EXPECTED_REJECTION"},{"name":"outside verification root","result":"PASS_EXPECTED_REJECTION"},{"name":"FAIL verdict","result":"PASS_EXPECTED_REJECTION"},{"name":"remaining finding","result":"PASS_EXPECTED_REJECTION"},{"name":"required gap","result":"PASS_EXPECTED_REJECTION"},{"name":"missing gaps","result":"PASS_EXPECTED_REJECTION"},{"name":"traversal","result":"PASS_EXPECTED_REJECTION"},{"name":"reserved route","result":"PASS_EXPECTED_REJECTION"},{"name":"bad asset hash","result":"PASS_EXPECTED_REJECTION"},{"name":"unapproved bind address rejected","result":"PASS"},{"name":"prepared bytes immutable after scratch-file modification","result":"PASS"},{"name":"all temporary listeners closed","result":"PASS"},{"name":"partial bind failure closes earlier owned listener","result":"PASS"}],"httpResults":[{"origin":"http://127.0.0.1:55319","headerIdentity":true,"deliveryIdentity":true,"allAssetsExact":true,"pathExposureRejected":true,"methodAndHead":true},{"origin":"http://192.168.1.105:55320","headerIdentity":true,"deliveryIdentity":true,"allAssetsExact":true,"pathExposureRejected":true,"methodAndHead":true},{"origin":"http://100.83.88.97:55321","headerIdentity":true,"deliveryIdentity":true,"allAssetsExact":true,"pathExposureRejected":true,"methodAndHead":true}],"listenersClosed":true,"humanPortsUntouched":[4174,4192]}
production/evidence/s05/review-01/independent-review/helper-check-01.mjs:23: trailing whitespace.
+const result={status:'PASS_HELPER_ONLY',fixture:'Unchanged independently accepted S04 report and archive; no fabricated S05 PASS or deployment',helperSha256:hash(fs.readFileSync('production/evidence/coordinator/s05/preview-preparation-01/serve-reviewed-preview-01.mjs')),reportSha256:config.reviewSha256,manifestSha256:config.buildManifestSha256,cases,httpResults,listenersClosed:true,humanPortsUntouched:[4174,4192]};fs.writeFileSync(out+'/result.json',JSON.stringify(result,null,2));console.log(JSON.stringify(result));
production/evidence/s05/review-01/independent-review/run-required-01.mjs:34: trailing whitespace.
+for(const name of ['typecheck','conformance','test','build'])run(name+'-01','npm.cmd',['--prefix','production',...(name==='test'?['test']:['run',name])]);
production/evidence/s05/review-01/independent-review/samples-replay-01.log:1: trailing whitespace.
+(node:46016) ExperimentalWarning: Transform Types is an experimental feature and might change at any time
production/evidence/s05/review-01/independent-review/samples-replay-01.log:2: trailing whitespace.
+(Use `node --trace-warnings ...` to show where the warning was created)
production/evidence/s05/review-01/independent-review/samples-replay-01.log:3: trailing whitespace.
+{
production/evidence/s05/review-01/independent-review/samples-replay-01.log:4: trailing whitespace.
+  "samples": 12,
production/evidence/s05/review-01/independent-review/samples-replay-01.log:5: trailing whitespace.
+  "entries": [
production/evidence/s05/review-01/independent-review/samples-replay-01.log:6: trailing whitespace.
+    {
production/evidence/s05/review-01/independent-review/samples-replay-01.log:7: trailing whitespace.
+      "file": "shared-expand.grape.json",
production/evidence/s05/review-01/independent-review/samples-replay-01.log:8: trailing whitespace.
+      "sha256": "71912170544675c6fe6a4266b9b16905807ce7f920105b0ce6f0ae6b0bb29ff9",
production/evidence/s05/review-01/independent-review/samples-replay-01.log:9: trailing whitespace.
+      "bytes": 19018,
production/evidence/s05/review-01/independent-review/samples-replay-01.log:10: trailing whitespace.
+      "kind": "document",
production/evidence/s05/review-01/independent-review/samples-replay-01.log:11: trailing whitespace.
+      "purpose": "shared-expand",
production/evidence/s05/review-01/independent-review/samples-replay-01.log:12: trailing whitespace.
+      "generation": "success",
production/evidence/s05/review-01/independent-review/samples-replay-01.log:13: trailing whitespace.
+      "diagnostics": []
production/evidence/s05/review-01/independent-review/samples-replay-01.log:14: trailing whitespace.
+    },
production/evidence/s05/review-01/independent-review/samples-replay-01.log:15: trailing whitespace.
+    {
production/evidence/s05/review-01/independent-review/samples-replay-01.log:16: trailing whitespace.
+      "file": "shared-function.grape.json",
production/evidence/s05/review-01/independent-review/samples-replay-01.log:17: trailing whitespace.
+      "sha256": "f4cd1a04fd3a28ad0695ea49d4f99a4c164627a59c2aef1df47f5afef3a5bf7b",
production/evidence/s05/review-01/independent-review/samples-replay-01.log:18: trailing whitespace.
+      "bytes": 19020,
production/evidence/s05/review-01/independent-review/samples-replay-01.log:19: trailing whitespace.
+      "kind": "document",
production/evidence/s05/review-01/independent-review/samples-replay-01.log:20: trailing whitespace.
+      "purpose": "shared-function",
production/evidence/s05/review-01/independent-review/samples-replay-01.log:21: trailing whitespace.
+      "generation": "success",
production/evidence/s05/review-01/independent-review/samples-replay-01.log:22: trailing whitespace.
+      "diagnostics": []
production/evidence/s05/review-01/independent-review/samples-replay-01.log:23: trailing whitespace.
+    },
production/evidence/s05/review-01/independent-review/samples-replay-01.log:24: trailing whitespace.
+    {
production/evidence/s05/review-01/independent-review/samples-replay-01.log:25: trailing whitespace.
+      "file": "shared-function.personal.json",
production/evidence/s05/review-01/independent-review/samples-replay-01.log:26: trailing whitespace.
+      "sha256": "b5c40f599a6015eeb695187342b82d4bf2180ea266ba8b6684319bab95d31438",
production/evidence/s05/review-01/independent-review/samples-replay-01.log:27: trailing whitespace.
+      "bytes": 8446,
production/evidence/s05/review-01/independent-review/samples-replay-01.log:28: trailing whitespace.
+      "kind": "Personal",
production/evidence/s05/review-01/independent-review/samples-replay-01.log:29: trailing whitespace.
+      "contentHash": "d97ccaab907e0a07eef8f88a42f3f2062e964a49eeb915341c5b12795e3f4a27",
production/evidence/s05/review-01/independent-review/samples-replay-01.log:30: trailing whitespace.
+      "purpose": "Import through Personal files, select and insert; function mode and exact dependency closure retained."
production/evidence/s05/review-01/independent-review/samples-replay-01.log:31: trailing whitespace.
+    },
production/evidence/s05/review-01/independent-review/samples-replay-01.log:32: trailing whitespace.
+    {
production/evidence/s05/review-01/independent-review/samples-replay-01.log:33: trailing whitespace.
+      "file": "nested-function.grape.json",
production/evidence/s05/review-01/independent-review/samples-replay-01.log:34: trailing whitespace.
+      "sha256": "606f16e8de380b5355a8498e73f106a5feb17e933ebc1b394383e9c685f9b48c",
production/evidence/s05/review-01/independent-review/samples-replay-01.log:35: trailing whitespace.
+      "bytes": 26428,
production/evidence/s05/review-01/independent-review/samples-replay-01.log:36: trailing whitespace.
+      "kind": "document",
production/evidence/s05/review-01/independent-review/samples-replay-01.log:37: trailing whitespace.
+      "purpose": "nested-function",
production/evidence/s05/review-01/independent-review/samples-replay-01.log:38: trailing whitespace.
+      "generation": "success",
production/evidence/s05/review-01/independent-review/samples-replay-01.log:39: trailing whitespace.
+      "diagnostics": []
production/evidence/s05/review-01/independent-review/samples-replay-01.log:40: trailing whitespace.
+    },
production/evidence/s05/review-01/independent-review/samples-replay-01.log:41: trailing whitespace.
+    {
production/evidence/s05/review-01/independent-review/samples-replay-01.log:42: trailing whitespace.
+      "file": "uniform-function.grape.json",
production/evidence/s05/review-01/independent-review/samples-replay-01.log:43: trailing whitespace.
+      "sha256": "f32a5e71739a24a03a88fa92e0374d44eb75933523b5da2701a399d1588d7fe9",
production/evidence/s05/review-01/independent-review/samples-replay-01.log:44: trailing whitespace.
+      "bytes": 21233,
production/evidence/s05/review-01/independent-review/samples-replay-01.log:45: trailing whitespace.
+      "kind": "document",
production/evidence/s05/review-01/independent-review/samples-replay-01.log:46: trailing whitespace.
+      "purpose": "uniform-function",
production/evidence/s05/review-01/independent-review/samples-replay-01.log:47: trailing whitespace.
+      "generation": "success",
production/evidence/s05/review-01/independent-review/samples-replay-01.log:48: trailing whitespace.
+      "diagnostics": []
production/evidence/s05/review-01/independent-review/samples-replay-01.log:49: trailing whitespace.
+    },
production/evidence/s05/review-01/independent-review/samples-replay-01.log:50: trailing whitespace.
+    {
production/evidence/s05/review-01/independent-review/samples-replay-01.log:51: trailing whitespace.
+      "file": "constant-detach.grape.json",
production/evidence/s05/review-01/independent-review/samples-replay-01.log:52: trailing whitespace.
+      "sha256": "a056b93e4daa33e22116e3f1753ccd5fe05f58102680f07629bbaa32755be568",
production/evidence/s05/review-01/independent-review/samples-replay-01.log:53: trailing whitespace.
+      "bytes": 20676,
production/evidence/s05/review-01/independent-review/samples-replay-01.log:54: trailing whitespace.
+      "kind": "document",
production/evidence/s05/review-01/independent-review/samples-replay-01.log:55: trailing whitespace.
+      "purpose": "constant-detach",
production/evidence/s05/review-01/independent-review/samples-replay-01.log:56: trailing whitespace.
+      "generation": "success",
production/evidence/s05/review-01/independent-review/samples-replay-01.log:57: trailing whitespace.
+      "diagnostics": []
production/evidence/s05/review-01/independent-review/samples-replay-01.log:58: trailing whitespace.
+    },
production/evidence/s05/review-01/independent-review/samples-replay-01.log:59: trailing whitespace.
+    {
production/evidence/s05/review-01/independent-review/samples-replay-01.log:60: trailing whitespace.
+      "file": "activation-rejected.grape.json",
production/evidence/s05/review-01/independent-review/samples-replay-01.log:61: trailing whitespace.
+      "sha256": "0f565fa91cc91b8bee570487583815b08d6cca94bceb8cb274d0e84e4a3c7617",
production/evidence/s05/review-01/independent-review/samples-replay-01.log:62: trailing whitespace.
+      "bytes": 20782,
production/evidence/s05/review-01/independent-review/samples-replay-01.log:63: trailing whitespace.
+      "kind": "document",
production/evidence/s05/review-01/independent-review/samples-replay-01.log:64: trailing whitespace.
+      "purpose": "activation-rejected",
production/evidence/s05/review-01/independent-review/samples-replay-01.log:65: trailing whitespace.
+      "generation": "success",
production/evidence/s05/review-01/independent-review/samples-replay-01.log:66: trailing whitespace.
+      "diagnostics": []
production/evidence/s05/review-01/independent-review/samples-replay-01.log:67: trailing whitespace.
+    },
production/evidence/s05/review-01/independent-review/samples-replay-01.log:68: trailing whitespace.
+    {
production/evidence/s05/review-01/independent-review/samples-replay-01.log:69: trailing whitespace.
+      "file": "shape-array.grape.json",
production/evidence/s05/review-01/independent-review/samples-replay-01.log:70: trailing whitespace.
+      "sha256": "8d0f2c256f8869d5a9028ffe93a126acc9021916a3999b5571de8fec4b34c7c6",
production/evidence/s05/review-01/independent-review/samples-replay-01.log:71: trailing whitespace.
+      "bytes": 15813,
production/evidence/s05/review-01/independent-review/samples-replay-01.log:72: trailing whitespace.
+      "kind": "document",
production/evidence/s05/review-01/independent-review/samples-replay-01.log:73: trailing whitespace.
+      "purpose": "Fixed shape/nominal function parameter; numeric shader results are in browser evidence.",
production/evidence/s05/review-01/independent-review/samples-replay-01.log:74: trailing whitespace.
+      "generation": "success",
production/evidence/s05/review-01/independent-review/samples-replay-01.log:75: trailing whitespace.
+      "diagnostics": []
production/evidence/s05/review-01/independent-review/samples-replay-01.log:76: trailing whitespace.
+    },
production/evidence/s05/review-01/independent-review/samples-replay-01.log:77: trailing whitespace.
+    {
production/evidence/s05/review-01/independent-review/samples-replay-01.log:78: trailing whitespace.
+      "file": "shape-nominal.grape.json",
production/evidence/s05/review-01/independent-review/samples-replay-01.log:79: trailing whitespace.
+      "sha256": "de45a406976b76166b15a5a58955f7bc0c9add7daf1516d422479d51e007facc",
production/evidence/s05/review-01/independent-review/samples-replay-01.log:80: trailing whitespace.
+      "bytes": 12740,
production/evidence/s05/review-01/independent-review/samples-replay-01.log:81: trailing whitespace.
+      "kind": "document",
production/evidence/s05/review-01/independent-review/samples-replay-01.log:82: trailing whitespace.
+      "purpose": "Fixed shape/nominal function parameter; numeric shader results are in browser evidence.",
production/evidence/s05/review-01/independent-review/samples-replay-01.log:83: trailing whitespace.
+      "generation": "success",
production/evidence/s05/review-01/independent-review/samples-replay-01.log:84: trailing whitespace.
+      "diagnostics": []
production/evidence/s05/review-01/independent-review/samples-replay-01.log:85: trailing whitespace.
+    },
production/evidence/s05/review-01/independent-review/samples-replay-01.log:86: trailing whitespace.
+    {
production/evidence/s05/review-01/independent-review/samples-replay-01.log:87: trailing whitespace.
+      "file": "pixel-effects.grape.json",
production/evidence/s05/review-01/independent-review/samples-replay-01.log:88: trailing whitespace.
+      "sha256": "5834c1cf55a5b30534f7e0fa0a72e106f05daff600e0e59342cd60b2fbade6f0",
production/evidence/s05/review-01/independent-review/samples-replay-01.log:89: trailing whitespace.
+      "bytes": 19381,
production/evidence/s05/review-01/independent-review/samples-replay-01.log:90: trailing whitespace.
+      "kind": "document",
production/evidence/s05/review-01/independent-review/samples-replay-01.log:91: trailing whitespace.
+      "purpose": "Two outputs, one depth/discard evaluation per caller.",
production/evidence/s05/review-01/independent-review/samples-replay-01.log:92: trailing whitespace.
+      "generation": "success",
production/evidence/s05/review-01/independent-review/samples-replay-01.log:93: trailing whitespace.
+      "diagnostics": []
production/evidence/s05/review-01/independent-review/samples-replay-01.log:94: trailing whitespace.
+    },
production/evidence/s05/review-01/independent-review/samples-replay-01.log:95: trailing whitespace.
+    {
production/evidence/s05/review-01/independent-review/samples-replay-01.log:96: trailing whitespace.
+      "file": "vertex-pixel.grape.json",
production/evidence/s05/review-01/independent-review/samples-replay-01.log:97: trailing whitespace.
+      "sha256": "5c8f3a4e8b3be373422c7975926b5f251a6df5f365ff3d2c10f5031b33b2f644",
production/evidence/s05/review-01/independent-review/samples-replay-01.log:98: trailing whitespace.
+      "bytes": 15442,
production/evidence/s05/review-01/independent-review/samples-replay-01.log:99: trailing whitespace.
+      "kind": "document",
production/evidence/s05/review-01/independent-review/samples-replay-01.log:100: trailing whitespace.
+      "purpose": "Same function definition in independent vertex and pixel shaders.",
production/evidence/s05/review-01/independent-review/samples-replay-01.log:101: trailing whitespace.
+      "generation": "success",
production/evidence/s05/review-01/independent-review/samples-replay-01.log:102: trailing whitespace.
+      "diagnostics": []
production/evidence/s05/review-01/independent-review/samples-replay-01.log:103: trailing whitespace.
+    },
production/evidence/s05/review-01/independent-review/samples-replay-01.log:104: trailing whitespace.
+    {
production/evidence/s05/review-01/independent-review/samples-replay-01.log:105: trailing whitespace.
+      "file": "legacy-owner.grape.json",
production/evidence/s05/review-01/independent-review/samples-replay-01.log:106: trailing whitespace.
+      "sha256": "9acc5011baa073918d7e7bfdf2577de5ed545cabe991d2359eb1994321fdd485",
production/evidence/s05/review-01/independent-review/samples-replay-01.log:107: trailing whitespace.
+      "bytes": 9692,
production/evidence/s05/review-01/independent-review/samples-replay-01.log:108: trailing whitespace.
+      "kind": "document",
production/evidence/s05/review-01/independent-review/samples-replay-01.log:109: trailing whitespace.
+      "purpose": "Use explicit Upgrade subgraph owners; no silent old owner migration.",
production/evidence/s05/review-01/independent-review/samples-replay-01.log:110: trailing whitespace.
+      "generation": "failed",
production/evidence/s05/review-01/independent-review/samples-replay-01.log:111: trailing whitespace.
+      "diagnostics": [
production/evidence/s05/review-01/independent-review/samples-replay-01.log:112: trailing whitespace.
+        {
production/evidence/s05/review-01/independent-review/samples-replay-01.log:113: trailing whitespace.
+          "code": "INPUT_REQUIRED",
production/evidence/s05/review-01/independent-review/samples-replay-01.log:114: trailing whitespace.
+          "message": "Connect the required input.",
production/evidence/s05/review-01/independent-review/samples-replay-01.log:115: trailing whitespace.
+          "severity": "error",
production/evidence/s05/review-01/independent-review/samples-replay-01.log:116: trailing whitespace.
+          "messageRef": {
production/evidence/s05/review-01/independent-review/samples-replay-01.log:117: trailing whitespace.
+            "owner": {
production/evidence/s05/review-01/independent-review/samples-replay-01.log:118: trailing whitespace.
+              "moduleId": "grape.core",
production/evidence/s05/review-01/independent-review/samples-replay-01.log:119: trailing whitespace.
+              "version": "0.1.0",
production/evidence/s05/review-01/independent-review/samples-replay-01.log:120: trailing whitespace.
+              "fingerprint": "core-s01-v1",
production/evidence/s05/review-01/independent-review/samples-replay-01.log:121: trailing whitespace.
+              "namespace": "grape.core",
production/evidence/s05/review-01/independent-review/samples-replay-01.log:122: trailing whitespace.
+              "catalogVersion": 1
production/evidence/s05/review-01/independent-review/samples-replay-01.log:123: trailing whitespace.
+            },
production/evidence/s05/review-01/independent-review/samples-replay-01.log:124: trailing whitespace.
+            "key": "INPUT_REQUIRED",
production/evidence/s05/review-01/independent-review/samples-replay-01.log:125: trailing whitespace.
+            "fallback": "Connect the required input."
production/evidence/s05/review-01/independent-review/samples-replay-01.log:126: trailing whitespace.
+          },
production/evidence/s05/review-01/independent-review/samples-replay-01.log:127: trailing whitespace.
+          "subject": {
production/evidence/s05/review-01/independent-review/samples-replay-01.log:128: trailing whitespace.
+            "graphId": "id-8",
production/evidence/s05/review-01/independent-review/samples-replay-01.log:129: trailing whitespace.
+            "stageId": "id-13",
production/evidence/s05/review-01/independent-review/samples-replay-01.log:130: trailing whitespace.
+            "nodeId": "id-12",
production/evidence/s05/review-01/independent-review/samples-replay-01.log:131: trailing whitespace.
+            "portKey": "color"
production/evidence/s05/review-01/independent-review/samples-replay-01.log:132: trailing whitespace.
+          }
production/evidence/s05/review-01/independent-review/samples-replay-01.log:133: trailing whitespace.
+        }
production/evidence/s05/review-01/independent-review/samples-replay-01.log:134: trailing whitespace.
+      ]
production/evidence/s05/review-01/independent-review/samples-replay-01.log:135: trailing whitespace.
+    }
production/evidence/s05/review-01/independent-review/samples-replay-01.log:136: trailing whitespace.
+  ]
production/evidence/s05/review-01/independent-review/samples-replay-01.log:137: trailing whitespace.
+}
production/evidence/s05/review-01/independent-review/typecheck-01.log:4: new blank line at EOF.
