warning: unable to access 'C:\Users\user/.config/git/ignore': Permission denied
production/evidence/coordinator/s04/review-01/dispatch-result-01.json:1: trailing whitespace.
+{
production/evidence/coordinator/s04/review-01/dispatch-result-01.json:2: trailing whitespace.
+  "packetVersion": 1,
production/evidence/coordinator/s04/review-01/dispatch-result-01.json:3: trailing whitespace.
+  "packetType": "DISPATCH_RESULT",
production/evidence/coordinator/s04/review-01/dispatch-result-01.json:4: trailing whitespace.
+  "packetId": "S04-FRESH-REVIEW-985357b-01",
production/evidence/coordinator/s04/review-01/dispatch-result-01.json:5: trailing whitespace.
+  "actionKey": "yeataro/Grape:S04:fresh-review:985357b:01",
production/evidence/coordinator/s04/review-01/dispatch-result-01.json:6: trailing whitespace.
+  "recordedAt": "2026-10-03T22:13:39.8319234Z",
production/evidence/coordinator/s04/review-01/dispatch-result-01.json:7: trailing whitespace.
+  "status": "STARTED",
production/evidence/coordinator/s04/review-01/dispatch-result-01.json:8: trailing whitespace.
+  "tool": "collaboration.spawn_agent",
production/evidence/coordinator/s04/review-01/dispatch-result-01.json:9: trailing whitespace.
+  "returnedTaskName": "/root/s04_fresh_review_01",
production/evidence/coordinator/s04/review-01/dispatch-result-01.json:10: trailing whitespace.
+  "parentDisplayTitle": "Grape Coordinator",
production/evidence/coordinator/s04/review-01/dispatch-result-01.json:11: trailing whitespace.
+  "forkTurns": "none",
production/evidence/coordinator/s04/review-01/dispatch-result-01.json:12: trailing whitespace.
+  "packetFile": "production/evidence/coordinator/s04/review-01/reviewer-packet-01.json",
production/evidence/coordinator/s04/review-01/dispatch-result-01.json:13: trailing whitespace.
+  "packetSha256": "b7ce1f081772dfcab892bd62ffe375a843c509bebdf27cca7259aac0b5b178ac",
production/evidence/coordinator/s04/review-01/dispatch-result-01.json:14: trailing whitespace.
+  "isolatedCheckout": "C:\\Users\\user\\.codex\\worktrees\\s04-fresh-review-01\\Grape",
production/evidence/coordinator/s04/review-01/dispatch-result-01.json:15: trailing whitespace.
+  "expectedWorkHead": "985357be67cce2f2ecc232e827e83e5cdbb521ab",
production/evidence/coordinator/s04/review-01/dispatch-result-01.json:16: trailing whitespace.
+  "implementationI": "0c13932150bf1b78f215e25721292962e6c4263a",
production/evidence/coordinator/s04/review-01/dispatch-result-01.json:17: trailing whitespace.
+  "attempt": 1,
production/evidence/coordinator/s04/review-01/dispatch-result-01.json:18: trailing whitespace.
+  "technicalVerdict": "PENDING",
production/evidence/coordinator/s04/review-01/dispatch-result-01.json:19: trailing whitespace.
+  "productAcceptance": "NOT_GRANTED",
production/evidence/coordinator/s04/review-01/dispatch-result-01.json:20: trailing whitespace.
+  "result": {
production/evidence/coordinator/s04/review-01/dispatch-result-01.json:21: trailing whitespace.
+    "task_name": "/root/s04_fresh_review_01"
production/evidence/coordinator/s04/review-01/dispatch-result-01.json:22: trailing whitespace.
+  }
production/evidence/coordinator/s04/review-01/dispatch-result-01.json:23: trailing whitespace.
+}
production/evidence/coordinator/s04/review-01/persistence-dispatch-intent-01.json:12: trailing whitespace.
+}
production/evidence/coordinator/s04/review-01/persistence-dispatch-result-01.json:19: trailing whitespace.
+}
production/evidence/coordinator/s04/review-01/persistence-packet-01.json:97: trailing whitespace.
+}
production/evidence/coordinator/s04/review-01/persistence-parent-intent-01.json:1: trailing whitespace.
+{
production/evidence/coordinator/s04/review-01/persistence-parent-intent-01.json:2: trailing whitespace.
+  "recordType": "S04_REVIEW_PERSISTENCE_PARENT_DISPATCH_INTENT",
production/evidence/coordinator/s04/review-01/persistence-parent-intent-01.json:3: trailing whitespace.
+  "actionKey": "yeataro/Grape:S04:preserve-review:985357b:01",
production/evidence/coordinator/s04/review-01/persistence-parent-intent-01.json:4: trailing whitespace.
+  "attempt": 1,
production/evidence/coordinator/s04/review-01/persistence-parent-intent-01.json:5: trailing whitespace.
+  "retriesUsed": 0,
production/evidence/coordinator/s04/review-01/persistence-parent-intent-01.json:6: trailing whitespace.
+  "recordedAt": "2026-10-03T22:25:46.4148947Z",
production/evidence/coordinator/s04/review-01/persistence-parent-intent-01.json:7: trailing whitespace.
+  "target": "/root/s03_implementer_resume",
production/evidence/coordinator/s04/review-01/persistence-parent-intent-01.json:8: trailing whitespace.
+  "targetThread": "01a0fd8c-081e-7492-8f59-55159462e301",
production/evidence/coordinator/s04/review-01/persistence-parent-intent-01.json:9: trailing whitespace.
+  "targetHumanLabel": "「Grape implementer」底下的子代理「/root/s03_implementer_resume」",
production/evidence/coordinator/s04/review-01/persistence-parent-intent-01.json:10: trailing whitespace.
+  "writerObserved": "COMPLETED; previous final froze S04 and stopped writes; no replacement writer",
production/evidence/coordinator/s04/review-01/persistence-parent-intent-01.json:11: trailing whitespace.
+  "packet": "persistence-packet-01.json",
production/evidence/coordinator/s04/review-01/persistence-parent-intent-01.json:12: trailing whitespace.
+  "packetSha256": "52d819b04e037791643434630111fb9102db726948f5d6bebe2aa7b2ff673a25",
production/evidence/coordinator/s04/review-01/persistence-parent-intent-01.json:13: trailing whitespace.
+  "expectedHead": "985357be67cce2f2ecc232e827e83e5cdbb521ab",
production/evidence/coordinator/s04/review-01/persistence-parent-intent-01.json:14: trailing whitespace.
+  "reviewedI": "0c13932150bf1b78f215e25721292962e6c4263a",
production/evidence/coordinator/s04/review-01/persistence-parent-intent-01.json:15: trailing whitespace.
+  "reviewedR": "985357be67cce2f2ecc232e827e83e5cdbb521ab",
production/evidence/coordinator/s04/review-01/persistence-parent-intent-01.json:16: trailing whitespace.
+  "reviewId": "S04-FR-985357b-01",
production/evidence/coordinator/s04/review-01/persistence-parent-intent-01.json:17: trailing whitespace.
+  "reportSha256": "c1cb4fd813ba2f78405ba03eb07f1986a0c97021fae2dd3772eeb95001158d2c",
production/evidence/coordinator/s04/review-01/persistence-parent-intent-01.json:18: trailing whitespace.
+  "manifestSha256": "45d5220f07dcfd94b31313c758f0f87a285d7d28aad9eeb0a766543d14b449ad",
production/evidence/coordinator/s04/review-01/persistence-parent-intent-01.json:19: trailing whitespace.
+  "sourceVerification": "Parent verified original report/manifest hashes, exact I/R and PASS/no-findings fields, all70 distinct contained evidence file sizes/hashes including hidden entries; this is integrity/routing verification, not substitute independent review",
production/evidence/coordinator/s04/review-01/persistence-parent-intent-01.json:20: trailing whitespace.
+  "authority": "Existing verified S04 implementation/review authorization; original independent verdict attributed to Grape Coordinator child /root/s04_fresh_review_01; no Human acceptance",
production/evidence/coordinator/s04/review-01/persistence-parent-intent-01.json:21: trailing whitespace.
+  "scope": "Exact72-file preservation, separate relocation manifest, bounded Human review materials and local evidence-only P commit; original writer performs root/state/diff checks and exact Git blob verification",
production/evidence/coordinator/s04/review-01/persistence-parent-intent-01.json:22: trailing whitespace.
+  "allowedPaths": [
production/evidence/coordinator/s04/review-01/persistence-parent-intent-01.json:23: trailing whitespace.
+    "production/evidence/s04/review-01/** (new only)",
production/evidence/coordinator/s04/review-01/persistence-parent-intent-01.json:24: trailing whitespace.
+    "production/evidence/coordinator/s04/review-01/** (new append-only receipts only)"
production/evidence/coordinator/s04/review-01/persistence-parent-intent-01.json:25: trailing whitespace.
+  ],
production/evidence/coordinator/s04/review-01/persistence-parent-intent-01.json:26: trailing whitespace.
+  "exclusions": "No product/test/tool/config/README/state/original evidence changes; no Human acceptance/completion/Gate closure/new Slice/remote publication; references preserved",
production/evidence/coordinator/s04/review-01/persistence-parent-intent-01.json:27: trailing whitespace.
+  "outcome": "INTENT_ONLY_NOT_DISPATCHED"
production/evidence/coordinator/s04/review-01/persistence-parent-intent-01.json:28: trailing whitespace.
+}
production/evidence/coordinator/s04/review-01/persistence-parent-result-01.json:1: trailing whitespace.
+{
production/evidence/coordinator/s04/review-01/persistence-parent-result-01.json:2: trailing whitespace.
+  "recordType": "S04_REVIEW_PERSISTENCE_PARENT_DISPATCH_RESULT",
production/evidence/coordinator/s04/review-01/persistence-parent-result-01.json:3: trailing whitespace.
+  "actionKey": "yeataro/Grape:S04:preserve-review:985357b:01",
production/evidence/coordinator/s04/review-01/persistence-parent-result-01.json:4: trailing whitespace.
+  "attempt": 1,
production/evidence/coordinator/s04/review-01/persistence-parent-result-01.json:5: trailing whitespace.
+  "retriesUsed": 0,
production/evidence/coordinator/s04/review-01/persistence-parent-result-01.json:6: trailing whitespace.
+  "recordedAt": "2026-10-03T22:26:15.5690635Z",
production/evidence/coordinator/s04/review-01/persistence-parent-result-01.json:7: trailing whitespace.
+  "tool": "collaboration.followup_task",
production/evidence/coordinator/s04/review-01/persistence-parent-result-01.json:8: trailing whitespace.
+  "target": "/root/s03_implementer_resume",
production/evidence/coordinator/s04/review-01/persistence-parent-result-01.json:9: trailing whitespace.
+  "targetThread": "01a0fd8c-081e-7492-8f59-55159462e301",
production/evidence/coordinator/s04/review-01/persistence-parent-result-01.json:10: trailing whitespace.
+  "targetHumanLabel": "「Grape implementer」底下的子代理「/root/s03_implementer_resume」",
production/evidence/coordinator/s04/review-01/persistence-parent-result-01.json:11: trailing whitespace.
+  "packet": "persistence-packet-01.json",
production/evidence/coordinator/s04/review-01/persistence-parent-result-01.json:12: trailing whitespace.
+  "packetSha256": "52d819b04e037791643434630111fb9102db726948f5d6bebe2aa7b2ff673a25",
production/evidence/coordinator/s04/review-01/persistence-parent-result-01.json:13: trailing whitespace.
+  "intent": "persistence-parent-intent-01.json",
production/evidence/coordinator/s04/review-01/persistence-parent-result-01.json:14: trailing whitespace.
+  "intentSha256": "6878fb0a3d2ef45b7e174cb93d28efcce16bf4a7344b49f0d446449202c02d63",
production/evidence/coordinator/s04/review-01/persistence-parent-result-01.json:15: trailing whitespace.
+  "transportResponse": "Returned without textual acknowledgement; no error reported",
production/evidence/coordinator/s04/review-01/persistence-parent-result-01.json:16: trailing whitespace.
+  "reconciliation": "Immediate collaboration.list_agents observed original designated agent RUNNING; existing read-only scouts completed; no replacement writer",
production/evidence/coordinator/s04/review-01/persistence-parent-result-01.json:17: trailing whitespace.
+  "outcome": "DISPATCHED_RUNNING",
production/evidence/coordinator/s04/review-01/persistence-parent-result-01.json:18: trailing whitespace.
+  "completion": "Evidence copy/P commit/materials not yet observed; no completion or acceptance claim",
production/evidence/coordinator/s04/review-01/persistence-parent-result-01.json:19: trailing whitespace.
+  "sourceReview": "Attributed independent PASS at exact I0c13932150bf1b78f215e25721292962e6c4263a/R985357be67cce2f2ecc232e827e83e5cdbb521ab; original reviewer bytes immutable",
production/evidence/coordinator/s04/review-01/persistence-parent-result-01.json:20: trailing whitespace.
+  "next": "Designated writer returns evidence-only P and validation, then STOP_WRITING; Grape Coordinator validates and presents Human acceptance materials"
production/evidence/coordinator/s04/review-01/persistence-parent-result-01.json:21: trailing whitespace.
+}
production/evidence/coordinator/s04/review-01/review-validation-01.json:97: trailing whitespace.
+}
production/evidence/coordinator/s04/review-01/writer-acknowledgement-01.json:17: trailing whitespace.
+}
production/evidence/coordinator/s04/review-01/writer-notice-intent-01.json:1: trailing whitespace.
+{
production/evidence/coordinator/s04/review-01/writer-notice-intent-01.json:2: trailing whitespace.
+  "packetVersion": 1,
production/evidence/coordinator/s04/review-01/writer-notice-intent-01.json:3: trailing whitespace.
+  "packetType": "DISPATCH_INTENT",
production/evidence/coordinator/s04/review-01/writer-notice-intent-01.json:4: trailing whitespace.
+  "packetId": "S04-REVIEW-STARTED-NOTICE-01",
production/evidence/coordinator/s04/review-01/writer-notice-intent-01.json:5: trailing whitespace.
+  "actionKey": "yeataro/Grape:S04:review-freeze-notice:985357b:01",
production/evidence/coordinator/s04/review-01/writer-notice-intent-01.json:6: trailing whitespace.
+  "recordedAt": "2026-10-03T22:14:15.5162914Z",
production/evidence/coordinator/s04/review-01/writer-notice-intent-01.json:7: trailing whitespace.
+  "targetThread": "01a0fd87-65fd-7633-9f34-eea1516301ea",
production/evidence/coordinator/s04/review-01/writer-notice-intent-01.json:8: trailing whitespace.
+  "targetTitle": "Grape implementer",
production/evidence/coordinator/s04/review-01/writer-notice-intent-01.json:9: trailing whitespace.
+  "writer": "/root/s03_implementer_resume",
production/evidence/coordinator/s04/review-01/writer-notice-intent-01.json:10: trailing whitespace.
+  "expectedHead": "985357be67cce2f2ecc232e827e83e5cdbb521ab",
production/evidence/coordinator/s04/review-01/writer-notice-intent-01.json:11: trailing whitespace.
+  "reviewer": "/root/s04_fresh_review_01",
production/evidence/coordinator/s04/review-01/writer-notice-intent-01.json:12: trailing whitespace.
+  "purpose": "Notify review dispatch, maintain stopped writing; no new writer turn requested."
production/evidence/coordinator/s04/review-01/writer-notice-intent-01.json:13: trailing whitespace.
+}
production/evidence/coordinator/s04/review-01/writer-notice-result-01.json:18: trailing whitespace.
+}
production/evidence/s04/review-01/HUMAN-REVIEW.md:54: trailing whitespace.
+請 Human 依上述 **原 I/R/build、十一家族與限制**驗收。當前 state 仍是 S04 active，acceptedEvidence／completedSlices 只有 S01–S03；本保存任務不授權接受、完成、關 Gate、推送、PR、合併或啟動下一 Slice。
production/evidence/s04/review-01/independent-review/adversarial-01.log:1: trailing whitespace.
+(node:43680) ExperimentalWarning: Transform Types is an experimental feature and might change at any time
production/evidence/s04/review-01/independent-review/adversarial-01.log:2: trailing whitespace.
+(Use `node --trace-warnings ...` to show where the warning was created)
production/evidence/s04/review-01/independent-review/adversarial-01.log:3: trailing whitespace.
+[
production/evidence/s04/review-01/independent-review/adversarial-01.log:4: trailing whitespace.
+  {
production/evidence/s04/review-01/independent-review/adversarial-01.log:5: trailing whitespace.
+    "name": "Independent all16 plans use immutable operation/version mapping and reject exact changes",
production/evidence/s04/review-01/independent-review/adversarial-01.log:6: trailing whitespace.
+    "status": "PASS",
production/evidence/s04/review-01/independent-review/adversarial-01.log:7: trailing whitespace.
+    "data": {
production/evidence/s04/review-01/independent-review/adversarial-01.log:8: trailing whitespace.
+      "cases": 16
production/evidence/s04/review-01/independent-review/adversarial-01.log:9: trailing whitespace.
+    }
production/evidence/s04/review-01/independent-review/adversarial-01.log:10: trailing whitespace.
+  },
production/evidence/s04/review-01/independent-review/adversarial-01.log:11: trailing whitespace.
+  {
production/evidence/s04/review-01/independent-review/adversarial-01.log:12: trailing whitespace.
+    "name": "Independent forged stored plan is preserved and blocked after unrelated node move/rename/Undo/Redo",
production/evidence/s04/review-01/independent-review/adversarial-01.log:13: trailing whitespace.
+    "status": "PASS",
production/evidence/s04/review-01/independent-review/adversarial-01.log:14: trailing whitespace.
+    "data": {
production/evidence/s04/review-01/independent-review/adversarial-01.log:15: trailing whitespace.
+      "diagnostics": [
production/evidence/s04/review-01/independent-review/adversarial-01.log:16: trailing whitespace.
+        "EDGE_INVALID"
production/evidence/s04/review-01/independent-review/adversarial-01.log:17: trailing whitespace.
+      ]
production/evidence/s04/review-01/independent-review/adversarial-01.log:18: trailing whitespace.
+    }
production/evidence/s04/review-01/independent-review/adversarial-01.log:19: trailing whitespace.
+  },
production/evidence/s04/review-01/independent-review/adversarial-01.log:20: trailing whitespace.
+  {
production/evidence/s04/review-01/independent-review/adversarial-01.log:21: trailing whitespace.
+    "name": "Independent recursive inactive edge matrix preserves v2 and rejects malformed known endpoint before unknown extra",
production/evidence/s04/review-01/independent-review/adversarial-01.log:22: trailing whitespace.
+    "status": "FAIL",
production/evidence/s04/review-01/independent-review/adversarial-01.log:23: trailing whitespace.
+    "error": {
production/evidence/s04/review-01/independent-review/adversarial-01.log:24: trailing whitespace.
+      "name": "UNKNOWN_STRUCTURE",
production/evidence/s04/review-01/independent-review/adversarial-01.log:25: trailing whitespace.
+      "message": "UNKNOWN_STRUCTURE",
production/evidence/s04/review-01/independent-review/adversarial-01.log:26: trailing whitespace.
+      "stack": "UNKNOWN_STRUCTURE: UNKNOWN_STRUCTURE\n    at demand (C:\\Users\\user\\.codex\\worktrees\\s04-fresh-review-01\\Grape\\production\\src\\sdk\\kernel.ts:12:18)\n    at validateDocumentStructure (C:\\Users\\user\\.codex\\worktrees\\s04-fresh-review-01\\Grape\\production\\src\\sdk\\document-validation.ts:352:3)\n    at writeDocument (C:\\Users\\user\\.codex\\worktrees\\s04-fresh-review-01\\Grape\\production\\src\\persistence\\codec.ts:153:3)\n    at <anonymous> (C:\\Users\\user\\.codex\\worktrees\\s04-fresh-review-01\\Grape\\.verification\\s04-fresh-review-01\\adversarial-probes-01.ts:22:535)\n    at group (C:\\Users\\user\\.codex\\worktrees\\s04-fresh-review-01\\Grape\\.verification\\s04-fresh-review-01\\adversarial-probes-01.ts:16:66)\n    at <anonymous> (C:\\Users\\user\\.codex\\worktrees\\s04-fresh-review-01\\Grape\\.verification\\s04-fresh-review-01\\adversarial-probes-01.ts:22:7)\n    at process.processTicksAndRejections (node:internal/process/task_queues:104:5)"
production/evidence/s04/review-01/independent-review/adversarial-01.log:27: trailing whitespace.
+    }
production/evidence/s04/review-01/independent-review/adversarial-01.log:28: trailing whitespace.
+  },
production/evidence/s04/review-01/independent-review/adversarial-01.log:29: trailing whitespace.
+  {
production/evidence/s04/review-01/independent-review/adversarial-01.log:30: trailing whitespace.
+    "name": "Independent literal variant export/remap/reuse/Independent/reopen with Undo Redo",
production/evidence/s04/review-01/independent-review/adversarial-01.log:31: trailing whitespace.
+    "status": "FAIL",
production/evidence/s04/review-01/independent-review/adversarial-01.log:32: trailing whitespace.
+    "error": {
production/evidence/s04/review-01/independent-review/adversarial-01.log:33: trailing whitespace.
+      "name": "PARAMETER_MISSING",
production/evidence/s04/review-01/independent-review/adversarial-01.log:34: trailing whitespace.
+      "message": "PARAMETER_MISSING",
production/evidence/s04/review-01/independent-review/adversarial-01.log:35: trailing whitespace.
+      "stack": "PARAMETER_MISSING: PARAMETER_MISSING\n    at demand (C:\\Users\\user\\.codex\\worktrees\\s04-fresh-review-01\\Grape\\production\\src\\sdk\\kernel.ts:12:18)\n    at <anonymous> (C:\\Users\\user\\.codex\\worktrees\\s04-fresh-review-01\\Grape\\production\\src\\model\\graph.ts:1238:7)\n    at Draft.run (C:\\Users\\user\\.codex\\worktrees\\s04-fresh-review-01\\Grape\\production\\src\\model\\graph.ts:1107:14)\n    at Draft.parameter (C:\\Users\\user\\.codex\\worktrees\\s04-fresh-review-01\\Grape\\production\\src\\model\\graph.ts:1226:10)\n    at <anonymous> (C:\\Users\\user\\.codex\\worktrees\\s04-fresh-review-01\\Grape\\.verification\\s04-fresh-review-01\\adversarial-probes-01.ts:23:290)\n    at Graph.change (C:\\Users\\user\\.codex\\worktrees\\s04-fresh-review-01\\Grape\\production\\src\\model\\graph.ts:401:22)\n    at <anonymous> (C:\\Users\\user\\.codex\\worktrees\\s04-fresh-review-01\\Grape\\.verification\\s04-fresh-review-01\\adversarial-probes-01.ts:23:253)\n    at group (C:\\Users\\user\\.codex\\worktrees\\s04-fresh-review-01\\Grape\\.verification\\s04-fresh-review-01\\adversarial-probes-01.ts:16:66)\n    at <anonymous> (C:\\Users\\user\\.codex\\worktrees\\s04-fresh-review-01\\Grape\\.verification\\s04-fresh-review-01\\adversarial-probes-01.ts:23:79)\n    at process.processTicksAndRejections (node:internal/process/task_queues:104:5)"
production/evidence/s04/review-01/independent-review/adversarial-01.log:36: trailing whitespace.
+    }
production/evidence/s04/review-01/independent-review/adversarial-01.log:37: trailing whitespace.
+  },
production/evidence/s04/review-01/independent-review/adversarial-01.log:38: trailing whitespace.
+  {
production/evidence/s04/review-01/independent-review/adversarial-01.log:39: trailing whitespace.
+    "name": "Independent source variant export/remap/reuse/Independent/reopen with Undo Redo",
production/evidence/s04/review-01/independent-review/adversarial-01.log:40: trailing whitespace.
+    "status": "FAIL",
production/evidence/s04/review-01/independent-review/adversarial-01.log:41: trailing whitespace.
+    "error": {
production/evidence/s04/review-01/independent-review/adversarial-01.log:42: trailing whitespace.
+      "name": "PARAMETER_MISSING",
production/evidence/s04/review-01/independent-review/adversarial-01.log:43: trailing whitespace.
+      "message": "PARAMETER_MISSING",
production/evidence/s04/review-01/independent-review/adversarial-01.log:44: trailing whitespace.
+      "stack": "PARAMETER_MISSING: PARAMETER_MISSING\n    at demand (C:\\Users\\user\\.codex\\worktrees\\s04-fresh-review-01\\Grape\\production\\src\\sdk\\kernel.ts:12:18)\n    at <anonymous> (C:\\Users\\user\\.codex\\worktrees\\s04-fresh-review-01\\Grape\\production\\src\\model\\graph.ts:1238:7)\n    at Draft.run (C:\\Users\\user\\.codex\\worktrees\\s04-fresh-review-01\\Grape\\production\\src\\model\\graph.ts:1107:14)\n    at Draft.parameter (C:\\Users\\user\\.codex\\worktrees\\s04-fresh-review-01\\Grape\\production\\src\\model\\graph.ts:1226:10)\n    at <anonymous> (C:\\Users\\user\\.codex\\worktrees\\s04-fresh-review-01\\Grape\\.verification\\s04-fresh-review-01\\adversarial-probes-01.ts:23:290)\n    at Graph.change (C:\\Users\\user\\.codex\\worktrees\\s04-fresh-review-01\\Grape\\production\\src\\model\\graph.ts:401:22)\n    at <anonymous> (C:\\Users\\user\\.codex\\worktrees\\s04-fresh-review-01\\Grape\\.verification\\s04-fresh-review-01\\adversarial-probes-01.ts:23:253)\n    at group (C:\\Users\\user\\.codex\\worktrees\\s04-fresh-review-01\\Grape\\.verification\\s04-fresh-review-01\\adversarial-probes-01.ts:16:66)\n    at <anonymous> (C:\\Users\\user\\.codex\\worktrees\\s04-fresh-review-01\\Grape\\.verification\\s04-fresh-review-01\\adversarial-probes-01.ts:23:79)\n    at process.processTicksAndRejections (node:internal/process/task_queues:104:5)"
production/evidence/s04/review-01/independent-review/adversarial-01.log:45: trailing whitespace.
+    }
production/evidence/s04/review-01/independent-review/adversarial-01.log:46: trailing whitespace.
+  },
production/evidence/s04/review-01/independent-review/adversarial-01.log:47: trailing whitespace.
+  {
production/evidence/s04/review-01/independent-review/adversarial-01.log:48: trailing whitespace.
+    "name": "Independent direct-source variant export/remap/reuse/Independent/reopen with Undo Redo",
production/evidence/s04/review-01/independent-review/adversarial-01.log:49: trailing whitespace.
+    "status": "FAIL",
production/evidence/s04/review-01/independent-review/adversarial-01.log:50: trailing whitespace.
+    "error": {
production/evidence/s04/review-01/independent-review/adversarial-01.log:51: trailing whitespace.
+      "name": "PARAMETER_MISSING",
production/evidence/s04/review-01/independent-review/adversarial-01.log:52: trailing whitespace.
+      "message": "PARAMETER_MISSING",
production/evidence/s04/review-01/independent-review/adversarial-01.log:53: trailing whitespace.
+      "stack": "PARAMETER_MISSING: PARAMETER_MISSING\n    at demand (C:\\Users\\user\\.codex\\worktrees\\s04-fresh-review-01\\Grape\\production\\src\\sdk\\kernel.ts:12:18)\n    at <anonymous> (C:\\Users\\user\\.codex\\worktrees\\s04-fresh-review-01\\Grape\\production\\src\\model\\graph.ts:1238:7)\n    at Draft.run (C:\\Users\\user\\.codex\\worktrees\\s04-fresh-review-01\\Grape\\production\\src\\model\\graph.ts:1107:14)\n    at Draft.parameter (C:\\Users\\user\\.codex\\worktrees\\s04-fresh-review-01\\Grape\\production\\src\\model\\graph.ts:1226:10)\n    at <anonymous> (C:\\Users\\user\\.codex\\worktrees\\s04-fresh-review-01\\Grape\\.verification\\s04-fresh-review-01\\adversarial-probes-01.ts:23:290)\n    at Graph.change (C:\\Users\\user\\.codex\\worktrees\\s04-fresh-review-01\\Grape\\production\\src\\model\\graph.ts:401:22)\n    at <anonymous> (C:\\Users\\user\\.codex\\worktrees\\s04-fresh-review-01\\Grape\\.verification\\s04-fresh-review-01\\adversarial-probes-01.ts:23:253)\n    at group (C:\\Users\\user\\.codex\\worktrees\\s04-fresh-review-01\\Grape\\.verification\\s04-fresh-review-01\\adversarial-probes-01.ts:16:66)\n    at <anonymous> (C:\\Users\\user\\.codex\\worktrees\\s04-fresh-review-01\\Grape\\.verification\\s04-fresh-review-01\\adversarial-probes-01.ts:23:79)\n    at process.processTicksAndRejections (node:internal/process/task_queues:104:5)"
production/evidence/s04/review-01/independent-review/adversarial-01.log:54: trailing whitespace.
+    }
production/evidence/s04/review-01/independent-review/adversarial-01.log:55: trailing whitespace.
+  },
production/evidence/s04/review-01/independent-review/adversarial-01.log:56: trailing whitespace.
+  {
production/evidence/s04/review-01/independent-review/adversarial-01.log:57: trailing whitespace.
+    "name": "Independent input variant export/remap/reuse/Independent/reopen with Undo Redo",
production/evidence/s04/review-01/independent-review/adversarial-01.log:58: trailing whitespace.
+    "status": "FAIL",
production/evidence/s04/review-01/independent-review/adversarial-01.log:59: trailing whitespace.
+    "error": {
production/evidence/s04/review-01/independent-review/adversarial-01.log:60: trailing whitespace.
+      "name": "PARAMETER_MISSING",
production/evidence/s04/review-01/independent-review/adversarial-01.log:61: trailing whitespace.
+      "message": "PARAMETER_MISSING",
production/evidence/s04/review-01/independent-review/adversarial-01.log:62: trailing whitespace.
+      "stack": "PARAMETER_MISSING: PARAMETER_MISSING\n    at demand (C:\\Users\\user\\.codex\\worktrees\\s04-fresh-review-01\\Grape\\production\\src\\sdk\\kernel.ts:12:18)\n    at <anonymous> (C:\\Users\\user\\.codex\\worktrees\\s04-fresh-review-01\\Grape\\production\\src\\model\\graph.ts:1238:7)\n    at Draft.run (C:\\Users\\user\\.codex\\worktrees\\s04-fresh-review-01\\Grape\\production\\src\\model\\graph.ts:1107:14)\n    at Draft.parameter (C:\\Users\\user\\.codex\\worktrees\\s04-fresh-review-01\\Grape\\production\\src\\model\\graph.ts:1226:10)\n    at <anonymous> (C:\\Users\\user\\.codex\\worktrees\\s04-fresh-review-01\\Grape\\.verification\\s04-fresh-review-01\\adversarial-probes-01.ts:23:290)\n    at Graph.change (C:\\Users\\user\\.codex\\worktrees\\s04-fresh-review-01\\Grape\\production\\src\\model\\graph.ts:401:22)\n    at <anonymous> (C:\\Users\\user\\.codex\\worktrees\\s04-fresh-review-01\\Grape\\.verification\\s04-fresh-review-01\\adversarial-probes-01.ts:23:253)\n    at group (C:\\Users\\user\\.codex\\worktrees\\s04-fresh-review-01\\Grape\\.verification\\s04-fresh-review-01\\adversarial-probes-01.ts:16:66)\n    at <anonymous> (C:\\Users\\user\\.codex\\worktrees\\s04-fresh-review-01\\Grape\\.verification\\s04-fresh-review-01\\adversarial-probes-01.ts:23:79)\n    at process.processTicksAndRejections (node:internal/process/task_queues:104:5)"
production/evidence/s04/review-01/independent-review/adversarial-01.log:63: trailing whitespace.
+    }
production/evidence/s04/review-01/independent-review/adversarial-01.log:64: trailing whitespace.
+  },
production/evidence/s04/review-01/independent-review/adversarial-01.log:65: trailing whitespace.
+  {
production/evidence/s04/review-01/independent-review/adversarial-01.log:66: trailing whitespace.
+    "name": "Independent nested variant export/remap/reuse/Independent/reopen with Undo Redo",
production/evidence/s04/review-01/independent-review/adversarial-01.log:67: trailing whitespace.
+    "status": "FAIL",
production/evidence/s04/review-01/independent-review/adversarial-01.log:68: trailing whitespace.
+    "error": {
production/evidence/s04/review-01/independent-review/adversarial-01.log:69: trailing whitespace.
+      "name": "PARAMETER_MISSING",
production/evidence/s04/review-01/independent-review/adversarial-01.log:70: trailing whitespace.
+      "message": "PARAMETER_MISSING",
production/evidence/s04/review-01/independent-review/adversarial-01.log:71: trailing whitespace.
+      "stack": "PARAMETER_MISSING: PARAMETER_MISSING\n    at demand (C:\\Users\\user\\.codex\\worktrees\\s04-fresh-review-01\\Grape\\production\\src\\sdk\\kernel.ts:12:18)\n    at <anonymous> (C:\\Users\\user\\.codex\\worktrees\\s04-fresh-review-01\\Grape\\production\\src\\model\\graph.ts:1238:7)\n    at Draft.run (C:\\Users\\user\\.codex\\worktrees\\s04-fresh-review-01\\Grape\\production\\src\\model\\graph.ts:1107:14)\n    at Draft.parameter (C:\\Users\\user\\.codex\\worktrees\\s04-fresh-review-01\\Grape\\production\\src\\model\\graph.ts:1226:10)\n    at <anonymous> (C:\\Users\\user\\.codex\\worktrees\\s04-fresh-review-01\\Grape\\.verification\\s04-fresh-review-01\\adversarial-probes-01.ts:23:290)\n    at Graph.change (C:\\Users\\user\\.codex\\worktrees\\s04-fresh-review-01\\Grape\\production\\src\\model\\graph.ts:401:22)\n    at <anonymous> (C:\\Users\\user\\.codex\\worktrees\\s04-fresh-review-01\\Grape\\.verification\\s04-fresh-review-01\\adversarial-probes-01.ts:23:253)\n    at group (C:\\Users\\user\\.codex\\worktrees\\s04-fresh-review-01\\Grape\\.verification\\s04-fresh-review-01\\adversarial-probes-01.ts:16:66)\n    at <anonymous> (C:\\Users\\user\\.codex\\worktrees\\s04-fresh-review-01\\Grape\\.verification\\s04-fresh-review-01\\adversarial-probes-01.ts:23:79)\n    at process.processTicksAndRejections (node:internal/process/task_queues:104:5)"
production/evidence/s04/review-01/independent-review/adversarial-01.log:72: trailing whitespace.
+    }
production/evidence/s04/review-01/independent-review/adversarial-01.log:73: trailing whitespace.
+  },
production/evidence/s04/review-01/independent-review/adversarial-01.log:74: trailing whitespace.
+  {
production/evidence/s04/review-01/independent-review/adversarial-01.log:75: trailing whitespace.
+    "name": "Independent checksum-valid invalid literal/source/input/nested mutations reject before any store publication",
production/evidence/s04/review-01/independent-review/adversarial-01.log:76: trailing whitespace.
+    "status": "PASS",
production/evidence/s04/review-01/independent-review/adversarial-01.log:77: trailing whitespace.
+    "data": [
production/evidence/s04/review-01/independent-review/adversarial-01.log:78: trailing whitespace.
+      {
production/evidence/s04/review-01/independent-review/adversarial-01.log:79: trailing whitespace.
+        "mode": "literal",
production/evidence/s04/review-01/independent-review/adversarial-01.log:80: trailing whitespace.
+        "error": "PERSONAL_COMPILE"
production/evidence/s04/review-01/independent-review/adversarial-01.log:81: trailing whitespace.
+      },
production/evidence/s04/review-01/independent-review/adversarial-01.log:82: trailing whitespace.
+      {
production/evidence/s04/review-01/independent-review/adversarial-01.log:83: trailing whitespace.
+        "mode": "source",
production/evidence/s04/review-01/independent-review/adversarial-01.log:84: trailing whitespace.
+        "error": "PERSONAL_SOURCE_DENIED"
production/evidence/s04/review-01/independent-review/adversarial-01.log:85: trailing whitespace.
+      },
production/evidence/s04/review-01/independent-review/adversarial-01.log:86: trailing whitespace.
+      {
production/evidence/s04/review-01/independent-review/adversarial-01.log:87: trailing whitespace.
+        "mode": "input",
production/evidence/s04/review-01/independent-review/adversarial-01.log:88: trailing whitespace.
+        "error": "ARRAY_EXTENT"
production/evidence/s04/review-01/independent-review/adversarial-01.log:89: trailing whitespace.
+      },
production/evidence/s04/review-01/independent-review/adversarial-01.log:90: trailing whitespace.
+      {
production/evidence/s04/review-01/independent-review/adversarial-01.log:91: trailing whitespace.
+        "mode": "nested",
production/evidence/s04/review-01/independent-review/adversarial-01.log:92: trailing whitespace.
+        "error": "REFERENCES_INCOMPLETE"
production/evidence/s04/review-01/independent-review/adversarial-01.log:93: trailing whitespace.
+      }
production/evidence/s04/review-01/independent-review/adversarial-01.log:94: trailing whitespace.
+    ]
production/evidence/s04/review-01/independent-review/adversarial-01.log:95: trailing whitespace.
+  }
production/evidence/s04/review-01/independent-review/adversarial-01.log:96: trailing whitespace.
+]
production/evidence/s04/review-01/independent-review/adversarial-02.log:1: trailing whitespace.
+(node:20924) ExperimentalWarning: Transform Types is an experimental feature and might change at any time
production/evidence/s04/review-01/independent-review/adversarial-02.log:2: trailing whitespace.
+(Use `node --trace-warnings ...` to show where the warning was created)
production/evidence/s04/review-01/independent-review/adversarial-02.log:3: trailing whitespace.
+[
production/evidence/s04/review-01/independent-review/adversarial-02.log:4: trailing whitespace.
+  {
production/evidence/s04/review-01/independent-review/adversarial-02.log:5: trailing whitespace.
+    "name": "Independent all16 plans use immutable operation/version mapping and reject exact changes",
production/evidence/s04/review-01/independent-review/adversarial-02.log:6: trailing whitespace.
+    "status": "PASS",
production/evidence/s04/review-01/independent-review/adversarial-02.log:7: trailing whitespace.
+    "data": {
production/evidence/s04/review-01/independent-review/adversarial-02.log:8: trailing whitespace.
+      "cases": 16
production/evidence/s04/review-01/independent-review/adversarial-02.log:9: trailing whitespace.
+    }
production/evidence/s04/review-01/independent-review/adversarial-02.log:10: trailing whitespace.
+  },
production/evidence/s04/review-01/independent-review/adversarial-02.log:11: trailing whitespace.
+  {
production/evidence/s04/review-01/independent-review/adversarial-02.log:12: trailing whitespace.
+    "name": "Independent forged stored plan is preserved and blocked after unrelated node move/rename/Undo/Redo",
production/evidence/s04/review-01/independent-review/adversarial-02.log:13: trailing whitespace.
+    "status": "PASS",
production/evidence/s04/review-01/independent-review/adversarial-02.log:14: trailing whitespace.
+    "data": {
production/evidence/s04/review-01/independent-review/adversarial-02.log:15: trailing whitespace.
+      "diagnostics": [
production/evidence/s04/review-01/independent-review/adversarial-02.log:16: trailing whitespace.
+        "EDGE_INVALID"
production/evidence/s04/review-01/independent-review/adversarial-02.log:17: trailing whitespace.
+      ]
production/evidence/s04/review-01/independent-review/adversarial-02.log:18: trailing whitespace.
+    }
production/evidence/s04/review-01/independent-review/adversarial-02.log:19: trailing whitespace.
+  },
production/evidence/s04/review-01/independent-review/adversarial-02.log:20: trailing whitespace.
+  {
production/evidence/s04/review-01/independent-review/adversarial-02.log:21: trailing whitespace.
+    "name": "Independent recursive inactive edge matrix preserves v2 and rejects malformed known endpoint before unknown extra",
production/evidence/s04/review-01/independent-review/adversarial-02.log:22: trailing whitespace.
+    "status": "PASS",
production/evidence/s04/review-01/independent-review/adversarial-02.log:23: trailing whitespace.
+    "data": {
production/evidence/s04/review-01/independent-review/adversarial-02.log:24: trailing whitespace.
+      "reader21": "editable",
production/evidence/s04/review-01/independent-review/adversarial-02.log:25: trailing whitespace.
+      "reader20": "recovery-readonly",
production/evidence/s04/review-01/independent-review/adversarial-02.log:26: trailing whitespace.
+      "malformed": "STRING"
production/evidence/s04/review-01/independent-review/adversarial-02.log:27: trailing whitespace.
+    }
production/evidence/s04/review-01/independent-review/adversarial-02.log:28: trailing whitespace.
+  },
production/evidence/s04/review-01/independent-review/adversarial-02.log:29: trailing whitespace.
+  {
production/evidence/s04/review-01/independent-review/adversarial-02.log:30: trailing whitespace.
+    "name": "Independent literal variant export/remap/reuse/Independent/reopen with Undo Redo",
production/evidence/s04/review-01/independent-review/adversarial-02.log:31: trailing whitespace.
+    "status": "PASS",
production/evidence/s04/review-01/independent-review/adversarial-02.log:32: trailing whitespace.
+    "data": {
production/evidence/s04/review-01/independent-review/adversarial-02.log:33: trailing whitespace.
+      "sourceHash": "2ca60199dbe806ddb8178f5e0477579adf962a7489dfb8b3dc09707f510355f2",
production/evidence/s04/review-01/independent-review/adversarial-02.log:34: trailing whitespace.
+      "roundtripHash": "2ca60199dbe806ddb8178f5e0477579adf962a7489dfb8b3dc09707f510355f2",
production/evidence/s04/review-01/independent-review/adversarial-02.log:35: trailing whitespace.
+      "resourceCount": 1,
production/evidence/s04/review-01/independent-review/adversarial-02.log:36: trailing whitespace.
+      "qualifiedStages": 1
production/evidence/s04/review-01/independent-review/adversarial-02.log:37: trailing whitespace.
+    }
production/evidence/s04/review-01/independent-review/adversarial-02.log:38: trailing whitespace.
+  },
production/evidence/s04/review-01/independent-review/adversarial-02.log:39: trailing whitespace.
+  {
production/evidence/s04/review-01/independent-review/adversarial-02.log:40: trailing whitespace.
+    "name": "Independent source variant export/remap/reuse/Independent/reopen with Undo Redo",
production/evidence/s04/review-01/independent-review/adversarial-02.log:41: trailing whitespace.
+    "status": "PASS",
production/evidence/s04/review-01/independent-review/adversarial-02.log:42: trailing whitespace.
+    "data": {
production/evidence/s04/review-01/independent-review/adversarial-02.log:43: trailing whitespace.
+      "sourceHash": "f80ae9ea152ec399fc2257a5eab2c3c8e006c9e0b0f26c4f0e8945a6a7956bdb",
production/evidence/s04/review-01/independent-review/adversarial-02.log:44: trailing whitespace.
+      "roundtripHash": "f80ae9ea152ec399fc2257a5eab2c3c8e006c9e0b0f26c4f0e8945a6a7956bdb",
production/evidence/s04/review-01/independent-review/adversarial-02.log:45: trailing whitespace.
+      "resourceCount": 3,
production/evidence/s04/review-01/independent-review/adversarial-02.log:46: trailing whitespace.
+      "qualifiedStages": 1
production/evidence/s04/review-01/independent-review/adversarial-02.log:47: trailing whitespace.
+    }
production/evidence/s04/review-01/independent-review/adversarial-02.log:48: trailing whitespace.
+  },
production/evidence/s04/review-01/independent-review/adversarial-02.log:49: trailing whitespace.
+  {
production/evidence/s04/review-01/independent-review/adversarial-02.log:50: trailing whitespace.
+    "name": "Independent direct-source variant export/remap/reuse/Independent/reopen with Undo Redo",
production/evidence/s04/review-01/independent-review/adversarial-02.log:51: trailing whitespace.
+    "status": "PASS",
production/evidence/s04/review-01/independent-review/adversarial-02.log:52: trailing whitespace.
+    "data": {
production/evidence/s04/review-01/independent-review/adversarial-02.log:53: trailing whitespace.
+      "sourceHash": "36802f68a82181dcbfe430a4d0f2ca5dcb373b5ade6792610e94f4f535b77a96",
production/evidence/s04/review-01/independent-review/adversarial-02.log:54: trailing whitespace.
+      "roundtripHash": "36802f68a82181dcbfe430a4d0f2ca5dcb373b5ade6792610e94f4f535b77a96",
production/evidence/s04/review-01/independent-review/adversarial-02.log:55: trailing whitespace.
+      "resourceCount": 2,
production/evidence/s04/review-01/independent-review/adversarial-02.log:56: trailing whitespace.
+      "qualifiedStages": 1
production/evidence/s04/review-01/independent-review/adversarial-02.log:57: trailing whitespace.
+    }
production/evidence/s04/review-01/independent-review/adversarial-02.log:58: trailing whitespace.
+  },
production/evidence/s04/review-01/independent-review/adversarial-02.log:59: trailing whitespace.
+  {
production/evidence/s04/review-01/independent-review/adversarial-02.log:60: trailing whitespace.
+    "name": "Independent input variant export/remap/reuse/Independent/reopen with Undo Redo",
production/evidence/s04/review-01/independent-review/adversarial-02.log:61: trailing whitespace.
+    "status": "PASS",
production/evidence/s04/review-01/independent-review/adversarial-02.log:62: trailing whitespace.
+    "data": {
production/evidence/s04/review-01/independent-review/adversarial-02.log:63: trailing whitespace.
+      "sourceHash": "2ede2d8fbb5c8e984845daa8df6ef89275ce14855e3a3a4d7079c8031b61c970",
production/evidence/s04/review-01/independent-review/adversarial-02.log:64: trailing whitespace.
+      "roundtripHash": "2ede2d8fbb5c8e984845daa8df6ef89275ce14855e3a3a4d7079c8031b61c970",
production/evidence/s04/review-01/independent-review/adversarial-02.log:65: trailing whitespace.
+      "resourceCount": 2,
production/evidence/s04/review-01/independent-review/adversarial-02.log:66: trailing whitespace.
+      "qualifiedStages": 1
production/evidence/s04/review-01/independent-review/adversarial-02.log:67: trailing whitespace.
+    }
production/evidence/s04/review-01/independent-review/adversarial-02.log:68: trailing whitespace.
+  },
production/evidence/s04/review-01/independent-review/adversarial-02.log:69: trailing whitespace.
+  {
production/evidence/s04/review-01/independent-review/adversarial-02.log:70: trailing whitespace.
+    "name": "Independent nested variant export/remap/reuse/Independent/reopen with Undo Redo",
production/evidence/s04/review-01/independent-review/adversarial-02.log:71: trailing whitespace.
+    "status": "PASS",
production/evidence/s04/review-01/independent-review/adversarial-02.log:72: trailing whitespace.
+    "data": {
production/evidence/s04/review-01/independent-review/adversarial-02.log:73: trailing whitespace.
+      "sourceHash": "3e98f6ee0da7012a238aaad788361c1796fd7f59d60dc6507f220e1e9061dc85",
production/evidence/s04/review-01/independent-review/adversarial-02.log:74: trailing whitespace.
+      "roundtripHash": "3e98f6ee0da7012a238aaad788361c1796fd7f59d60dc6507f220e1e9061dc85",
production/evidence/s04/review-01/independent-review/adversarial-02.log:75: trailing whitespace.
+      "resourceCount": 3,
production/evidence/s04/review-01/independent-review/adversarial-02.log:76: trailing whitespace.
+      "qualifiedStages": 1
production/evidence/s04/review-01/independent-review/adversarial-02.log:77: trailing whitespace.
+    }
production/evidence/s04/review-01/independent-review/adversarial-02.log:78: trailing whitespace.
+  },
production/evidence/s04/review-01/independent-review/adversarial-02.log:79: trailing whitespace.
+  {
production/evidence/s04/review-01/independent-review/adversarial-02.log:80: trailing whitespace.
+    "name": "Independent checksum-valid invalid literal/source/input/nested mutations reject before any store publication",
production/evidence/s04/review-01/independent-review/adversarial-02.log:81: trailing whitespace.
+    "status": "PASS",
production/evidence/s04/review-01/independent-review/adversarial-02.log:82: trailing whitespace.
+    "data": [
production/evidence/s04/review-01/independent-review/adversarial-02.log:83: trailing whitespace.
+      {
production/evidence/s04/review-01/independent-review/adversarial-02.log:84: trailing whitespace.
+        "mode": "literal",
production/evidence/s04/review-01/independent-review/adversarial-02.log:85: trailing whitespace.
+        "error": "PERSONAL_COMPILE"
production/evidence/s04/review-01/independent-review/adversarial-02.log:86: trailing whitespace.
+      },
production/evidence/s04/review-01/independent-review/adversarial-02.log:87: trailing whitespace.
+      {
production/evidence/s04/review-01/independent-review/adversarial-02.log:88: trailing whitespace.
+        "mode": "source",
production/evidence/s04/review-01/independent-review/adversarial-02.log:89: trailing whitespace.
+        "error": "PERSONAL_SOURCE_DENIED"
production/evidence/s04/review-01/independent-review/adversarial-02.log:90: trailing whitespace.
+      },
production/evidence/s04/review-01/independent-review/adversarial-02.log:91: trailing whitespace.
+      {
production/evidence/s04/review-01/independent-review/adversarial-02.log:92: trailing whitespace.
+        "mode": "input",
production/evidence/s04/review-01/independent-review/adversarial-02.log:93: trailing whitespace.
+        "error": "ARRAY_EXTENT"
production/evidence/s04/review-01/independent-review/adversarial-02.log:94: trailing whitespace.
+      },
production/evidence/s04/review-01/independent-review/adversarial-02.log:95: trailing whitespace.
+      {
production/evidence/s04/review-01/independent-review/adversarial-02.log:96: trailing whitespace.
+        "mode": "nested",
production/evidence/s04/review-01/independent-review/adversarial-02.log:97: trailing whitespace.
+        "error": "REFERENCES_INCOMPLETE"
production/evidence/s04/review-01/independent-review/adversarial-02.log:98: trailing whitespace.
+      }
production/evidence/s04/review-01/independent-review/adversarial-02.log:99: trailing whitespace.
+    ]
production/evidence/s04/review-01/independent-review/adversarial-02.log:100: trailing whitespace.
+  }
production/evidence/s04/review-01/independent-review/adversarial-02.log:101: trailing whitespace.
+]
production/evidence/s04/review-01/independent-review/adversarial-probes-01.ts:25: trailing whitespace.
+fs.writeFileSync(new URL('./adversarial-results-01.json',import.meta.url),JSON.stringify({at:new Date().toISOString(),author:'/root/s04_fresh_review_01',rows},null,2));console.log(JSON.stringify(rows,null,2));process.exitCode=rows.some(x=>x.status!=='PASS')?1:0;
production/evidence/s04/review-01/independent-review/adversarial-probes-02.ts:25: trailing whitespace.
+fs.writeFileSync(new URL('./adversarial-results-02.json',import.meta.url),JSON.stringify({at:new Date().toISOString(),author:'/root/s04_fresh_review_01',rows},null,2));console.log(JSON.stringify(rows,null,2));process.exitCode=rows.some(x=>x.status!=='PASS')?1:0;
production/evidence/s04/review-01/independent-review/adversarial-probes-02.ts:26: trailing whitespace.
+
production/evidence/s04/review-01/independent-review/adversarial-probes-02.ts:26: new blank line at EOF.
production/evidence/s04/review-01/independent-review/artifact-browser-01.log:1: trailing whitespace.
+Error: http://127.0.0.1:4174 is already used, make sure that nothing is running on the port/url or set reuseExistingServer:true in config.webServer.
production/evidence/s04/review-01/independent-review/artifact-browser-01.log:2: trailing whitespace.
+
production/evidence/s04/review-01/independent-review/artifact-browser-01.log:2: new blank line at EOF.
production/evidence/s04/review-01/independent-review/artifact-browser-02.log:1: trailing whitespace.
+[WebServer] (node:54772) Warning: The 'NO_COLOR' env is ignored due to the 'FORCE_COLOR' env being set.
production/evidence/s04/review-01/independent-review/artifact-browser-02.log:2: trailing whitespace.
+[WebServer] (Use `node --trace-warnings ...` to show where the warning was created)
production/evidence/s04/review-01/independent-review/artifact-browser-02.log:3: trailing whitespace.
+
production/evidence/s04/review-01/independent-review/artifact-browser-02.log:4: trailing whitespace.
+Running 1 test using 1 worker
production/evidence/s04/review-01/independent-review/artifact-browser-02.log:5: trailing whitespace.
+
production/evidence/s04/review-01/independent-review/artifact-browser-02.log:6: trailing whitespace.
+(node:6244) Warning: The 'NO_COLOR' env is ignored due to the 'FORCE_COLOR' env being set.
production/evidence/s04/review-01/independent-review/artifact-browser-02.log:7: trailing whitespace.
+(Use `node --trace-warnings ...` to show where the warning was created)
production/evidence/s04/review-01/independent-review/artifact-browser-02.log:8: trailing whitespace.
+  ok 1 [chromium] › .verification\s04-fresh-review-01\artifact-smoke-01.spec.mjs:4:1 › Independent archived candidate artifact Canvas conversion, Personal persistence and exact Undo/Redo (1.3s)
production/evidence/s04/review-01/independent-review/artifact-browser-02.log:9: trailing whitespace.
+
production/evidence/s04/review-01/independent-review/artifact-browser-02.log:10: trailing whitespace.
+  1 passed (2.2s)
production/evidence/s04/review-01/independent-review/artifact-playwright-01.config.mjs:2: trailing whitespace.
+export default defineConfig({testDir:'.',testMatch:'artifact-smoke-01.spec.mjs',workers:1,retries:0,timeout:30000,reporter:[['list'],['json',{outputFile:process.env.GRAPE_EVIDENCE_DIR+'/browser-results.json'}]],use:{baseURL:'http://127.0.0.1:4174',viewport:{width:1440,height:1000},trace:'retain-on-failure',screenshot:'only-on-failure'},webServer:{command:'node production/node_modules/vite/bin/vite.js preview --outDir .verification/s04-fresh-review-01/candidate-web --host 127.0.0.1 --port 4174 --strictPort',cwd:process.cwd(),url:'http://127.0.0.1:4174',reuseExistingServer:false},projects:[{name:'chromium',use:{browserName:'chromium'}}]});
production/evidence/s04/review-01/independent-review/artifact-playwright-02.config.mjs:2: trailing whitespace.
+export default defineConfig({testDir:'.',testMatch:'artifact-smoke-01.spec.mjs',workers:1,retries:0,timeout:30000,reporter:[['list'],['json',{outputFile:process.env.GRAPE_EVIDENCE_DIR+'/browser-results.json'}]],use:{baseURL:'http://127.0.0.1:4191',viewport:{width:1440,height:1000},trace:'retain-on-failure',screenshot:'only-on-failure'},webServer:{command:'node production/node_modules/vite/bin/vite.js preview --outDir .verification/s04-fresh-review-01/candidate-web --host 127.0.0.1 --port 4191 --strictPort',cwd:process.cwd(),url:'http://127.0.0.1:4191',reuseExistingServer:false},projects:[{name:'chromium',use:{browserName:'chromium'}}]});
production/evidence/s04/review-01/independent-review/artifact-playwright-02.config.mjs:3: trailing whitespace.
+
production/evidence/s04/review-01/independent-review/artifact-playwright-02.config.mjs:3: new blank line at EOF.
production/evidence/s04/review-01/independent-review/artifact-smoke-01.spec.mjs:4: trailing whitespace.
+test('Independent archived candidate artifact Canvas conversion, Personal persistence and exact Undo/Redo',async({page,browser})=>{const errors=[];page.on('pageerror',e=>errors.push(e.message));await page.goto('/');await page.getByRole('button',{name:'Add Compose',exact:true}).click();await page.locator('[data-parameter="mode"]').selectOption('vec2');await page.getByRole('button',{name:'Compose output result',exact:true}).click();await page.getByRole('button',{name:'Image output input color',exact:true}).click();await expect(page.locator('.wires [data-edge]')).toHaveCount(1);const exported=async()=>{const event=page.waitForEvent('download');await page.getByRole('button',{name:'Export JSON',exact:true}).click();return JSON.parse(await fs.readFile(await(await event).path(),'utf8'));};const before=await exported();expect(before.formatVersion).toEqual({major:2,minor:1});const plan=before.graph.stages.find(s=>s.key==='pixel').network.edges[0].adaptation;expect(plan).toMatchObject({version:2,operation:'pad-vector',sourceType:'glsl.vec2',targetType:'glsl.vec4'});await page.getByRole('button',{name:'Undo',exact:true}).click();await expect(page.locator('.wires [data-edge]')).toHaveCount(0);await page.getByRole('button',{name:'Redo',exact:true}).click();expect((await exported()).graph).toEqual(before.graph);await page.getByRole('button',{name:'Generate GLSL',exact:true}).click();await expect(page.getByLabel('Generated GLSL')).toContainText('0.0, 1.0');await page.getByRole('button',{name:'New subgraph',exact:true}).click();await page.getByRole('button',{name:'Personal Library',exact:true}).click();await page.getByRole('button',{name:'Save selected subgraph',exact:true}).click();await expect(page.locator('dialog[open] [role="status"]')).toContainText('Saved');await page.getByRole('button',{name:'Insert Subgraph',exact:true}).click();await expect(page.locator('dialog[open]')).toHaveCount(0);const inserted=await exported();await page.reload();await page.getByRole('button',{name:'Personal Library',exact:true}).click();await expect(page.locator('[data-personal-file]')).toHaveCount(1);await page.screenshot({path:out+'/archived-artifact-ui.png',fullPage:true});expect(errors).toEqual([]);const runtime=await page.evaluate(()=>{const gl=document.createElement('canvas').getContext('webgl2');return {userAgent:navigator.userAgent,webgl:gl?.getParameter(gl.VERSION),renderer:gl?.getParameter(gl.RENDERER),viewport:{width:innerWidth,height:innerHeight}};});await fs.writeFile(out+'/artifact-smoke-evidence.json',JSON.stringify({browser:browser.version(),runtime,plan,inserted,errors},null,2));});
production/evidence/s04/review-01/independent-review/bootstrap-01.log:1: trailing whitespace.
+{
production/evidence/s04/review-01/independent-review/bootstrap-01.log:2: trailing whitespace.
+  "status": "PASS",
production/evidence/s04/review-01/independent-review/bootstrap-01.log:3: trailing whitespace.
+  "scope": "Read-only bootstrap/integrity/navigation and state checks, not full qualification or S01 authorization",
production/evidence/s04/review-01/independent-review/bootstrap-01.log:4: trailing whitespace.
+  "checks": 469,
production/evidence/s04/review-01/independent-review/bootstrap-01.log:5: trailing whitespace.
+  "errors": [],
production/evidence/s04/review-01/independent-review/bootstrap-01.log:6: trailing whitespace.
+  "indexedFiles": 411,
production/evidence/s04/review-01/independent-review/bootstrap-01.log:7: trailing whitespace.
+  "frozenFiles": 412,
production/evidence/s04/review-01/independent-review/bootstrap-01.log:8: trailing whitespace.
+  "acceptedRevision": "IH-005",
production/evidence/s04/review-01/independent-review/bootstrap-01.log:9: trailing whitespace.
+  "canonicalFormat": "grape.document 2.0",
production/evidence/s04/review-01/independent-review/bootstrap-01.log:10: trailing whitespace.
+  "currentState": "active",
production/evidence/s04/review-01/independent-review/bootstrap-01.log:11: trailing whitespace.
+  "activeSlices": [
production/evidence/s04/review-01/independent-review/bootstrap-01.log:12: trailing whitespace.
+    "S04"
production/evidence/s04/review-01/independent-review/bootstrap-01.log:13: trailing whitespace.
+  ],
production/evidence/s04/review-01/independent-review/bootstrap-01.log:14: trailing whitespace.
+  "currentRecordValidation": "CURRENT_RECORD_VALID",
production/evidence/s04/review-01/independent-review/bootstrap-01.log:15: trailing whitespace.
+  "commands": [
production/evidence/s04/review-01/independent-review/bootstrap-01.log:16: trailing whitespace.
+    {
production/evidence/s04/review-01/independent-review/bootstrap-01.log:17: trailing whitespace.
+      "command": "node handoff/tools/check-handoff.mjs",
production/evidence/s04/review-01/independent-review/bootstrap-01.log:18: trailing whitespace.
+      "exitCode": 0,
production/evidence/s04/review-01/independent-review/bootstrap-01.log:19: trailing whitespace.
+      "status": "PASS",
production/evidence/s04/review-01/independent-review/bootstrap-01.log:20: trailing whitespace.
+      "checks": 9361,
production/evidence/s04/review-01/independent-review/bootstrap-01.log:21: trailing whitespace.
+      "errors": []
production/evidence/s04/review-01/independent-review/bootstrap-01.log:22: trailing whitespace.
+    },
production/evidence/s04/review-01/independent-review/bootstrap-01.log:23: trailing whitespace.
+    {
production/evidence/s04/review-01/independent-review/bootstrap-01.log:24: trailing whitespace.
+      "command": "node handoff/tools/check-ih005.mjs --verify-index",
production/evidence/s04/review-01/independent-review/bootstrap-01.log:25: trailing whitespace.
+      "exitCode": 0,
production/evidence/s04/review-01/independent-review/bootstrap-01.log:26: trailing whitespace.
+      "status": "PASS",
production/evidence/s04/review-01/independent-review/bootstrap-01.log:27: trailing whitespace.
+      "checks": 469,
production/evidence/s04/review-01/independent-review/bootstrap-01.log:28: trailing whitespace.
+      "errors": []
production/evidence/s04/review-01/independent-review/bootstrap-01.log:29: trailing whitespace.
+    },
production/evidence/s04/review-01/independent-review/bootstrap-01.log:30: trailing whitespace.
+    {
production/evidence/s04/review-01/independent-review/bootstrap-01.log:31: trailing whitespace.
+      "command": "node handoff/tools/check-repair.mjs",
production/evidence/s04/review-01/independent-review/bootstrap-01.log:32: trailing whitespace.
+      "exitCode": 0,
production/evidence/s04/review-01/independent-review/bootstrap-01.log:33: trailing whitespace.
+      "status": "PASS",
production/evidence/s04/review-01/independent-review/bootstrap-01.log:34: trailing whitespace.
+      "checks": 103,
production/evidence/s04/review-01/independent-review/bootstrap-01.log:35: trailing whitespace.
+      "errors": []
production/evidence/s04/review-01/independent-review/bootstrap-01.log:36: trailing whitespace.
+    },
production/evidence/s04/review-01/independent-review/bootstrap-01.log:37: trailing whitespace.
+    {
production/evidence/s04/review-01/independent-review/bootstrap-01.log:38: trailing whitespace.
+      "command": "node handoff/tools/check-second-review.mjs",
production/evidence/s04/review-01/independent-review/bootstrap-01.log:39: trailing whitespace.
+      "exitCode": 0,
production/evidence/s04/review-01/independent-review/bootstrap-01.log:40: trailing whitespace.
+      "status": "PASS",
production/evidence/s04/review-01/independent-review/bootstrap-01.log:41: trailing whitespace.
+      "checks": 266,
production/evidence/s04/review-01/independent-review/bootstrap-01.log:42: trailing whitespace.
+      "errors": []
production/evidence/s04/review-01/independent-review/bootstrap-01.log:43: trailing whitespace.
+    },
production/evidence/s04/review-01/independent-review/bootstrap-01.log:44: trailing whitespace.
+    {
production/evidence/s04/review-01/independent-review/bootstrap-01.log:45: trailing whitespace.
+      "command": "node handoff/tools/check-final-review-repair.mjs",
production/evidence/s04/review-01/independent-review/bootstrap-01.log:46: trailing whitespace.
+      "exitCode": 0,
production/evidence/s04/review-01/independent-review/bootstrap-01.log:47: trailing whitespace.
+      "status": "PASS",
production/evidence/s04/review-01/independent-review/bootstrap-01.log:48: trailing whitespace.
+      "checks": 36,
production/evidence/s04/review-01/independent-review/bootstrap-01.log:49: trailing whitespace.
+      "errors": []
production/evidence/s04/review-01/independent-review/bootstrap-01.log:50: trailing whitespace.
+    },
production/evidence/s04/review-01/independent-review/bootstrap-01.log:51: trailing whitespace.
+    {
production/evidence/s04/review-01/independent-review/bootstrap-01.log:52: trailing whitespace.
+      "command": "node handoff/tools/check-implementation-state.mjs",
production/evidence/s04/review-01/independent-review/bootstrap-01.log:53: trailing whitespace.
+      "exitCode": 0,
production/evidence/s04/review-01/independent-review/bootstrap-01.log:54: trailing whitespace.
+      "status": "TEMPLATE_VALID",
production/evidence/s04/review-01/independent-review/bootstrap-01.log:55: trailing whitespace.
+      "errors": []
production/evidence/s04/review-01/independent-review/bootstrap-01.log:56: trailing whitespace.
+    },
production/evidence/s04/review-01/independent-review/bootstrap-01.log:57: trailing whitespace.
+    {
production/evidence/s04/review-01/independent-review/bootstrap-01.log:58: trailing whitespace.
+      "command": "node handoff/tools/check-implementation-state.mjs --current",
production/evidence/s04/review-01/independent-review/bootstrap-01.log:59: trailing whitespace.
+      "exitCode": 0,
production/evidence/s04/review-01/independent-review/bootstrap-01.log:60: trailing whitespace.
+      "status": "CURRENT_RECORD_VALID",
production/evidence/s04/review-01/independent-review/bootstrap-01.log:61: trailing whitespace.
+      "errors": []
production/evidence/s04/review-01/independent-review/bootstrap-01.log:62: trailing whitespace.
+    }
production/evidence/s04/review-01/independent-review/bootstrap-01.log:63: trailing whitespace.
+  ]
production/evidence/s04/review-01/independent-review/bootstrap-01.log:64: trailing whitespace.
+}
production/evidence/s04/review-01/independent-review/bootstrap-tests-01.log:1: trailing whitespace.
+✔ BOOT01 accepted baseline and materialized current record remain valid and not-started (530.8912ms)
production/evidence/s04/review-01/independent-review/bootstrap-tests-01.log:2: trailing whitespace.
+✔ BOOT10 navigation fixtures preserve linked bytes and reject escaping paths and symlink ancestors (280.9469ms)
production/evidence/s04/review-01/independent-review/bootstrap-tests-01.log:3: trailing whitespace.
+✔ BOOT02 changing one frozen file is detected without executing changed checkers (456.0958ms)
production/evidence/s04/review-01/independent-review/bootstrap-tests-01.log:4: trailing whitespace.
+✔ BOOT03 unindexed files including dependency/scratch files are rejected (464.802ms)
production/evidence/s04/review-01/independent-review/bootstrap-tests-01.log:5: trailing whitespace.
+✔ BOOT04 owner acceptance must bind the exact frozen index digest (457.7775ms)
production/evidence/s04/review-01/independent-review/bootstrap-tests-01.log:6: trailing whitespace.
+✔ BOOT05 external current locator cannot masquerade as the frozen template (449.7962ms)
production/evidence/s04/review-01/independent-review/bootstrap-tests-01.log:7: trailing whitespace.
+✔ BOOT06 not-started state cannot contain invented slice progress (568.2414ms)
production/evidence/s04/review-01/independent-review/bootstrap-tests-01.log:8: trailing whitespace.
+✔ BOOT07 changing status alone cannot invent a valid started project (459.9529ms)
production/evidence/s04/review-01/independent-review/bootstrap-tests-01.log:9: trailing whitespace.
+✔ BOOT08 inherited DEC-GRAPE-001 remains single and is not fabricated as implementation progress (464.2254ms)
production/evidence/s04/review-01/independent-review/bootstrap-tests-01.log:10: trailing whitespace.
+✔ BOOT09 staged qualification is an isolated byte copy; edits cannot alter accepted handoff or current state (1108.0959ms)
production/evidence/s04/review-01/independent-review/bootstrap-tests-01.log:11: trailing whitespace.
+ℹ tests 10
production/evidence/s04/review-01/independent-review/bootstrap-tests-01.log:12: trailing whitespace.
+ℹ suites 0
production/evidence/s04/review-01/independent-review/bootstrap-tests-01.log:13: trailing whitespace.
+ℹ pass 10
production/evidence/s04/review-01/independent-review/bootstrap-tests-01.log:14: trailing whitespace.
+ℹ fail 0
production/evidence/s04/review-01/independent-review/bootstrap-tests-01.log:15: trailing whitespace.
+ℹ cancelled 0
production/evidence/s04/review-01/independent-review/bootstrap-tests-01.log:16: trailing whitespace.
+ℹ skipped 0
production/evidence/s04/review-01/independent-review/bootstrap-tests-01.log:17: trailing whitespace.
+ℹ todo 0
production/evidence/s04/review-01/independent-review/bootstrap-tests-01.log:18: trailing whitespace.
+ℹ duration_ms 5254.4518
production/evidence/s04/review-01/independent-review/browser-01.log:1: trailing whitespace.
+
production/evidence/s04/review-01/independent-review/browser-01.log:2: trailing whitespace.
+> grape-s01@0.1.0 test:browser
production/evidence/s04/review-01/independent-review/browser-01.log:3: trailing whitespace.
+> node tools/runtime.mjs && playwright test --output C:/Users/user/.codex/worktrees/s04-fresh-review-01/Grape/.verification/s04-fresh-review-01/browser-01/artifacts
production/evidence/s04/review-01/independent-review/browser-01.log:4: trailing whitespace.
+
production/evidence/s04/review-01/independent-review/browser-01.log:5: trailing whitespace.
+[WebServer] (node:43024) Warning: The 'NO_COLOR' env is ignored due to the 'FORCE_COLOR' env being set.
production/evidence/s04/review-01/independent-review/browser-01.log:6: trailing whitespace.
+[WebServer] (Use `node --trace-warnings ...` to show where the warning was created)
production/evidence/s04/review-01/independent-review/browser-01.log:7: trailing whitespace.
+
production/evidence/s04/review-01/independent-review/browser-01.log:8: trailing whitespace.
+Running 54 tests using 1 worker
production/evidence/s04/review-01/independent-review/browser-01.log:9: trailing whitespace.
+
production/evidence/s04/review-01/independent-review/browser-01.log:10: trailing whitespace.
+(node:15748) Warning: The 'NO_COLOR' env is ignored due to the 'FORCE_COLOR' env being set.
production/evidence/s04/review-01/independent-review/browser-01.log:11: trailing whitespace.
+(Use `node --trace-warnings ...` to show where the warning was created)
production/evidence/s04/review-01/independent-review/browser-01.log:12: trailing whitespace.
+  ok  1 [chromium] › tests\browser\s01.spec.ts:30:1 › AT-S01-01 browser: user creates connected shader, edits and sees generated GLSL (1.0s)
production/evidence/s04/review-01/independent-review/browser-01.log:13: trailing whitespace.
+  ok  2 [chromium] › tests\browser\s01.spec.ts:56:1 › AT-S01-03 browser: dynamic shape errors are visible, Undo restores and Redo repeats (1.0s)
production/evidence/s04/review-01/independent-review/browser-01.log:14: trailing whitespace.
+  ok  3 [chromium] › tests\browser\s01.spec.ts:85:1 › AT-S01-05 browser: IndexedDB ACK save/reopen and independent JSON download/file open (1.2s)
production/evidence/s04/review-01/independent-review/browser-01.log:15: trailing whitespace.
+  ok  4 [chromium] › tests\browser\s01.spec.ts:117:1 › AT-S01-02 browser: occupied and incompatible connections preserve wires and revision (911ms)
production/evidence/s04/review-01/independent-review/browser-01.log:16: trailing whitespace.
+  ok  5 [chromium] › tests\browser\s01.spec.ts:142:1 › AT-S01-04 browser: draft cancel, IME guard, keyboard commit, pointer gesture Undo and cancel (708ms)
production/evidence/s04/review-01/independent-review/browser-01.log:17: trailing whitespace.
+  ok  6 [chromium] › tests\browser\s01.spec.ts:184:1 › AT-S01-06 browser: two Canvas contexts keep independent selections and camera while sharing edits (729ms)
production/evidence/s04/review-01/independent-review/browser-01.log:18: trailing whitespace.
+  ok  7 [chromium] › tests\browser\s01.spec.ts:243:1 › AT-S01-07 browser: delayed storage completion cannot clear a newer edit; rejection and export preserve dirty (496ms)
production/evidence/s04/review-01/independent-review/browser-01.log:19: trailing whitespace.
+  ok  8 [chromium] › tests\browser\s01.spec.ts:291:1 › recovery browser: future structural document stays read-only and original can be exported (363ms)
production/evidence/s04/review-01/independent-review/browser-01.log:20: trailing whitespace.
+  ok  9 [chromium] › tests\browser\s01.spec.ts:318:1 › readonly browser: fields, actions and keyboard cannot edit; unlocking restores the same value (409ms)
production/evidence/s04/review-01/independent-review/browser-01.log:21: trailing whitespace.
+  ok 10 [chromium] › tests\browser\s01.spec.ts:340:1 › diagnostics locate the affected node through the active Context without adding History (847ms)
production/evidence/s04/review-01/independent-review/browser-01.log:22: trailing whitespace.
+  ok 11 [chromium] › tests\browser\s01.spec.ts:364:1 › invalid UTF-8 recovery retains original bytes; closing recovery and cancelling open preserve the graph (461ms)
production/evidence/s04/review-01/independent-review/browser-01.log:23: trailing whitespace.
+  ok 12 [chromium] › tests\browser\s01.spec.ts:390:1 › view failure shows shared retry placeholder and releases the failed mount (394ms)
production/evidence/s04/review-01/independent-review/browser-01.log:24: trailing whitespace.
+  ok 13 [chromium] › tests\browser\s01.spec.ts:424:1 › keyboard node selection and connection buttons preserve focus; wires meet sockets after fractional zoom (846ms)
production/evidence/s04/review-01/independent-review/browser-01.log:25: trailing whitespace.
+  ok 14 [chromium] › tests\browser\s01.spec.ts:458:1 › error-bearing dynamic document saves and reopens with loss evidence and generation still blocked (1.2s)
production/evidence/s04/review-01/independent-review/browser-01.log:26: trailing whitespace.
+  ok 15 [chromium] › tests\browser\s01.spec.ts:499:3 › M1 browser: Float 1e21 commits and generates a valid exponent literal (929ms)
production/evidence/s04/review-01/independent-review/browser-01.log:27: trailing whitespace.
+  ok 16 [chromium] › tests\browser\s01.spec.ts:499:3 › M1 browser: Multiply 1e21 commits and generates a valid exponent literal (896ms)
production/evidence/s04/review-01/independent-review/browser-01.log:28: trailing whitespace.
+  ok 17 [chromium] › tests\browser\s01.spec.ts:534:1 › N1 browser: middle/right movement cannot edit nodes; primary drag still groups into one Undo (759ms)
production/evidence/s04/review-01/independent-review/browser-01.log:29: trailing whitespace.
+  ok 18 [chromium] › tests\browser\s02.spec.ts:25:1 › AT-S02-01 browser: review/cancel, repair proposal and explicit one-Undo atomic acceptance (964ms)
production/evidence/s04/review-01/independent-review/browser-01.log:30: trailing whitespace.
+  ok 19 [chromium] › tests\browser\s02.spec.ts:79:1 › AT-S02-01 browser: readonly and intervening edit fence publication (430ms)
production/evidence/s04/review-01/independent-review/browser-01.log:31: trailing whitespace.
+  ok 20 [chromium] › tests\browser\s02.spec.ts:100:1 › AT-S02-01 browser: duplicate IDs, unknown structure and future input never expose acceptance (681ms)
production/evidence/s04/review-01/independent-review/browser-01.log:32: trailing whitespace.
+  ok 21 [chromium] › tests\browser\s02.spec.ts:125:1 › AT-S02-02 browser: explicit missing-module load, move/rename, save/reopen preserve opaque state and block generation (921ms)
production/evidence/s04/review-01/independent-review/browser-01.log:33: trailing whitespace.
+  ok 22 [chromium] › tests\browser\s02.spec.ts:179:1 › AT-S02-03 boundary browser: unmapped legacy remains explicit with provenance and original export (364ms)
production/evidence/s04/review-01/independent-review/browser-01.log:34: trailing whitespace.
+  ok 23 [chromium] › tests\browser\s02.spec.ts:202:1 › AT-S02-04 browser: real Canvas PNG preview/export/reimport, malformed CRC and missing metadata (961ms)
production/evidence/s04/review-01/independent-review/browser-01.log:35: trailing whitespace.
+  ok 24 [chromium] › tests\browser\s02.spec.ts:257:1 › AT-S02-01 browser: cancel during delayed file read fences the late review (1.2s)
production/evidence/s04/review-01/independent-review/browser-01.log:36: trailing whitespace.
+  ok 25 [chromium] › tests\browser\s02.spec.ts:281:1 › M1 browser: boundary missing-module rename rejects save, retains prior ACK, then saves and reopens without opaque loss (1.1s)
production/evidence/s04/review-01/independent-review/browser-01.log:37: trailing whitespace.
+  ok 26 [chromium] › tests\browser\s03-repair.spec.ts:12:1 › S03 FR01 real WebGL2 compiles supported Structure arrays and ES300 explicitly rejects admitted nested arrays (149ms)
production/evidence/s04/review-01/independent-review/browser-01.log:38: trailing whitespace.
+  ok 27 [chromium] › tests\browser\s03-repair.spec.ts:101:1 › S03 EG01 browser clipboard imports TOP declarations with one slot and shows atomic native path rejection (1.1s)
production/evidence/s04/review-01/independent-review/browser-01.log:39: trailing whitespace.
+  ok 28 [chromium] › tests\browser\s03-repair2.spec.ts:10:3 › S03 EG01 round2 browser rejects inline glsl.float array cross-Graph and retains Redo (720ms)
production/evidence/s04/review-01/independent-review/browser-01.log:40: trailing whitespace.
+  ok 29 [chromium] › tests\browser\s03-repair2.spec.ts:10:3 › S03 EG01 round2 browser rejects inline glsl.vec2 array cross-Graph and retains Redo (712ms)
production/evidence/s04/review-01/independent-review/browser-01.log:41: trailing whitespace.
+  ok 30 [chromium] › tests\browser\s03.spec.ts:50:1 › AT-S03-01/02 real nested Canvas, Inspector, interface reorder/remove and Undo (1.4s)
production/evidence/s04/review-01/independent-review/browser-01.log:42: trailing whitespace.
+  ok 31 [chromium] › tests\browser\s03.spec.ts:101:1 › AT-S03-03 browser clipboard success, injected late rejection and Unicode text preserved (1.3s)
production/evidence/s04/review-01/independent-review/browser-01.log:43: trailing whitespace.
+  ok 32 [chromium] › tests\browser\s03.spec.ts:149:1 › AT-S03-04 nested IME/cancel/focus and navigation cleanup use the real Inspector (578ms)
production/evidence/s04/review-01/independent-review/browser-01.log:44: trailing whitespace.
+  ok 33 [chromium] › tests\browser\s03.spec.ts:190:1 › S03 structure authoring draft cancel, reorder and stale confirmation (480ms)
production/evidence/s04/review-01/independent-review/browser-01.log:45: trailing whitespace.
+  ok 34 [chromium] › tests\browser\s03.spec.ts:226:1 › AT-S03-01 two Canvas occurrences share parameters and keep independent navigation (1.7s)
production/evidence/s04/review-01/independent-review/browser-01.log:46: trailing whitespace.
+  ok 35 [chromium] › tests\browser\s03.spec.ts:292:1 › AT-S03-01/04 real library first edit, position-only layout, spare output and nested deletion (738ms)
production/evidence/s04/review-01/independent-review/browser-01.log:47: trailing whitespace.
+  ok 36 [chromium] › tests\browser\s03.spec.ts:359:3 › G-LU-DATA-004 browser local clipboard UTF-8 budget x (1.1s)
production/evidence/s04/review-01/independent-review/browser-01.log:48: trailing whitespace.
+  ok 37 [chromium] › tests\browser\s03.spec.ts:359:3 › G-LU-DATA-004 browser local clipboard UTF-8 budget 中 (1.1s)
production/evidence/s04/review-01/independent-review/browser-01.log:49: trailing whitespace.
+  ok 38 [chromium] › tests\browser\s03.spec.ts:359:3 › G-LU-DATA-004 browser local clipboard UTF-8 budget 🍇 (1.2s)
production/evidence/s04/review-01/independent-review/browser-01.log:50: trailing whitespace.
+  ok 39 [chromium] › tests\browser\s03.spec.ts:404:1 › AT-S03-04 nested Inspector field removal cancels a focused draft and Undo mounts fresh controls (793ms)
production/evidence/s04/review-01/independent-review/browser-01.log:51: trailing whitespace.
+  ok 40 [chromium] › tests\browser\s03.spec.ts:451:1 › AT-S03-03 visible frames move with encapsulation and Undo (997ms)
production/evidence/s04/review-01/independent-review/browser-01.log:52: trailing whitespace.
+  ok 41 [chromium] › tests\browser\s03.spec.ts:481:1 › S03 Make independent and nested interface removal preserve other callers and Undo (1.7s)
production/evidence/s04/review-01/independent-review/browser-01.log:53: trailing whitespace.
+  ok 42 [chromium] › tests\browser\s03.spec.ts:534:1 › S03 Structure Help is read-only and composite defaults and Escape retain saved values (1.1s)
production/evidence/s04/review-01/independent-review/browser-01.log:54: trailing whitespace.
+  ok 43 [chromium] › tests\browser\s03.spec.ts:602:1 › G-LU-DATA-001 browser bad edge, capacity, stage and source rejection rolls back the complete transaction (1.6s)
production/evidence/s04/review-01/independent-review/browser-01.log:55: trailing whitespace.
+  ok 44 [chromium] › tests\browser\s03.spec.ts:672:1 › S03 shared name and matrix defaults update both callers with one Undo (1.3s)
production/evidence/s04/review-01/independent-review/browser-01.log:56: trailing whitespace.
+  ok 45 [chromium] › tests\browser\s03.spec.ts:730:1 › S03 clickable breadcrumbs discard stale interface drafts and selected ports (547ms)
production/evidence/s04/review-01/independent-review/browser-01.log:57: trailing whitespace.
+  ok 46 [chromium] › tests\browser\s03.spec.ts:763:1 › S03 direction-specific Add16 controls preserve draft and allow output creation (1.1s)
production/evidence/s04/review-01/independent-review/browser-01.log:58: trailing whitespace.
+  ok 47 [chromium] › tests\browser\s03.spec.ts:800:1 › S03 Structure description and fixed array controls keep field identity across cancel/reorder (816ms)
production/evidence/s04/review-01/independent-review/browser-01.log:59: trailing whitespace.
+  ok 48 [chromium] › tests\browser\s03.spec.ts:859:1 › S03 browser cross-Graph paste imports independent closure and Undo removes it (1.7s)
production/evidence/s04/review-01/independent-review/browser-01.log:60: trailing whitespace.
+  ok 49 [chromium] › tests\browser\s04.spec.ts:4:1 › S04 DEC002 all sixteen conversions execute on WebGL2 with correct components (250ms)
production/evidence/s04/review-01/independent-review/browser-01.log:61: trailing whitespace.
+  ok 50 [chromium] › tests\browser\s04.spec.ts:86:1 › S04 DEC004 actual Personal literal source input nested shaders compile after export import reopen (471ms)
production/evidence/s04/review-01/independent-review/browser-01.log:62: trailing whitespace.
+  ok 51 [chromium] › tests\browser\s04.spec.ts:213:1 › S04 actual IndexedDB collision concurrency relist quotas and failure isolation (268ms)
production/evidence/s04/review-01/independent-review/browser-01.log:63: trailing whitespace.
+  ok 52 [chromium] › tests\browser\s04.spec.ts:307:1 › S04 DEC002 actual Canvas four shapes to current ImageOutput and edge identity Undo Redo (2.4s)
production/evidence/s04/review-01/independent-review/browser-01.log:64: trailing whitespace.
+  ok 53 [chromium] › tests\browser\s04.spec.ts:357:1 › S04 actual Personal UI saves relists imports downloads and inserts independent Graph snapshots (1.6s)
production/evidence/s04/review-01/independent-review/browser-01.log:65: trailing whitespace.
+  ok 54 [chromium] › tests\browser\s04.spec.ts:450:1 › S04 DEC004 browser hash-valid missing dependency scope cycle and module candidates reject atomically (267ms)
production/evidence/s04/review-01/independent-review/browser-01.log:66: trailing whitespace.
+
production/evidence/s04/review-01/independent-review/browser-01.log:67: trailing whitespace.
+  54 passed (51.1s)
production/evidence/s04/review-01/independent-review/build-01.log:1: trailing whitespace.
+
production/evidence/s04/review-01/independent-review/build-01.log:2: trailing whitespace.
+> grape-s01@0.1.0 build
production/evidence/s04/review-01/independent-review/build-01.log:3: trailing whitespace.
+> node tools/runtime.mjs && tsc --noEmit && vite build
production/evidence/s04/review-01/independent-review/build-01.log:4: trailing whitespace.
+
production/evidence/s04/review-01/independent-review/build-01.log:5: trailing whitespace.
+vite v7.3.1 building client environment for production...
production/evidence/s04/review-01/independent-review/build-01.log:6: trailing whitespace.
+transforming...
production/evidence/s04/review-01/independent-review/build-01.log:7: trailing whitespace.
+✓ 43 modules transformed.
production/evidence/s04/review-01/independent-review/build-01.log:8: trailing whitespace.
+rendering chunks...
production/evidence/s04/review-01/independent-review/build-01.log:9: trailing whitespace.
+computing gzip size...
production/evidence/s04/review-01/independent-review/build-01.log:10: trailing whitespace.
+dist/index.html                   0.40 kB │ gzip:  0.28 kB
production/evidence/s04/review-01/independent-review/build-01.log:11: trailing whitespace.
+dist/assets/index-BdaXQCVs.css    5.29 kB │ gzip:  1.92 kB
production/evidence/s04/review-01/independent-review/build-01.log:12: trailing whitespace.
+dist/assets/index-BFQ61do0.js   199.98 kB │ gzip: 60.82 kB
production/evidence/s04/review-01/independent-review/build-01.log:13: trailing whitespace.
+✓ built in 357ms
production/evidence/s04/review-01/independent-review/check-exit-codes-01.json:1: trailing whitespace.
+{
production/evidence/s04/review-01/independent-review/check-exit-codes-01.json:2: trailing whitespace.
+  "build": 0,
production/evidence/s04/review-01/independent-review/check-exit-codes-01.json:3: trailing whitespace.
+  "diffCheck": 0,
production/evidence/s04/review-01/independent-review/check-exit-codes-01.json:4: trailing whitespace.
+  "state": 0,
production/evidence/s04/review-01/independent-review/check-exit-codes-01.json:5: trailing whitespace.
+  "bootstrapTests": 0,
production/evidence/s04/review-01/independent-review/check-exit-codes-01.json:6: trailing whitespace.
+  "bootstrap": 0,
production/evidence/s04/review-01/independent-review/check-exit-codes-01.json:7: trailing whitespace.
+  "unit": 0,
production/evidence/s04/review-01/independent-review/check-exit-codes-01.json:8: trailing whitespace.
+  "typecheck": 0,
production/evidence/s04/review-01/independent-review/check-exit-codes-01.json:9: trailing whitespace.
+  "conformance": 0
production/evidence/s04/review-01/independent-review/check-exit-codes-01.json:10: trailing whitespace.
+}
production/evidence/s04/review-01/independent-review/conformance-01.log:1: trailing whitespace.
+
production/evidence/s04/review-01/independent-review/conformance-01.log:2: trailing whitespace.
+> grape-s01@0.1.0 conformance
production/evidence/s04/review-01/independent-review/conformance-01.log:3: trailing whitespace.
+> node tools/runtime.mjs && node tools/module-pins.mjs && node tools/boundaries.mjs
production/evidence/s04/review-01/independent-review/conformance-01.log:4: trailing whitespace.
+
production/evidence/s04/review-01/independent-review/conformance-01.log:5: trailing whitespace.
+{
production/evidence/s04/review-01/independent-review/conformance-01.log:6: trailing whitespace.
+  "status": "PASS",
production/evidence/s04/review-01/independent-review/conformance-01.log:7: trailing whitespace.
+  "algorithm": "sha256 source UTF-8 with digest literals normalized to sha256:<self>",
production/evidence/s04/review-01/independent-review/conformance-01.log:8: trailing whitespace.
+  "modules": [
production/evidence/s04/review-01/independent-review/conformance-01.log:9: trailing whitespace.
+    {
production/evidence/s04/review-01/independent-review/conformance-01.log:10: trailing whitespace.
+      "file": "src/modules/nodes.ts",
production/evidence/s04/review-01/independent-review/conformance-01.log:11: trailing whitespace.
+      "fingerprint": "sha256:011f48f4ebe044a2391d335ac3cff7c52791f1ee485fd47d211211991e7a2292"
production/evidence/s04/review-01/independent-review/conformance-01.log:12: trailing whitespace.
+    },
production/evidence/s04/review-01/independent-review/conformance-01.log:13: trailing whitespace.
+    {
production/evidence/s04/review-01/independent-review/conformance-01.log:14: trailing whitespace.
+      "file": "src/modules/image.ts",
production/evidence/s04/review-01/independent-review/conformance-01.log:15: trailing whitespace.
+      "fingerprint": "sha256:30d1266c367648c97b57a6cf77eec9d0bf14ac8bdb057fa4eef457539adb98c3"
production/evidence/s04/review-01/independent-review/conformance-01.log:16: trailing whitespace.
+    },
production/evidence/s04/review-01/independent-review/conformance-01.log:17: trailing whitespace.
+    {
production/evidence/s04/review-01/independent-review/conformance-01.log:18: trailing whitespace.
+      "file": "src/modules/networks.ts",
production/evidence/s04/review-01/independent-review/conformance-01.log:19: trailing whitespace.
+      "fingerprint": "sha256:fdd67aaa5341ce6c29d05e6b6d3220b90f367e910730ba517899fcf59a3b36d2"
production/evidence/s04/review-01/independent-review/conformance-01.log:20: trailing whitespace.
+    },
production/evidence/s04/review-01/independent-review/conformance-01.log:21: trailing whitespace.
+    {
production/evidence/s04/review-01/independent-review/conformance-01.log:22: trailing whitespace.
+      "file": "src/modules/image-current.ts",
production/evidence/s04/review-01/independent-review/conformance-01.log:23: trailing whitespace.
+      "fingerprint": "sha256:5e996954cafb09b5816b3e1b0ea4e62cb1668822931e86c8ea0c794406a4ac93"
production/evidence/s04/review-01/independent-review/conformance-01.log:24: trailing whitespace.
+    },
production/evidence/s04/review-01/independent-review/conformance-01.log:25: trailing whitespace.
+    {
production/evidence/s04/review-01/independent-review/conformance-01.log:26: trailing whitespace.
+      "file": "src/modules/extents.ts",
production/evidence/s04/review-01/independent-review/conformance-01.log:27: trailing whitespace.
+      "fingerprint": "sha256:bcfaaca3ef01c57070e05b26e09bbcacde5d51f6ba0091b8b6aaf3d83efa3c60"
production/evidence/s04/review-01/independent-review/conformance-01.log:28: trailing whitespace.
+    },
production/evidence/s04/review-01/independent-review/conformance-01.log:29: trailing whitespace.
+    {
production/evidence/s04/review-01/independent-review/conformance-01.log:30: trailing whitespace.
+      "file": "src/modules/sources-current.ts",
production/evidence/s04/review-01/independent-review/conformance-01.log:31: trailing whitespace.
+      "fingerprint": "sha256:bb0ff902b36d7a07fc104412d0ccb11e4e7efed0106aa3c8595026dbcef8b212"
production/evidence/s04/review-01/independent-review/conformance-01.log:32: trailing whitespace.
+    },
production/evidence/s04/review-01/independent-review/conformance-01.log:33: trailing whitespace.
+    {
production/evidence/s04/review-01/independent-review/conformance-01.log:34: trailing whitespace.
+      "file": "src/modules/package-probe.ts",
production/evidence/s04/review-01/independent-review/conformance-01.log:35: trailing whitespace.
+      "fingerprint": "sha256:5167f5133660bdb59f087fdabf9f15b277989f545a86222ed3efa571d73d012b"
production/evidence/s04/review-01/independent-review/conformance-01.log:36: trailing whitespace.
+    }
production/evidence/s04/review-01/independent-review/conformance-01.log:37: trailing whitespace.
+  ]
production/evidence/s04/review-01/independent-review/conformance-01.log:38: trailing whitespace.
+}
production/evidence/s04/review-01/independent-review/conformance-01.log:39: trailing whitespace.
+{
production/evidence/s04/review-01/independent-review/conformance-01.log:40: trailing whitespace.
+  "status": "PASS",
production/evidence/s04/review-01/independent-review/conformance-01.log:41: trailing whitespace.
+  "errors": [],
production/evidence/s04/review-01/independent-review/conformance-01.log:42: trailing whitespace.
+  "checkedFiles": 48,
production/evidence/s04/review-01/independent-review/conformance-01.log:43: trailing whitespace.
+  "limits": [
production/evidence/s04/review-01/independent-review/conformance-01.log:44: trailing whitespace.
+    "Manifest role and public-export correctness require review.",
production/evidence/s04/review-01/independent-review/conformance-01.log:45: trailing whitespace.
+    "No security sandbox or proof of callback purity; injected service surface and behavioral tests still enforce runtime authority.",
production/evidence/s04/review-01/independent-review/conformance-01.log:46: trailing whitespace.
+    "Does not prove absence of arbitrary aliases/casts/reflection or semantic node-name switches. Changes to core by an ordinary extension are independently rejected."
production/evidence/s04/review-01/independent-review/conformance-01.log:47: trailing whitespace.
+  ]
production/evidence/s04/review-01/independent-review/conformance-01.log:48: trailing whitespace.
+}
production/evidence/s04/review-01/independent-review/dependency-install-01.log:1: trailing whitespace.
+
production/evidence/s04/review-01/independent-review/dependency-install-01.log:2: trailing whitespace.
+> grape-s01@0.1.0 preinstall
production/evidence/s04/review-01/independent-review/dependency-install-01.log:3: trailing whitespace.
+> node tools/runtime.mjs
production/evidence/s04/review-01/independent-review/dependency-install-01.log:4: trailing whitespace.
+
production/evidence/s04/review-01/independent-review/dependency-install-01.log:5: trailing whitespace.
+
production/evidence/s04/review-01/independent-review/dependency-install-01.log:6: trailing whitespace.
+added 19 packages, and audited 20 packages in 3s
production/evidence/s04/review-01/independent-review/dependency-install-01.log:7: trailing whitespace.
+
production/evidence/s04/review-01/independent-review/dependency-install-01.log:8: trailing whitespace.
+6 packages are looking for funding
production/evidence/s04/review-01/independent-review/dependency-install-01.log:9: trailing whitespace.
+  run `npm fund` for details
production/evidence/s04/review-01/independent-review/dependency-install-01.log:10: trailing whitespace.
+
production/evidence/s04/review-01/independent-review/dependency-install-01.log:11: trailing whitespace.
+2 vulnerabilities (1 low, 1 high)
production/evidence/s04/review-01/independent-review/dependency-install-01.log:12: trailing whitespace.
+
production/evidence/s04/review-01/independent-review/dependency-install-01.log:13: trailing whitespace.
+To address issues that do not require attention, run:
production/evidence/s04/review-01/independent-review/dependency-install-01.log:14: trailing whitespace.
+  npm audit fix
production/evidence/s04/review-01/independent-review/dependency-install-01.log:15: trailing whitespace.
+
production/evidence/s04/review-01/independent-review/dependency-install-01.log:16: trailing whitespace.
+To address all issues, run:
production/evidence/s04/review-01/independent-review/dependency-install-01.log:17: trailing whitespace.
+  npm audit fix --force
production/evidence/s04/review-01/independent-review/dependency-install-01.log:18: trailing whitespace.
+
production/evidence/s04/review-01/independent-review/dependency-install-01.log:19: trailing whitespace.
+Run `npm audit` for details.
production/evidence/s04/review-01/independent-review/dependency-install-01.log:20: trailing whitespace.
+npm notice
production/evidence/s04/review-01/independent-review/dependency-install-01.log:21: trailing whitespace.
+npm notice New minor version of npm available! 11.8.0 -> 11.21.0
production/evidence/s04/review-01/independent-review/dependency-install-01.log:22: trailing whitespace.
+npm notice Changelog: https://github.com/npm/cli/releases/tag/v11.21.0
production/evidence/s04/review-01/independent-review/dependency-install-01.log:23: trailing whitespace.
+npm notice To update run: npm install -g npm@11.21.0
production/evidence/s04/review-01/independent-review/dependency-install-01.log:24: trailing whitespace.
+npm notice
production/evidence/s04/review-01/independent-review/identity-audit-01.mjs:19: trailing whitespace.
+fs.writeFileSync(path.join(out,'identity-audit-01.json'),JSON.stringify(result,null,2));console.log(JSON.stringify({head:result.head,checkedCount:checked.length,errors,protectedDiff,status}));
production/evidence/s04/review-01/independent-review/state-01.log:1: trailing whitespace.
+{
production/evidence/s04/review-01/independent-review/state-01.log:2: trailing whitespace.
+  "file": "C:\\Users\\user\\.codex\\worktrees\\s04-fresh-review-01\\Grape\\implementation-state.json",
production/evidence/s04/review-01/independent-review/state-01.log:3: trailing whitespace.
+  "status": "CURRENT_RECORD_VALID",
production/evidence/s04/review-01/independent-review/state-01.log:4: trailing whitespace.
+  "errors": [],
production/evidence/s04/review-01/independent-review/state-01.log:5: trailing whitespace.
+  "inheritedGates": [
production/evidence/s04/review-01/independent-review/state-01.log:6: trailing whitespace.
+    {
production/evidence/s04/review-01/independent-review/state-01.log:7: trailing whitespace.
+      "gateId": "G-LU-DATA-001",
production/evidence/s04/review-01/independent-review/state-01.log:8: trailing whitespace.
+      "baselineStatus": "unresolved",
production/evidence/s04/review-01/independent-review/state-01.log:9: trailing whitespace.
+      "scopedDecisions": []
production/evidence/s04/review-01/independent-review/state-01.log:10: trailing whitespace.
+    },
production/evidence/s04/review-01/independent-review/state-01.log:11: trailing whitespace.
+    {
production/evidence/s04/review-01/independent-review/state-01.log:12: trailing whitespace.
+      "gateId": "G-LU-DATA-002",
production/evidence/s04/review-01/independent-review/state-01.log:13: trailing whitespace.
+      "baselineStatus": "unresolved",
production/evidence/s04/review-01/independent-review/state-01.log:14: trailing whitespace.
+      "scopedDecisions": []
production/evidence/s04/review-01/independent-review/state-01.log:15: trailing whitespace.
+    },
production/evidence/s04/review-01/independent-review/state-01.log:16: trailing whitespace.
+    {
production/evidence/s04/review-01/independent-review/state-01.log:17: trailing whitespace.
+      "gateId": "G-LU-DATA-003",
production/evidence/s04/review-01/independent-review/state-01.log:18: trailing whitespace.
+      "baselineStatus": "unresolved",
production/evidence/s04/review-01/independent-review/state-01.log:19: trailing whitespace.
+      "scopedDecisions": []
production/evidence/s04/review-01/independent-review/state-01.log:20: trailing whitespace.
+    },
production/evidence/s04/review-01/independent-review/state-01.log:21: trailing whitespace.
+    {
production/evidence/s04/review-01/independent-review/state-01.log:22: trailing whitespace.
+      "gateId": "G-LU-DATA-004",
production/evidence/s04/review-01/independent-review/state-01.log:23: trailing whitespace.
+      "baselineStatus": "unresolved",
production/evidence/s04/review-01/independent-review/state-01.log:24: trailing whitespace.
+      "scopedDecisions": []
production/evidence/s04/review-01/independent-review/state-01.log:25: trailing whitespace.
+    },
production/evidence/s04/review-01/independent-review/state-01.log:26: trailing whitespace.
+    {
production/evidence/s04/review-01/independent-review/state-01.log:27: trailing whitespace.
+      "gateId": "G-LU-DATA-005",
production/evidence/s04/review-01/independent-review/state-01.log:28: trailing whitespace.
+      "baselineStatus": "unresolved",
production/evidence/s04/review-01/independent-review/state-01.log:29: trailing whitespace.
+      "scopedDecisions": []
production/evidence/s04/review-01/independent-review/state-01.log:30: trailing whitespace.
+    },
production/evidence/s04/review-01/independent-review/state-01.log:31: trailing whitespace.
+    {
production/evidence/s04/review-01/independent-review/state-01.log:32: trailing whitespace.
+      "gateId": "G-LU-DATA-006",
production/evidence/s04/review-01/independent-review/state-01.log:33: trailing whitespace.
+      "baselineStatus": "unresolved",
production/evidence/s04/review-01/independent-review/state-01.log:34: trailing whitespace.
+      "scopedDecisions": []
production/evidence/s04/review-01/independent-review/state-01.log:35: trailing whitespace.
+    },
production/evidence/s04/review-01/independent-review/state-01.log:36: trailing whitespace.
+    {
production/evidence/s04/review-01/independent-review/state-01.log:37: trailing whitespace.
+      "gateId": "G-LU-DATA-007",
production/evidence/s04/review-01/independent-review/state-01.log:38: trailing whitespace.
+      "baselineStatus": "unresolved",
production/evidence/s04/review-01/independent-review/state-01.log:39: trailing whitespace.
+      "scopedDecisions": []
production/evidence/s04/review-01/independent-review/state-01.log:40: trailing whitespace.
+    },
production/evidence/s04/review-01/independent-review/state-01.log:41: trailing whitespace.
+    {
production/evidence/s04/review-01/independent-review/state-01.log:42: trailing whitespace.
+      "gateId": "G-LU-NODE-001",
production/evidence/s04/review-01/independent-review/state-01.log:43: trailing whitespace.
+      "baselineStatus": "unresolved",
production/evidence/s04/review-01/independent-review/state-01.log:44: trailing whitespace.
+      "scopedDecisions": []
production/evidence/s04/review-01/independent-review/state-01.log:45: trailing whitespace.
+    },
production/evidence/s04/review-01/independent-review/state-01.log:46: trailing whitespace.
+    {
production/evidence/s04/review-01/independent-review/state-01.log:47: trailing whitespace.
+      "gateId": "G-LU-NODE-002",
production/evidence/s04/review-01/independent-review/state-01.log:48: trailing whitespace.
+      "baselineStatus": "unresolved",
production/evidence/s04/review-01/independent-review/state-01.log:49: trailing whitespace.
+      "scopedDecisions": []
production/evidence/s04/review-01/independent-review/state-01.log:50: trailing whitespace.
+    },
production/evidence/s04/review-01/independent-review/state-01.log:51: trailing whitespace.
+    {
production/evidence/s04/review-01/independent-review/state-01.log:52: trailing whitespace.
+      "gateId": "G-LU-NODE-003",
production/evidence/s04/review-01/independent-review/state-01.log:53: trailing whitespace.
+      "baselineStatus": "unresolved",
production/evidence/s04/review-01/independent-review/state-01.log:54: trailing whitespace.
+      "scopedDecisions": []
production/evidence/s04/review-01/independent-review/state-01.log:55: trailing whitespace.
+    },
production/evidence/s04/review-01/independent-review/state-01.log:56: trailing whitespace.
+    {
production/evidence/s04/review-01/independent-review/state-01.log:57: trailing whitespace.
+      "gateId": "G-LU-NODE-004",
production/evidence/s04/review-01/independent-review/state-01.log:58: trailing whitespace.
+      "baselineStatus": "unresolved",
production/evidence/s04/review-01/independent-review/state-01.log:59: trailing whitespace.
+      "scopedDecisions": []
production/evidence/s04/review-01/independent-review/state-01.log:60: trailing whitespace.
+    },
production/evidence/s04/review-01/independent-review/state-01.log:61: trailing whitespace.
+    {
production/evidence/s04/review-01/independent-review/state-01.log:62: trailing whitespace.
+      "gateId": "G-LU-NODE-005",
production/evidence/s04/review-01/independent-review/state-01.log:63: trailing whitespace.
+      "baselineStatus": "unresolved",
production/evidence/s04/review-01/independent-review/state-01.log:64: trailing whitespace.
+      "scopedDecisions": []
production/evidence/s04/review-01/independent-review/state-01.log:65: trailing whitespace.
+    },
production/evidence/s04/review-01/independent-review/state-01.log:66: trailing whitespace.
+    {
production/evidence/s04/review-01/independent-review/state-01.log:67: trailing whitespace.
+      "gateId": "G-LU-NODE-006",
production/evidence/s04/review-01/independent-review/state-01.log:68: trailing whitespace.
+      "baselineStatus": "unresolved",
production/evidence/s04/review-01/independent-review/state-01.log:69: trailing whitespace.
+      "scopedDecisions": []
production/evidence/s04/review-01/independent-review/state-01.log:70: trailing whitespace.
+    },
production/evidence/s04/review-01/independent-review/state-01.log:71: trailing whitespace.
+    {
production/evidence/s04/review-01/independent-review/state-01.log:72: trailing whitespace.
+      "gateId": "G-LU-UI-001",
production/evidence/s04/review-01/independent-review/state-01.log:73: trailing whitespace.
+      "baselineStatus": "unresolved",
production/evidence/s04/review-01/independent-review/state-01.log:74: trailing whitespace.
+      "scopedDecisions": []
production/evidence/s04/review-01/independent-review/state-01.log:75: trailing whitespace.
+    },
production/evidence/s04/review-01/independent-review/state-01.log:76: trailing whitespace.
+    {
production/evidence/s04/review-01/independent-review/state-01.log:77: trailing whitespace.
+      "gateId": "G-LU-UI-002",
production/evidence/s04/review-01/independent-review/state-01.log:78: trailing whitespace.
+      "baselineStatus": "unresolved",
production/evidence/s04/review-01/independent-review/state-01.log:79: trailing whitespace.
+      "scopedDecisions": []
production/evidence/s04/review-01/independent-review/state-01.log:80: trailing whitespace.
+    },
production/evidence/s04/review-01/independent-review/state-01.log:81: trailing whitespace.
+    {
production/evidence/s04/review-01/independent-review/state-01.log:82: trailing whitespace.
+      "gateId": "G-LU-UI-003",
production/evidence/s04/review-01/independent-review/state-01.log:83: trailing whitespace.
+      "baselineStatus": "unresolved",
production/evidence/s04/review-01/independent-review/state-01.log:84: trailing whitespace.
+      "scopedDecisions": []
production/evidence/s04/review-01/independent-review/state-01.log:85: trailing whitespace.
+    },
production/evidence/s04/review-01/independent-review/state-01.log:86: trailing whitespace.
+    {
production/evidence/s04/review-01/independent-review/state-01.log:87: trailing whitespace.
+      "gateId": "G-LU-UI-004",
production/evidence/s04/review-01/independent-review/state-01.log:88: trailing whitespace.
+      "baselineStatus": "unresolved",
production/evidence/s04/review-01/independent-review/state-01.log:89: trailing whitespace.
+      "scopedDecisions": []
production/evidence/s04/review-01/independent-review/state-01.log:90: trailing whitespace.
+    },
production/evidence/s04/review-01/independent-review/state-01.log:91: trailing whitespace.
+    {
production/evidence/s04/review-01/independent-review/state-01.log:92: trailing whitespace.
+      "gateId": "G-LU-UI-005",
production/evidence/s04/review-01/independent-review/state-01.log:93: trailing whitespace.
+      "baselineStatus": "unresolved",
production/evidence/s04/review-01/independent-review/state-01.log:94: trailing whitespace.
+      "scopedDecisions": []
production/evidence/s04/review-01/independent-review/state-01.log:95: trailing whitespace.
+    },
production/evidence/s04/review-01/independent-review/state-01.log:96: trailing whitespace.
+    {
production/evidence/s04/review-01/independent-review/state-01.log:97: trailing whitespace.
+      "gateId": "G-LU-UI-006",
production/evidence/s04/review-01/independent-review/state-01.log:98: trailing whitespace.
+      "baselineStatus": "unresolved",
production/evidence/s04/review-01/independent-review/state-01.log:99: trailing whitespace.
+      "scopedDecisions": []
production/evidence/s04/review-01/independent-review/state-01.log:100: trailing whitespace.
+    },
production/evidence/s04/review-01/independent-review/state-01.log:101: trailing whitespace.
+    {
production/evidence/s04/review-01/independent-review/state-01.log:102: trailing whitespace.
+      "gateId": "G-LU-UI-007",
production/evidence/s04/review-01/independent-review/state-01.log:103: trailing whitespace.
+      "baselineStatus": "unresolved",
production/evidence/s04/review-01/independent-review/state-01.log:104: trailing whitespace.
+      "scopedDecisions": []
production/evidence/s04/review-01/independent-review/state-01.log:105: trailing whitespace.
+    },
production/evidence/s04/review-01/independent-review/state-01.log:106: trailing whitespace.
+    {
production/evidence/s04/review-01/independent-review/state-01.log:107: trailing whitespace.
+      "gateId": "G-LU-UI-008",
production/evidence/s04/review-01/independent-review/state-01.log:108: trailing whitespace.
+      "baselineStatus": "unresolved",
production/evidence/s04/review-01/independent-review/state-01.log:109: trailing whitespace.
+      "scopedDecisions": []
production/evidence/s04/review-01/independent-review/state-01.log:110: trailing whitespace.
+    },
production/evidence/s04/review-01/independent-review/state-01.log:111: trailing whitespace.
+    {
production/evidence/s04/review-01/independent-review/state-01.log:112: trailing whitespace.
+      "gateId": "G-LU-UI-009",
production/evidence/s04/review-01/independent-review/state-01.log:113: trailing whitespace.
+      "baselineStatus": "unresolved",
production/evidence/s04/review-01/independent-review/state-01.log:114: trailing whitespace.
+      "scopedDecisions": []
production/evidence/s04/review-01/independent-review/state-01.log:115: trailing whitespace.
+    },
production/evidence/s04/review-01/independent-review/state-01.log:116: trailing whitespace.
+    {
production/evidence/s04/review-01/independent-review/state-01.log:117: trailing whitespace.
+      "gateId": "G-LU-HOST-001",
production/evidence/s04/review-01/independent-review/state-01.log:118: trailing whitespace.
+      "baselineStatus": "unresolved",
production/evidence/s04/review-01/independent-review/state-01.log:119: trailing whitespace.
+      "scopedDecisions": []
production/evidence/s04/review-01/independent-review/state-01.log:120: trailing whitespace.
+    },
production/evidence/s04/review-01/independent-review/state-01.log:121: trailing whitespace.
+    {
production/evidence/s04/review-01/independent-review/state-01.log:122: trailing whitespace.
+      "gateId": "G-LU-HOST-002",
production/evidence/s04/review-01/independent-review/state-01.log:123: trailing whitespace.
+      "baselineStatus": "unresolved",
production/evidence/s04/review-01/independent-review/state-01.log:124: trailing whitespace.
+      "scopedDecisions": []
production/evidence/s04/review-01/independent-review/state-01.log:125: trailing whitespace.
+    },
production/evidence/s04/review-01/independent-review/state-01.log:126: trailing whitespace.
+    {
production/evidence/s04/review-01/independent-review/state-01.log:127: trailing whitespace.
+      "gateId": "G-LU-HOST-003",
production/evidence/s04/review-01/independent-review/state-01.log:128: trailing whitespace.
+      "baselineStatus": "unresolved",
production/evidence/s04/review-01/independent-review/state-01.log:129: trailing whitespace.
+      "scopedDecisions": []
production/evidence/s04/review-01/independent-review/state-01.log:130: trailing whitespace.
+    },
production/evidence/s04/review-01/independent-review/state-01.log:131: trailing whitespace.
+    {
production/evidence/s04/review-01/independent-review/state-01.log:132: trailing whitespace.
+      "gateId": "G-LU-HOST-004",
production/evidence/s04/review-01/independent-review/state-01.log:133: trailing whitespace.
+      "baselineStatus": "unresolved",
production/evidence/s04/review-01/independent-review/state-01.log:134: trailing whitespace.
+      "scopedDecisions": []
production/evidence/s04/review-01/independent-review/state-01.log:135: trailing whitespace.
+    },
production/evidence/s04/review-01/independent-review/state-01.log:136: trailing whitespace.
+    {
production/evidence/s04/review-01/independent-review/state-01.log:137: trailing whitespace.
+      "gateId": "G-LU-HOST-005",
production/evidence/s04/review-01/independent-review/state-01.log:138: trailing whitespace.
+      "baselineStatus": "unresolved",
production/evidence/s04/review-01/independent-review/state-01.log:139: trailing whitespace.
+      "scopedDecisions": []
production/evidence/s04/review-01/independent-review/state-01.log:140: trailing whitespace.
+    },
production/evidence/s04/review-01/independent-review/state-01.log:141: trailing whitespace.
+    {
production/evidence/s04/review-01/independent-review/state-01.log:142: trailing whitespace.
+      "gateId": "G-LU-HOST-006",
production/evidence/s04/review-01/independent-review/state-01.log:143: trailing whitespace.
+      "baselineStatus": "unresolved",
production/evidence/s04/review-01/independent-review/state-01.log:144: trailing whitespace.
+      "scopedDecisions": []
production/evidence/s04/review-01/independent-review/state-01.log:145: trailing whitespace.
+    },
production/evidence/s04/review-01/independent-review/state-01.log:146: trailing whitespace.
+    {
production/evidence/s04/review-01/independent-review/state-01.log:147: trailing whitespace.
+      "gateId": "G-LU-HOST-007",
production/evidence/s04/review-01/independent-review/state-01.log:148: trailing whitespace.
+      "baselineStatus": "unresolved",
production/evidence/s04/review-01/independent-review/state-01.log:149: trailing whitespace.
+      "scopedDecisions": []
production/evidence/s04/review-01/independent-review/state-01.log:150: trailing whitespace.
+    },
production/evidence/s04/review-01/independent-review/state-01.log:151: trailing whitespace.
+    {
production/evidence/s04/review-01/independent-review/state-01.log:152: trailing whitespace.
+      "gateId": "G-LU-HOST-008",
production/evidence/s04/review-01/independent-review/state-01.log:153: trailing whitespace.
+      "baselineStatus": "unresolved",
production/evidence/s04/review-01/independent-review/state-01.log:154: trailing whitespace.
+      "scopedDecisions": []
production/evidence/s04/review-01/independent-review/state-01.log:155: trailing whitespace.
+    },
production/evidence/s04/review-01/independent-review/state-01.log:156: trailing whitespace.
+    {
production/evidence/s04/review-01/independent-review/state-01.log:157: trailing whitespace.
+      "gateId": "G-LU-AUDIT-001",
production/evidence/s04/review-01/independent-review/state-01.log:158: trailing whitespace.
+      "baselineStatus": "unresolved",
production/evidence/s04/review-01/independent-review/state-01.log:159: trailing whitespace.
+      "scopedDecisions": []
production/evidence/s04/review-01/independent-review/state-01.log:160: trailing whitespace.
+    },
production/evidence/s04/review-01/independent-review/state-01.log:161: trailing whitespace.
+    {
production/evidence/s04/review-01/independent-review/state-01.log:162: trailing whitespace.
+      "gateId": "G-LU-AUDIT-002",
production/evidence/s04/review-01/independent-review/state-01.log:163: trailing whitespace.
+      "baselineStatus": "unresolved",
production/evidence/s04/review-01/independent-review/state-01.log:164: trailing whitespace.
+      "scopedDecisions": []
production/evidence/s04/review-01/independent-review/state-01.log:165: trailing whitespace.
+    },
production/evidence/s04/review-01/independent-review/state-01.log:166: trailing whitespace.
+    {
production/evidence/s04/review-01/independent-review/state-01.log:167: trailing whitespace.
+      "gateId": "G-LU-AUDIT-003",
production/evidence/s04/review-01/independent-review/state-01.log:168: trailing whitespace.
+      "baselineStatus": "unresolved",
production/evidence/s04/review-01/independent-review/state-01.log:169: trailing whitespace.
+      "scopedDecisions": []
production/evidence/s04/review-01/independent-review/state-01.log:170: trailing whitespace.
+    },
production/evidence/s04/review-01/independent-review/state-01.log:171: trailing whitespace.
+    {
production/evidence/s04/review-01/independent-review/state-01.log:172: trailing whitespace.
+      "gateId": "G-PD-1",
production/evidence/s04/review-01/independent-review/state-01.log:173: trailing whitespace.
+      "baselineStatus": "unresolved",
production/evidence/s04/review-01/independent-review/state-01.log:174: trailing whitespace.
+      "scopedDecisions": []
production/evidence/s04/review-01/independent-review/state-01.log:175: trailing whitespace.
+    },
production/evidence/s04/review-01/independent-review/state-01.log:176: trailing whitespace.
+    {
production/evidence/s04/review-01/independent-review/state-01.log:177: trailing whitespace.
+      "gateId": "G-PD-2",
production/evidence/s04/review-01/independent-review/state-01.log:178: trailing whitespace.
+      "baselineStatus": "unresolved",
production/evidence/s04/review-01/independent-review/state-01.log:179: trailing whitespace.
+      "scopedDecisions": []
production/evidence/s04/review-01/independent-review/state-01.log:180: trailing whitespace.
+    },
production/evidence/s04/review-01/independent-review/state-01.log:181: trailing whitespace.
+    {
production/evidence/s04/review-01/independent-review/state-01.log:182: trailing whitespace.
+      "gateId": "G-PD-3",
production/evidence/s04/review-01/independent-review/state-01.log:183: trailing whitespace.
+      "baselineStatus": "unresolved",
production/evidence/s04/review-01/independent-review/state-01.log:184: trailing whitespace.
+      "scopedDecisions": []
production/evidence/s04/review-01/independent-review/state-01.log:185: trailing whitespace.
+    },
production/evidence/s04/review-01/independent-review/state-01.log:186: trailing whitespace.
+    {
production/evidence/s04/review-01/independent-review/state-01.log:187: trailing whitespace.
+      "gateId": "G-PD-4A",
production/evidence/s04/review-01/independent-review/state-01.log:188: trailing whitespace.
+      "baselineStatus": "unresolved",
production/evidence/s04/review-01/independent-review/state-01.log:189: trailing whitespace.
+      "scopedDecisions": []
production/evidence/s04/review-01/independent-review/state-01.log:190: trailing whitespace.
+    },
production/evidence/s04/review-01/independent-review/state-01.log:191: trailing whitespace.
+    {
production/evidence/s04/review-01/independent-review/state-01.log:192: trailing whitespace.
+      "gateId": "G-PD-4B",
production/evidence/s04/review-01/independent-review/state-01.log:193: trailing whitespace.
+      "baselineStatus": "unresolved",
production/evidence/s04/review-01/independent-review/state-01.log:194: trailing whitespace.
+      "scopedDecisions": []
production/evidence/s04/review-01/independent-review/state-01.log:195: trailing whitespace.
+    },
production/evidence/s04/review-01/independent-review/state-01.log:196: trailing whitespace.
+    {
production/evidence/s04/review-01/independent-review/state-01.log:197: trailing whitespace.
+      "gateId": "G-VERSION-COMPAT",
production/evidence/s04/review-01/independent-review/state-01.log:198: trailing whitespace.
+      "baselineStatus": "unresolved",
production/evidence/s04/review-01/independent-review/state-01.log:199: trailing whitespace.
+      "scopedDecisions": []
production/evidence/s04/review-01/independent-review/state-01.log:200: trailing whitespace.
+    },
production/evidence/s04/review-01/independent-review/state-01.log:201: trailing whitespace.
+    {
production/evidence/s04/review-01/independent-review/state-01.log:202: trailing whitespace.
+      "gateId": "G-MIXED-HISTORY",
production/evidence/s04/review-01/independent-review/state-01.log:203: trailing whitespace.
+      "baselineStatus": "DEFERRED_BY_PRODUCT_DECISION",
production/evidence/s04/review-01/independent-review/state-01.log:204: trailing whitespace.
+      "scopedDecisions": []
production/evidence/s04/review-01/independent-review/state-01.log:205: trailing whitespace.
+    },
production/evidence/s04/review-01/independent-review/state-01.log:206: trailing whitespace.
+    {
production/evidence/s04/review-01/independent-review/state-01.log:207: trailing whitespace.
+      "gateId": "G-UI-CONFORMANCE",
production/evidence/s04/review-01/independent-review/state-01.log:208: trailing whitespace.
+      "baselineStatus": "unresolved",
production/evidence/s04/review-01/independent-review/state-01.log:209: trailing whitespace.
+      "scopedDecisions": [
production/evidence/s04/review-01/independent-review/state-01.log:210: trailing whitespace.
+        {
production/evidence/s04/review-01/independent-review/state-01.log:211: trailing whitespace.
+          "gateId": "G-UI-CONFORMANCE",
production/evidence/s04/review-01/independent-review/state-01.log:212: trailing whitespace.
+          "scope": "S01 Host-free editor; Linux x64 desktop Chromium 151.0.7922.34, Playwright 1.62.1, 1440x1000; root Inspector; Float/Multiply/Compose; Graph-domain History; GLSL text; grape.document 2.0 ACK-backed save/reopen and JSON file roundtrip; two Contexts. No GPU/Host qualification.",
production/evidence/s04/review-01/independent-review/state-01.log:213: trailing whitespace.
+          "disposition": "resolved-for-scope",
production/evidence/s04/review-01/independent-review/state-01.log:214: trailing whitespace.
+          "reason": "Human Owner accepted the declared S01 product behavior and architecture/conformance evidence after independent targeted re-review PASS. Real Chromium Canvas/Inspector and public composition/command/lifetime evidence cover this S01 scope only.",
production/evidence/s04/review-01/independent-review/state-01.log:215: trailing whitespace.
+          "residualScope": "S06 ordinary-extension/full workspace/nested Inspector; S10; physical touch/iPad/Safari/native OS IME; broader accessibility/platform/action matrices and all other unqualified scopes remain inherited.",
production/evidence/s04/review-01/independent-review/state-01.log:216: trailing whitespace.
+          "evidenceIds": [
production/evidence/s04/review-01/independent-review/state-01.log:217: trailing whitespace.
+            "S01-ARCHITECTURE-c1ecb3c",
production/evidence/s04/review-01/independent-review/state-01.log:218: trailing whitespace.
+            "S01-PRODUCT-c1ecb3c"
production/evidence/s04/review-01/independent-review/state-01.log:219: trailing whitespace.
+          ]
production/evidence/s04/review-01/independent-review/state-01.log:220: trailing whitespace.
+        }
production/evidence/s04/review-01/independent-review/state-01.log:221: trailing whitespace.
+      ]
production/evidence/s04/review-01/independent-review/state-01.log:222: trailing whitespace.
+    },
production/evidence/s04/review-01/independent-review/state-01.log:223: trailing whitespace.
+    {
production/evidence/s04/review-01/independent-review/state-01.log:224: trailing whitespace.
+      "gateId": "G-DEPLOYMENT-CONFORMANCE",
production/evidence/s04/review-01/independent-review/state-01.log:225: trailing whitespace.
+      "baselineStatus": "unresolved",
production/evidence/s04/review-01/independent-review/state-01.log:226: trailing whitespace.
+      "scopedDecisions": []
production/evidence/s04/review-01/independent-review/state-01.log:227: trailing whitespace.
+    },
production/evidence/s04/review-01/independent-review/state-01.log:228: trailing whitespace.
+    {
production/evidence/s04/review-01/independent-review/state-01.log:229: trailing whitespace.
+      "gateId": "G-EXTENSION-PANEL",
production/evidence/s04/review-01/independent-review/state-01.log:230: trailing whitespace.
+      "baselineStatus": "contract-qualified-runtime-unverified",
production/evidence/s04/review-01/independent-review/state-01.log:231: trailing whitespace.
+      "scopedDecisions": [
production/evidence/s04/review-01/independent-review/state-01.log:232: trailing whitespace.
+        {
production/evidence/s04/review-01/independent-review/state-01.log:233: trailing whitespace.
+          "gateId": "G-EXTENSION-PANEL",
production/evidence/s04/review-01/independent-review/state-01.log:234: trailing whitespace.
+          "scope": "S01 Host-free editor; Linux x64 desktop Chromium 151.0.7922.34, Playwright 1.62.1, 1440x1000; root Inspector; Float/Multiply/Compose; Graph-domain History; GLSL text; grape.document 2.0 ACK-backed save/reopen and JSON file roundtrip; two Contexts. No GPU/Host qualification.",
production/evidence/s04/review-01/independent-review/state-01.log:235: trailing whitespace.
+          "disposition": "resolved-for-scope",
production/evidence/s04/review-01/independent-review/state-01.log:236: trailing whitespace.
+          "reason": "Human Owner accepted the declared S01 product behavior and architecture/conformance evidence after independent targeted re-review PASS. Real Chromium Canvas/Inspector and public composition/command/lifetime evidence cover this S01 scope only.",
production/evidence/s04/review-01/independent-review/state-01.log:237: trailing whitespace.
+          "residualScope": "S06 ordinary-extension/full workspace/nested Inspector; S10; physical touch/iPad/Safari/native OS IME; broader accessibility/platform/action matrices and all other unqualified scopes remain inherited.",
production/evidence/s04/review-01/independent-review/state-01.log:238: trailing whitespace.
+          "evidenceIds": [
production/evidence/s04/review-01/independent-review/state-01.log:239: trailing whitespace.
+            "S01-ARCHITECTURE-c1ecb3c",
production/evidence/s04/review-01/independent-review/state-01.log:240: trailing whitespace.
+            "S01-PRODUCT-c1ecb3c"
production/evidence/s04/review-01/independent-review/state-01.log:241: trailing whitespace.
+          ]
production/evidence/s04/review-01/independent-review/state-01.log:242: trailing whitespace.
+        }
production/evidence/s04/review-01/independent-review/state-01.log:243: trailing whitespace.
+      ]
production/evidence/s04/review-01/independent-review/state-01.log:244: trailing whitespace.
+    },
production/evidence/s04/review-01/independent-review/state-01.log:245: trailing whitespace.
+    {
production/evidence/s04/review-01/independent-review/state-01.log:246: trailing whitespace.
+      "gateId": "G-EXTENSION-WIDGET-SCOPE",
production/evidence/s04/review-01/independent-review/state-01.log:247: trailing whitespace.
+      "baselineStatus": "contract-qualified-runtime-unverified",
production/evidence/s04/review-01/independent-review/state-01.log:248: trailing whitespace.
+      "scopedDecisions": []
production/evidence/s04/review-01/independent-review/state-01.log:249: trailing whitespace.
+    },
production/evidence/s04/review-01/independent-review/state-01.log:250: trailing whitespace.
+    {
production/evidence/s04/review-01/independent-review/state-01.log:251: trailing whitespace.
+      "gateId": "G-HANDOFF-CQ-OWNERSHIP",
production/evidence/s04/review-01/independent-review/state-01.log:252: trailing whitespace.
+      "baselineStatus": "unresolved-source-wording-quarantined",
production/evidence/s04/review-01/independent-review/state-01.log:253: trailing whitespace.
+      "scopedDecisions": []
production/evidence/s04/review-01/independent-review/state-01.log:254: trailing whitespace.
+    },
production/evidence/s04/review-01/independent-review/state-01.log:255: trailing whitespace.
+    {
production/evidence/s04/review-01/independent-review/state-01.log:256: trailing whitespace.
+      "gateId": "G-DOCUMENT-STABILITY-COMMITMENT",
production/evidence/s04/review-01/independent-review/state-01.log:257: trailing whitespace.
+      "baselineStatus": "unresolved",
production/evidence/s04/review-01/independent-review/state-01.log:258: trailing whitespace.
+      "scopedDecisions": []
production/evidence/s04/review-01/independent-review/state-01.log:259: trailing whitespace.
+    }
production/evidence/s04/review-01/independent-review/state-01.log:260: trailing whitespace.
+  ],
production/evidence/s04/review-01/independent-review/state-01.log:261: trailing whitespace.
+  "limits": [
production/evidence/s04/review-01/independent-review/state-01.log:262: trailing whitespace.
+    "Structural validation and evidence digests do not authenticate human approval, evidence adequacy, product readiness, or semantic Gate resolution.",
production/evidence/s04/review-01/independent-review/state-01.log:263: trailing whitespace.
+    "Scoped decisions never overwrite frozen Gate/qualification records. Omitted decisions inherit the baseline status."
production/evidence/s04/review-01/independent-review/state-01.log:264: trailing whitespace.
+  ]
production/evidence/s04/review-01/independent-review/state-01.log:265: trailing whitespace.
+}
production/evidence/s04/review-01/independent-review/typecheck-01.log:1: trailing whitespace.
+
production/evidence/s04/review-01/independent-review/typecheck-01.log:2: trailing whitespace.
+> grape-s01@0.1.0 typecheck
production/evidence/s04/review-01/independent-review/typecheck-01.log:3: trailing whitespace.
+> node tools/runtime.mjs && tsc --noEmit
production/evidence/s04/review-01/independent-review/typecheck-01.log:4: trailing whitespace.
+
production/evidence/s04/review-01/independent-review/typecheck-01.log:4: new blank line at EOF.
production/evidence/s04/review-01/independent-review/unit-01.log:1: trailing whitespace.
+
production/evidence/s04/review-01/independent-review/unit-01.log:2: trailing whitespace.
+> grape-s01@0.1.0 test
production/evidence/s04/review-01/independent-review/unit-01.log:3: trailing whitespace.
+> node tools/runtime.mjs && node --experimental-transform-types --test --test-isolation=none tests/unit/*.test.ts tests/conformance/*.test.ts
production/evidence/s04/review-01/independent-review/unit-01.log:4: trailing whitespace.
+
production/evidence/s04/review-01/independent-review/unit-01.log:5: trailing whitespace.
+✔ production ownership manifest covers every source and rejects mutation/platform/extension violations (810.1422ms)
production/evidence/s04/review-01/independent-review/unit-01.log:6: trailing whitespace.
+✔ S02 conformance: replacement uses one public Graph batch, isolates observers and retains two Context identities (10.4736ms)
production/evidence/s04/review-01/independent-review/unit-01.log:7: trailing whitespace.
+✔ S02 conformance: direct replacement rejects model Error without modifying document/history (2.3468ms)
production/evidence/s04/review-01/independent-review/unit-01.log:8: trailing whitespace.
+✔ M2: direct replacement atomically rejects malformed position component before publication (1.7373ms)
production/evidence/s04/review-01/independent-review/unit-01.log:9: trailing whitespace.
+✔ M2: direct replacement atomically rejects malformed position length before publication (1.3804ms)
production/evidence/s04/review-01/independent-review/unit-01.log:10: trailing whitespace.
+✔ M2: direct replacement atomically rejects duplicate recovery IDs before publication (1.5759ms)
production/evidence/s04/review-01/independent-review/unit-01.log:11: trailing whitespace.
+✔ M2: direct replacement atomically rejects unknown envelope field before publication (1.4186ms)
production/evidence/s04/review-01/independent-review/unit-01.log:12: trailing whitespace.
+✔ M2: direct replacement atomically rejects unknown node field before publication (1.4483ms)
production/evidence/s04/review-01/independent-review/unit-01.log:13: trailing whitespace.
+✔ M2: direct replacement atomically rejects unknown endpoint field before publication (1.4245ms)
production/evidence/s04/review-01/independent-review/unit-01.log:14: trailing whitespace.
+✔ M2: catching invalid replacement cannot publish earlier edits in the same batch (1.4088ms)
production/evidence/s04/review-01/independent-review/unit-01.log:15: trailing whitespace.
+✔ M2: valid detached replacement publishes once and retains exact Undo/Redo content (6.0726ms)
production/evidence/s04/review-01/independent-review/unit-01.log:16: trailing whitespace.
+✔ L10N exact owner, parent/default/inline fallback and plain interpolation leave model/history/generation unchanged (1.7555ms)
production/evidence/s04/review-01/independent-review/unit-01.log:17: trailing whitespace.
+✔ L10N atomic duplicate/malformed rejection, revision CAS and immutable detached catalogs (0.4747ms)
production/evidence/s04/review-01/independent-review/unit-01.log:18: trailing whitespace.
+✔ L10N observer errors/reentry are isolated, cleanup cancels later delivery, disposed service rejects (0.1708ms)
production/evidence/s04/review-01/independent-review/unit-01.log:19: trailing whitespace.
+✔ PC authority: declaration is not grant; render/async/outside event denied, same mounted event succeeds (6.3289ms)
production/evidence/s04/review-01/independent-review/unit-01.log:20: trailing whitespace.
+✔ PC gesture: origin guard, one operation, cross-Panel lease rejection and latest lease required (6.8918ms)
production/evidence/s04/review-01/independent-review/unit-01.log:21: trailing whitespace.
+✔ PC move/hide cancel pointer gesture and drain new leases before workspace action returns (13.7283ms)
production/evidence/s04/review-01/independent-review/unit-01.log:22: trailing whitespace.
+✔ PC render failure cancels only unfinished operation after publication, with no reentrant mutation (4.5495ms)
production/evidence/s04/review-01/independent-review/unit-01.log:23: trailing whitespace.
+✔ PC same ID reuse and old scope registrations remain revoked (2.4161ms)
production/evidence/s04/review-01/independent-review/unit-01.log:24: trailing whitespace.
+✔ VM resources: cleanup in reverse order, failure isolation, stale async tickets, no render reentrancy (0.2139ms)
production/evidence/s04/review-01/independent-review/unit-01.log:25: trailing whitespace.
+✔ two independently registered Panels and two Widget view shapes share lifecycle without feature dispatch (0.7434ms)
production/evidence/s04/review-01/independent-review/unit-01.log:26: trailing whitespace.
+✔ VM mount/capture/update reentrancy revokes scope and preserves placeholder; explicit retry recovers (0.213ms)
production/evidence/s04/review-01/independent-review/unit-01.log:27: trailing whitespace.
+✔ VM subscription failure releases acquired subscriptions and cannot pretend to mount (0.0935ms)
production/evidence/s04/review-01/independent-review/unit-01.log:28: trailing whitespace.
+✔ PC application denies every editing command while readonly or history busy; field binding invalidates (11.1295ms)
production/evidence/s04/review-01/independent-review/unit-01.log:29: trailing whitespace.
+✔ AT-S01-01: Float × Multiply → Compose emits pinned host-free GLSL without mutation (2.1375ms)
production/evidence/s04/review-01/independent-review/unit-01.log:30: trailing whitespace.
+✔ AT-S01-02: direction, cross-network, occupied input, cycle and type failures are atomic (1.8841ms)
production/evidence/s04/review-01/independent-review/unit-01.log:31: trailing whitespace.
+✔ AT-S01-03: mode change captures complete prior ports, edge plans and loss; undo/redo and reload (4.7005ms)
production/evidence/s04/review-01/independent-review/unit-01.log:32: trailing whitespace.
+✔ AT-S01-04: multi-batch operation, cancel/no-op redo, expired draft and async draft (3.2769ms)
production/evidence/s04/review-01/independent-review/unit-01.log:33: trailing whitespace.
+✔ AT-S01-08: projection before observers, reentrant writes reject and throwing observer does not roll back (1.4599ms)
production/evidence/s04/review-01/independent-review/unit-01.log:34: trailing whitespace.
+✔ AT-S01-06: contexts share model and clean selection before external observation (4.9849ms)
production/evidence/s04/review-01/independent-review/unit-01.log:35: trailing whitespace.
+✔ scoped field token rejects value ABA, busy, connected and dead targets; unrelated movement preserves token (10.6568ms)
production/evidence/s04/review-01/independent-review/unit-01.log:36: trailing whitespace.
+✔ all model errors including unused nodes block generation; fixed definitions and boundaries remain protected (1.5324ms)
production/evidence/s04/review-01/independent-review/unit-01.log:37: trailing whitespace.
+✔ generation rejects missing/extra declared boundary output even when a module emits an incomplete map (1.7523ms)
production/evidence/s04/review-01/independent-review/unit-01.log:38: trailing whitespace.
+✔ shared type environment rejects unknown identity and permits explicitly registered nominal types without changing core dispatch (0.4426ms)
production/evidence/s04/review-01/independent-review/unit-01.log:39: trailing whitespace.
+✔ AT-S01-02: endpoints in two real Stage networks cannot be cross-connected (1.7706ms)
production/evidence/s04/review-01/independent-review/unit-01.log:40: trailing whitespace.
+✔ unknown Stage slots block generation; duplicate slot identities reject before hydration (4.1477ms)
production/evidence/s04/review-01/independent-review/unit-01.log:41: trailing whitespace.
+✔ M1 reviewer counterexample: float 1e21 generates a valid GLSL floating constant (1.7107ms)
production/evidence/s04/review-01/independent-review/unit-01.log:42: trailing whitespace.
+✔ M1 reviewer counterexample: multiply 1e21 generates a valid GLSL floating constant (1.5946ms)
production/evidence/s04/review-01/independent-review/unit-01.log:43: trailing whitespace.
+✔ M1 literal grammar and value roundtrip cover integers, decimals, signs and exponent-form values (0.2286ms)
production/evidence/s04/review-01/independent-review/unit-01.log:44: trailing whitespace.
+✔ M1 all finite float32 exponent bins and representative mantissas have legal value-preserving literals (1.7277ms)
production/evidence/s04/review-01/independent-review/unit-01.log:45: trailing whitespace.
+✔ M1 admitted boundary/representative values remain editable and compile through both production literal paths (21.6782ms)
production/evidence/s04/review-01/independent-review/unit-01.log:46: trailing whitespace.
+✔ AT-S01-05: document identity, complete content, new lifetime/empty history and semantic regeneration (2.0955ms)
production/evidence/s04/review-01/independent-review/unit-01.log:47: trailing whitespace.
+✔ AT-S01-07: ACK of A never marks B saved, rejection and SAVE_BUSY retain baseline; download is separate (7.6967ms)
production/evidence/s04/review-01/independent-review/unit-01.log:48: trailing whitespace.
+✔ old saved handle cannot attach to same persistent IDs after reload (4.0063ms)
production/evidence/s04/review-01/independent-review/unit-01.log:49: trailing whitespace.
+✔ wire unknown structure, unsupported version/operation/tag, malformed known data precedence and original retention (1.9429ms)
production/evidence/s04/review-01/independent-review/unit-01.log:50: trailing whitespace.
+✔ writer refuses executable/hidden values, sparse arrays, nonfinite numbers and altered prototypes without invoking getters (1.2582ms)
production/evidence/s04/review-01/independent-review/unit-01.log:51: trailing whitespace.
+✔ missing exact module preserves opaque state and last port policy; loss payload is never activated (2.4544ms)
production/evidence/s04/review-01/independent-review/unit-01.log:52: trailing whitespace.
+✔ forged stored conversion remains saveable but cannot generate (1.7784ms)
production/evidence/s04/review-01/independent-review/unit-01.log:53: trailing whitespace.
+✔ prototype-named unknown structural keys and non-JSON whitespace are not silently accepted (1.8463ms)
production/evidence/s04/review-01/independent-review/unit-01.log:54: trailing whitespace.
+✔ unrelated edits preserve forged connection evidence rather than silently repairing it (1.7794ms)
production/evidence/s04/review-01/independent-review/unit-01.log:55: trailing whitespace.
+✔ pending storage open cannot replace a newer edit or document lifetime (2.2539ms)
production/evidence/s04/review-01/independent-review/unit-01.log:56: trailing whitespace.
+✔ unrelated edits retain explicit invalid-edge evidence even when its stored plan is structurally valid (1.8178ms)
production/evidence/s04/review-01/independent-review/unit-01.log:57: trailing whitespace.
+✔ AT-S02-04 PNG: CRC oracle, roundtrip, repeated wrapping and unowned chunks preserve bytes (7.5927ms)
production/evidence/s04/review-01/independent-review/unit-01.log:58: trailing whitespace.
+✔ AT-S02-04 PNG: malformed CRC, missing metadata, duplicate metadata, compression and malformed envelope are named rejections (3.4818ms)
production/evidence/s04/review-01/independent-review/unit-01.log:59: trailing whitespace.
+✔ AT-S02-04 PNG: structural boundaries, file/chunk/metadata limits and invalid UTF-8 never decode pixels or compressed text (78.7745ms)
production/evidence/s04/review-01/independent-review/unit-01.log:60: trailing whitespace.
+✔ AT-S02-04 PNG: ASCII/CJK/non-BMP budgets match text intake and preserve canonical graph (128.4562ms)
production/evidence/s04/review-01/independent-review/unit-01.log:61: trailing whitespace.
+✔ AT-S02-01: detached inspection/cancel/raw retention and one atomic replacement with Context continuity and Undo/Redo (6.8712ms)
production/evidence/s04/review-01/independent-review/unit-01.log:62: trailing whitespace.
+✔ AT-S02-01: base revision, content, lifetime, readonly, busy and fabricated review fences (19.1424ms)
production/evidence/s04/review-01/independent-review/unit-01.log:63: trailing whitespace.
+✔ AT-S02-01: invalid/future/duplicate IDs/unknown structure have explicit outcomes and never publish (6.3112ms)
production/evidence/s04/review-01/independent-review/unit-01.log:64: trailing whitespace.
+✔ AT-S02-01: only explicit layout repair yields a candidate; unknown endpoints/references are never guessed (11.8497ms)
production/evidence/s04/review-01/independent-review/unit-01.log:65: trailing whitespace.
+✔ AT-S02-01: mismatched exact pins cannot replace the destination; failed replacement is atomic (2.2915ms)
production/evidence/s04/review-01/independent-review/unit-01.log:66: trailing whitespace.
+✔ AT-S02-02: missing exact module survives move/rename/save/reopen; exact restoration invokes codec and never substitutes latest (7.0458ms)
production/evidence/s04/review-01/independent-review/unit-01.log:67: trailing whitespace.
+✔ AT-S02-03 boundary: foreign/legacy input is retained with explicit unresolved Gate, never implicit conversion or archive execution (0.5931ms)
production/evidence/s04/review-01/independent-review/unit-01.log:68: trailing whitespace.
+✔ AT-S02-04: ASCII/CJK/non-BMP UTF-8 exact byte budget produces deterministic results without truncation (23.2513ms)
production/evidence/s04/review-01/independent-review/unit-01.log:69: trailing whitespace.
+✔ AT-S02-04: network budgets, duplicate JSON keys, unknown nested structure and opaque fields are independently checked (11.4759ms)
production/evidence/s04/review-01/independent-review/unit-01.log:70: trailing whitespace.
+✔ S03 Group17 retains a draft, compilation rejects per-direction limit, Undo restores original (36.3334ms)
production/evidence/s04/review-01/independent-review/unit-01.log:71: trailing whitespace.
+✔ S03 64-definition destination rejects independence and imported 65th atomically (841.7129ms)
production/evidence/s04/review-01/independent-review/unit-01.log:72: trailing whitespace.
+✔ S03 nested nodes overflow rejects before paste publication (15.2128ms)
production/evidence/s04/review-01/independent-review/unit-01.log:73: trailing whitespace.
+✔ S03 nested edges overflow rejects before paste publication (17.8706ms)
production/evidence/s04/review-01/independent-review/unit-01.log:74: trailing whitespace.
+✔ S03 symbolic extents require int/uint sources, only outer dimension and pure compilation (3.605ms)
production/evidence/s04/review-01/independent-review/unit-01.log:75: trailing whitespace.
+✔ S03 New may retain a 257-node draft; generation and save reject it without losing the draft (77.2944ms)
production/evidence/s04/review-01/independent-review/unit-01.log:76: trailing whitespace.
+✔ S03 partial frames stay outside clipboard; pasted relative positions retain a common offset (3.9197ms)
production/evidence/s04/review-01/independent-review/unit-01.log:77: trailing whitespace.
+✔ S03 persisted nested source is preserved while new nested source admission remains rejected (4.287ms)
production/evidence/s04/review-01/independent-review/unit-01.log:78: trailing whitespace.
+✔ S03 scalar/vector/matrix sources transfer; composite source reuses only within its source lifetime (18.2207ms)
production/evidence/s04/review-01/independent-review/unit-01.log:79: trailing whitespace.
+✔ S03 FR01 admitted nested Structure arrays fail ES300 profile without artifacts; one dimension succeeds (5.0771ms)
production/evidence/s04/review-01/independent-review/unit-01.log:80: trailing whitespace.
+✔ S03 FR02 independence remaps mixed parent and shared child owner references with Undo/Redo (32.3091ms)
production/evidence/s04/review-01/independent-review/unit-01.log:81: trailing whitespace.
+✔ S03 FR02 independence remaps mixed parent and cloned child owner references with Undo/Redo (34.7561ms)
production/evidence/s04/review-01/independent-review/unit-01.log:82: trailing whitespace.
+✔ S03 FR02 incomplete shared-child node address rejects independence atomically (7.3354ms)
production/evidence/s04/review-01/independent-review/unit-01.log:83: trailing whitespace.
+✔ S03 FR03 editing inner Structure validates dependent depth16 and preserves Redo on depth17 rejection (14.1318ms)
production/evidence/s04/review-01/independent-review/unit-01.log:84: trailing whitespace.
+✔ S03 FR03 affected dependent expansion and vector component budgets reject atomically (2.8417ms)
production/evidence/s04/review-01/independent-review/unit-01.log:85: trailing whitespace.
+✔ S03 EG01 native array constructor2048, clipboard2048 boundary and same-load reuse (4.836ms)
production/evidence/s04/review-01/independent-review/unit-01.log:86: trailing whitespace.
+✔ S03 EG01 native array constructor2049, clipboard2048 boundary and same-load reuse (4.6644ms)
production/evidence/s04/review-01/independent-review/unit-01.log:87: trailing whitespace.
+✔ S03 EG01 native array constructor4096, clipboard2048 boundary and same-load reuse (4.6535ms)
production/evidence/s04/review-01/independent-review/unit-01.log:88: trailing whitespace.
+✔ S03 EG01 native array constructor4097 rejects atomically (1.7272ms)
production/evidence/s04/review-01/independent-review/unit-01.log:89: trailing whitespace.
+✔ S03 EG01 sampler clipboard path2048 admission (2.9362ms)
production/evidence/s04/review-01/independent-review/unit-01.log:90: trailing whitespace.
+✔ S03 EG01 sampler clipboard path2049 admission (2.8004ms)
production/evidence/s04/review-01/independent-review/unit-01.log:91: trailing whitespace.
+✔ S03 EG01 native arrays admit float/vec2/vec3/vec4 and remap symbolic length closure (16.5308ms)
production/evidence/s04/review-01/independent-review/unit-01.log:92: trailing whitespace.
+✔ S03 EG01 native arrays reject matrix/nested/expressions and invalid length owner types (7.1185ms)
production/evidence/s04/review-01/independent-review/unit-01.log:93: trailing whitespace.
+✔ S03 EG01 TOP declarations clone while source+origin slots reuse, defaults persist, and Undo/Redo/save preserve identity (11.6931ms)
production/evidence/s04/review-01/independent-review/unit-01.log:94: trailing whitespace.
+✔ S03 EG01 specialization import allocates minimal vacant ID0,2 ->1 (3.6921ms)
production/evidence/s04/review-01/independent-review/unit-01.log:95: trailing whitespace.
+✔ S03 EG01 unsupported target, unavailable owner and throwing owner reject without publication (4.4196ms)
production/evidence/s04/review-01/independent-review/unit-01.log:96: trailing whitespace.
+✔ S03 EG01 numeric uniform scalar/vector/matrix transfer remains independent and generation is explicit unavailable (10.419ms)
production/evidence/s04/review-01/independent-review/unit-01.log:97: trailing whitespace.
+✔ S03 FR03 registered resource types cannot become Structure fields (1.6413ms)
production/evidence/s04/review-01/independent-review/unit-01.log:98: trailing whitespace.
+✔ S03 EG01 exact provider/target ownership and imported descriptor failures stay atomic (3.2666ms)
production/evidence/s04/review-01/independent-review/unit-01.log:99: trailing whitespace.
+✔ S03 EG01 round2 implicit constant array@["glsl.float",2] preserves same-load reuse and rejects real cross-Graph and fresh-load publication (8.1816ms)
production/evidence/s04/review-01/independent-review/unit-01.log:100: trailing whitespace.
+✔ S03 EG01 round2 constant array@["glsl.float",2] preserves same-load reuse and rejects real cross-Graph and fresh-load publication (7.9002ms)
production/evidence/s04/review-01/independent-review/unit-01.log:101: trailing whitespace.
+✔ S03 EG01 round2 uniform array@["glsl.float",2] preserves same-load reuse and rejects real cross-Graph and fresh-load publication (9.7364ms)
production/evidence/s04/review-01/independent-review/unit-01.log:102: trailing whitespace.
+✔ S03 EG01 round2 implicit constant array@["glsl.vec2",2] preserves same-load reuse and rejects real cross-Graph and fresh-load publication (8.0414ms)
production/evidence/s04/review-01/independent-review/unit-01.log:103: trailing whitespace.
+✔ S03 EG01 round2 constant array@["glsl.vec2",2] preserves same-load reuse and rejects real cross-Graph and fresh-load publication (8.2382ms)
production/evidence/s04/review-01/independent-review/unit-01.log:104: trailing whitespace.
+✔ S03 EG01 round2 uniform array@["glsl.vec2",2] preserves same-load reuse and rejects real cross-Graph and fresh-load publication (7.9764ms)
production/evidence/s04/review-01/independent-review/unit-01.log:105: trailing whitespace.
+✔ S03 EG01 round2 scalar/vector/matrix constants and uniforms still cross actual Graph and fresh load (41.3556ms)
production/evidence/s04/review-01/independent-review/unit-01.log:106: trailing whitespace.
+✔ S03 custom declared/state closure same-Graph remaps identities only and Undo/Redo (6.7279ms)
production/evidence/s04/review-01/independent-review/unit-01.log:107: trailing whitespace.
+✔ S03 custom declared/state closure cross-Graph remaps identities only and Undo/Redo (6.6807ms)
production/evidence/s04/review-01/independent-review/unit-01.log:108: trailing whitespace.
+✔ S03 grouping an existing caller preserves child-owned frame node addresses (10.4246ms)
production/evidence/s04/review-01/independent-review/unit-01.log:109: trailing whitespace.
+✔ S03 owner collect/remap throws and escaping/incomplete references reject atomically with Redo preserved (6.895ms)
production/evidence/s04/review-01/independent-review/unit-01.log:110: trailing whitespace.
+✔ S03 custom resources follow encapsulation and direct independence, ordinary dependencies remain shared (12.7263ms)
production/evidence/s04/review-01/independent-review/unit-01.log:111: trailing whitespace.
+✔ S03 encapsulation deduplicates crossing interfaces, shared generation is pure, Undo restores all references (4.7439ms)
production/evidence/s04/review-01/independent-review/unit-01.log:112: trailing whitespace.
+✔ S03 interface rename/reorder/type/removal reconciles every caller once and Undo restores values/invalid edges/loss (7.4712ms)
production/evidence/s04/review-01/independent-review/unit-01.log:113: trailing whitespace.
+✔ S03 nested resource callers including unused ancestors reconcile child interface (8.4886ms)
production/evidence/s04/review-01/independent-review/unit-01.log:114: trailing whitespace.
+✔ S03 library position keeps identity, semantic edit forks target and library ancestors and local refs atomically (16.1173ms)
production/evidence/s04/review-01/independent-review/unit-01.log:115: trailing whitespace.
+✔ S03 direct make independent clones direct definition, shares dependencies and remaps own boundary (14.051ms)
production/evidence/s04/review-01/independent-review/unit-01.log:116: trailing whitespace.
+✔ S03 same-load clipboard reuses current source; cross-graph remaps resources and preserves text (5.5938ms)
production/evidence/s04/review-01/independent-review/unit-01.log:117: trailing whitespace.
+✔ S03 clipboard typed native symbolic array closure remaps only semantic references (3.9777ms)
production/evidence/s04/review-01/independent-review/unit-01.log:118: trailing whitespace.
+✔ S03 late bad edge, escaping refs, forbidden source and missing closure reject without nodes/resources/history/notifications (4.3901ms)
production/evidence/s04/review-01/independent-review/unit-01.log:119: trailing whitespace.
+✔ S03 source selection stays outside encapsulation; boundary-only grouping is no-op and preserves redo (3.4148ms)
production/evidence/s04/review-01/independent-review/unit-01.log:120: trailing whitespace.
+✔ S03 structure drafts retain stable fields, reject recursion and block deletion while referenced (1.8606ms)
production/evidence/s04/review-01/independent-review/unit-01.log:121: trailing whitespace.
+✔ S03 contexts distinguish occurrences; nested scoped targets never revive after navigation and Undo (25.8138ms)
production/evidence/s04/review-01/independent-review/unit-01.log:122: trailing whitespace.
+✔ S03 library snapshot position edit retains origin, first semantic edit forks and old source remains immutable (6.0614ms)
production/evidence/s04/review-01/independent-review/unit-01.log:123: trailing whitespace.
+✔ S03 nested delete and required boundary protection use the canonical Graph (4.0095ms)
production/evidence/s04/review-01/independent-review/unit-01.log:124: trailing whitespace.
+✔ S03 library ancestor traversal crosses local parents (19.8885ms)
production/evidence/s04/review-01/independent-review/unit-01.log:125: trailing whitespace.
+✔ S03 spare-port creation and first edge are one Undo entry with stable keys (5.2584ms)
production/evidence/s04/review-01/independent-review/unit-01.log:126: trailing whitespace.
+✔ S03 whole frames travel through grouping and cross-Graph clipboard with fresh identities (7.6401ms)
production/evidence/s04/review-01/independent-review/unit-01.log:127: trailing whitespace.
+✔ S03 vector/matrix reshape retains override components and defaults follow interface defaults (5.1306ms)
production/evidence/s04/review-01/independent-review/unit-01.log:128: trailing whitespace.
+✔ S03 malformed resource envelopes, missing boundaries and nominal conflicts reject atomically (5.9629ms)
production/evidence/s04/review-01/independent-review/unit-01.log:129: trailing whitespace.
+✔ S03 source admission cannot be bypassed by nested add, grouping or pasted nodes (3.7406ms)
production/evidence/s04/review-01/independent-review/unit-01.log:130: trailing whitespace.
+✔ S03 layout proposal rejects navigation ABA, semantic fork and Undo (17.1535ms)
production/evidence/s04/review-01/independent-review/unit-01.log:131: trailing whitespace.
+✔ S03 clipboard rejects forged hydrated plans and invalid edge evidence (2.613ms)
production/evidence/s04/review-01/independent-review/unit-01.log:132: trailing whitespace.
+✔ S03 empty library paste preserves origin, selection-independent History and Redo (5.2499ms)
production/evidence/s04/review-01/independent-review/unit-01.log:133: trailing whitespace.
+✔ S03 packet-wide network identity collisions and malformed reused resource envelopes reject (4.1612ms)
production/evidence/s04/review-01/independent-review/unit-01.log:134: trailing whitespace.
+✔ S03 source transfer uses actual load identity and reopened documents cannot forge same-load reuse (2.3835ms)
production/evidence/s04/review-01/independent-review/unit-01.log:135: trailing whitespace.
+✔ S03 structure emission is read-only, nominally declared once, field deletion preserves invalid edges and Undo (4.0955ms)
production/evidence/s04/review-01/independent-review/unit-01.log:136: trailing whitespace.
+✔ S03 accepted paste requires a valid destination and direct whole frames survive clipboard (3.8267ms)
production/evidence/s04/review-01/independent-review/unit-01.log:137: trailing whitespace.
+✔ S03 scoped parameters and proposals from identical persistent IDs expire across a new load (13.0867ms)
production/evidence/s04/review-01/independent-review/unit-01.log:138: trailing whitespace.
+✔ S03 library grouping resolves the forked canonical network (5.4201ms)
production/evidence/s04/review-01/independent-review/unit-01.log:139: trailing whitespace.
+✔ S03 local child semantic edit forks its library ancestor (13.4023ms)
production/evidence/s04/review-01/independent-review/unit-01.log:140: trailing whitespace.
+✔ S03 explicit override equal to default survives interface defaults and save/reload (9.9026ms)
production/evidence/s04/review-01/independent-review/unit-01.log:141: trailing whitespace.
+✔ S03 direct independence preserves nonowned state, declared references and typed frame resources (9.1991ms)
production/evidence/s04/review-01/independent-review/unit-01.log:142: trailing whitespace.
+✔ S03 encapsulation rejects cross-scope node references despite matching local IDs (1.6297ms)
production/evidence/s04/review-01/independent-review/unit-01.log:143: trailing whitespace.
+✔ S03 New creates Value vec4 passthrough; shared rename retains instance names and no-op keeps library identity (9.775ms)
production/evidence/s04/review-01/independent-review/unit-01.log:144: trailing whitespace.
+✔ S03 explicit interface Add stops at16 per direction without erasing preserved oversized draft (10.6224ms)
production/evidence/s04/review-01/independent-review/unit-01.log:145: trailing whitespace.
+✔ S03 structure authoring validates count, names, description, nested fixed arrays, recursion/depth and expansion (337.991ms)
production/evidence/s04/review-01/independent-review/unit-01.log:146: trailing whitespace.
+✔ S03 large external array declarations survive metadata edits; materialization remains bounded (3.0289ms)
production/evidence/s04/review-01/independent-review/unit-01.log:147: trailing whitespace.
+✔ S03 type tokens retain eight dimensions and reject extra tuple fields (1.7114ms)
production/evidence/s04/review-01/independent-review/unit-01.log:148: trailing whitespace.
+✔ S03 disconnected output boundary follows shared output defaults (5.7892ms)
production/evidence/s04/review-01/independent-review/unit-01.log:149: trailing whitespace.
+✔ S03 inline array construction and same-load reuse allow2049 elements; cross-Graph clipboard rejects composites (16.5849ms)
production/evidence/s04/review-01/independent-review/unit-01.log:150: trailing whitespace.
+✔ S03 nested input link ABA invalidates old edit tokens without changing History on rejection (31.6361ms)
production/evidence/s04/review-01/independent-review/unit-01.log:151: trailing whitespace.
+✔ S03 shared same-key type changes reject stale caller tokens and removed handles never revive (19.2346ms)
production/evidence/s04/review-01/independent-review/unit-01.log:152: trailing whitespace.
+✔ S03 cross-Graph nominal closure remaps nested structures and Undo removes the full insertion (4.8218ms)
production/evidence/s04/review-01/independent-review/unit-01.log:153: trailing whitespace.
+✔ S03 reusable definition cycles reject atomically including unused dependencies (8.9697ms)
production/evidence/s04/review-01/independent-review/unit-01.log:154: trailing whitespace.
+(node:14876) ExperimentalWarning: Transform Types is an experimental feature and might change at any time
production/evidence/s04/review-01/independent-review/unit-01.log:155: trailing whitespace.
+(Use `node --trace-warnings ...` to show where the warning was created)
production/evidence/s04/review-01/independent-review/unit-01.log:156: trailing whitespace.
+✔ S04 Personal complete owner payload and typed references survive reuse fork and absent Library source (43.1219ms)
production/evidence/s04/review-01/independent-review/unit-01.log:157: trailing whitespace.
+✔ S04 DEC004 same-name destination sources retain distinct identity and changed imported bindings regenerate (393.0633ms)
production/evidence/s04/review-01/independent-review/unit-01.log:158: trailing whitespace.
+✔ S04 Personal malformed envelope checksum and unsupported owner reject before provider writes; list deduplicates renamed files (27.3279ms)
production/evidence/s04/review-01/independent-review/unit-01.log:159: trailing whitespace.
+✔ S04 DEC002 one-source fanout does not mutate source or existing conversions and pad failures agree (14.2725ms)
production/evidence/s04/review-01/independent-review/unit-01.log:160: trailing whitespace.
+✔ S04 Personal root owner remap and input-bound Independent retain complete typed scope (68.3289ms)
production/evidence/s04/review-01/independent-review/unit-01.log:161: trailing whitespace.
+✔ S04 stored inherited v2 and pad plans retain complete extensions through Personal shared import and reopen (20.3043ms)
production/evidence/s04/review-01/independent-review/unit-01.log:162: trailing whitespace.
+✔ S04 shipped basic Library snapshot compiles after semantic fork and Personal roundtrip (9.544ms)
production/evidence/s04/review-01/independent-review/unit-01.log:163: trailing whitespace.
+✔ S04 Personal canonical package preserves snapshots, same-version reuse, independent and collision-safe filenames (23.3353ms)
production/evidence/s04/review-01/independent-review/unit-01.log:164: trailing whitespace.
+✔ S04 DEC002 all16 default float plans, version fences and current ImageOutput compile (1.1165ms)
production/evidence/s04/review-01/independent-review/unit-01.log:165: trailing whitespace.
+✔ S04 AC001 additive envelope upgrade retains exact pins and inactive evidence, fences v2 under2.0 (1.1149ms)
production/evidence/s04/review-01/independent-review/unit-01.log:166: trailing whitespace.
+✔ S04 DEC004 literal Personal typed closure survives canonical export import save reopen generation (25.2122ms)
production/evidence/s04/review-01/independent-review/unit-01.log:167: trailing whitespace.
+✔ S04 DEC004 source Personal typed closure survives canonical export import save reopen generation (65.9793ms)
production/evidence/s04/review-01/independent-review/unit-01.log:168: trailing whitespace.
+✔ S04 DEC004 direct-source Personal typed closure survives canonical export import save reopen generation (31.4313ms)
production/evidence/s04/review-01/independent-review/unit-01.log:169: trailing whitespace.
+✔ S04 DEC004 input Personal typed closure survives canonical export import save reopen generation (70.2782ms)
production/evidence/s04/review-01/independent-review/unit-01.log:170: trailing whitespace.
+✔ S04 DEC004 input-bound length uses caller override and rejects conflicting caller sources (19.5426ms)
production/evidence/s04/review-01/independent-review/unit-01.log:171: trailing whitespace.
+✔ S04 DEC004 nested shared input bindings remap through Personal and remain independent after semantic fork and reinsert (311.0551ms)
production/evidence/s04/review-01/independent-review/unit-01.log:172: trailing whitespace.
+✔ S04 AC001 inactive owner network resources and unknown wrapper versions preserve the version fence (4.4947ms)
production/evidence/s04/review-01/independent-review/unit-01.log:173: trailing whitespace.
+✔ S04 DEC004 rejected literal/source/input/nested candidates are atomic through Application with valid checksums (176.3221ms)
production/evidence/s04/review-01/independent-review/unit-01.log:174: trailing whitespace.
+✔ S04 Personal Library per-file isolation, safe names, duplicate-at-capacity and provider failures leave existing assets unchanged (28.6999ms)
production/evidence/s04/review-01/independent-review/unit-01.log:175: trailing whitespace.
+✔ S04 AC001 unchanged accepted reader and exact old/new definition boundaries (2.6185ms)
production/evidence/s04/review-01/independent-review/unit-01.log:176: trailing whitespace.
+✔ S04 inherited v2 plans preserve extensions across hydration move clipboard nested and Personal (12.9904ms)
production/evidence/s04/review-01/independent-review/unit-01.log:177: trailing whitespace.
+✔ S04 current exact source owner supports new image descriptors without retargeting legacy owner (0.782ms)
production/evidence/s04/review-01/independent-review/unit-01.log:178: trailing whitespace.
+✔ S04 DEC004 required int length input qualifies with an actual constant supply and changed caller defaults regenerate (79.9891ms)
production/evidence/s04/review-01/independent-review/unit-01.log:179: trailing whitespace.
+✔ M1: missing-module boundary x rename rejects save before ACK without data loss (15.9967ms)
production/evidence/s04/review-01/independent-review/unit-01.log:180: trailing whitespace.
+✔ M1: missing-module boundary 中 rename rejects save before ACK without data loss (14.4391ms)
production/evidence/s04/review-01/independent-review/unit-01.log:181: trailing whitespace.
+✔ M1: missing-module boundary 🍇 rename rejects save before ACK without data loss (21.7369ms)
production/evidence/s04/review-01/independent-review/unit-01.log:182: trailing whitespace.
+✔ M1: compact fallback validates actual emitted bytes at and beyond the budget (5.1488ms)
production/evidence/s04/review-01/independent-review/unit-01.log:183: trailing whitespace.
+✔ M1: nodes at/beyond network limit obey save/reopen invariant (17.9658ms)
production/evidence/s04/review-01/independent-review/unit-01.log:184: trailing whitespace.
+✔ M1: edges at/beyond network limit obey save/reopen invariant (34.5808ms)
production/evidence/s04/review-01/independent-review/unit-01.log:185: trailing whitespace.
+✔ M1: editing beyond network capacity cannot acknowledge a save or erase the previous saved document (93.5402ms)
production/evidence/s04/review-01/independent-review/unit-01.log:186: trailing whitespace.
+ℹ tests 179
production/evidence/s04/review-01/independent-review/unit-01.log:187: trailing whitespace.
+ℹ suites 0
production/evidence/s04/review-01/independent-review/unit-01.log:188: trailing whitespace.
+ℹ pass 179
production/evidence/s04/review-01/independent-review/unit-01.log:189: trailing whitespace.
+ℹ fail 0
production/evidence/s04/review-01/independent-review/unit-01.log:190: trailing whitespace.
+ℹ cancelled 0
production/evidence/s04/review-01/independent-review/unit-01.log:191: trailing whitespace.
+ℹ skipped 0
production/evidence/s04/review-01/independent-review/unit-01.log:192: trailing whitespace.
+ℹ todo 0
production/evidence/s04/review-01/independent-review/unit-01.log:193: trailing whitespace.
+ℹ duration_ms 5136.6835
production/evidence/s04/review-01/independent-review/verification-summary-01.mjs:5: trailing whitespace.
+const b=read(out+'/browser-01/browser-results.json');result.browser=b.stats;const numeric=read(out+'/browser-01/s04-webgl16.json');Object.assign(result.environment,{chromium:numeric.browser,webgl:numeric.version,renderer:numeric.renderer});result.numeric={rows:numeric.rows.length,allWithinOneByte:numeric.rows.every(r=>r.pixels.every((v,i)=>Math.abs(v-r.expected[i])<=1)),allSnapshotsUnchanged:numeric.rows.every(r=>r.unchanged)};const arrays=read(out+'/browser-01/s04-personal-webgl.json');result.personal=arrays.rows.map(r=>({mode:r.mode,hashSame:r.hashSame,shaderCount:r.shaders.length,allCompiled:r.shaders.every(s=>s.compiled)}));result.negative=read(out+'/browser-01/s04-personal-rejections.json');result.archiveSmoke=read(out+'/browser-artifact-02/browser-results.json').stats;result.finalTrackedStatus=execFileSync('git',['status','--porcelain','--untracked-files=no'],{encoding:'utf8'});result.finalHead=execFileSync('git',['rev-parse','HEAD'],{encoding:'utf8'}).trim();fs.writeFileSync(out+'/verification-summary-01.json',JSON.stringify(result,null,2));console.log(JSON.stringify(result,null,2));
production/evidence/s04/review-01/persistence-bootstrap-01.log:1: trailing whitespace.
+{
production/evidence/s04/review-01/persistence-bootstrap-01.log:2: trailing whitespace.
+  "status": "PASS",
production/evidence/s04/review-01/persistence-bootstrap-01.log:3: trailing whitespace.
+  "scope": "Read-only bootstrap/integrity/navigation and state checks, not full qualification or S01 authorization",
production/evidence/s04/review-01/persistence-bootstrap-01.log:4: trailing whitespace.
+  "checks": 469,
production/evidence/s04/review-01/persistence-bootstrap-01.log:5: trailing whitespace.
+  "errors": [],
production/evidence/s04/review-01/persistence-bootstrap-01.log:6: trailing whitespace.
+  "indexedFiles": 411,
production/evidence/s04/review-01/persistence-bootstrap-01.log:7: trailing whitespace.
+  "frozenFiles": 412,
production/evidence/s04/review-01/persistence-bootstrap-01.log:8: trailing whitespace.
+  "acceptedRevision": "IH-005",
production/evidence/s04/review-01/persistence-bootstrap-01.log:9: trailing whitespace.
+  "canonicalFormat": "grape.document 2.0",
production/evidence/s04/review-01/persistence-bootstrap-01.log:10: trailing whitespace.
+  "currentState": "active",
production/evidence/s04/review-01/persistence-bootstrap-01.log:11: trailing whitespace.
+  "activeSlices": [
production/evidence/s04/review-01/persistence-bootstrap-01.log:12: trailing whitespace.
+    "S04"
production/evidence/s04/review-01/persistence-bootstrap-01.log:13: trailing whitespace.
+  ],
production/evidence/s04/review-01/persistence-bootstrap-01.log:14: trailing whitespace.
+  "currentRecordValidation": "CURRENT_RECORD_VALID",
production/evidence/s04/review-01/persistence-bootstrap-01.log:15: trailing whitespace.
+  "commands": [
production/evidence/s04/review-01/persistence-bootstrap-01.log:16: trailing whitespace.
+    {
production/evidence/s04/review-01/persistence-bootstrap-01.log:17: trailing whitespace.
+      "command": "node handoff/tools/check-handoff.mjs",
production/evidence/s04/review-01/persistence-bootstrap-01.log:18: trailing whitespace.
+      "exitCode": 0,
production/evidence/s04/review-01/persistence-bootstrap-01.log:19: trailing whitespace.
+      "status": "PASS",
production/evidence/s04/review-01/persistence-bootstrap-01.log:20: trailing whitespace.
+      "checks": 9361,
production/evidence/s04/review-01/persistence-bootstrap-01.log:21: trailing whitespace.
+      "errors": []
production/evidence/s04/review-01/persistence-bootstrap-01.log:22: trailing whitespace.
+    },
production/evidence/s04/review-01/persistence-bootstrap-01.log:23: trailing whitespace.
+    {
production/evidence/s04/review-01/persistence-bootstrap-01.log:24: trailing whitespace.
+      "command": "node handoff/tools/check-ih005.mjs --verify-index",
production/evidence/s04/review-01/persistence-bootstrap-01.log:25: trailing whitespace.
+      "exitCode": 0,
production/evidence/s04/review-01/persistence-bootstrap-01.log:26: trailing whitespace.
+      "status": "PASS",
production/evidence/s04/review-01/persistence-bootstrap-01.log:27: trailing whitespace.
+      "checks": 469,
production/evidence/s04/review-01/persistence-bootstrap-01.log:28: trailing whitespace.
+      "errors": []
production/evidence/s04/review-01/persistence-bootstrap-01.log:29: trailing whitespace.
+    },
production/evidence/s04/review-01/persistence-bootstrap-01.log:30: trailing whitespace.
+    {
production/evidence/s04/review-01/persistence-bootstrap-01.log:31: trailing whitespace.
+      "command": "node handoff/tools/check-repair.mjs",
production/evidence/s04/review-01/persistence-bootstrap-01.log:32: trailing whitespace.
+      "exitCode": 0,
production/evidence/s04/review-01/persistence-bootstrap-01.log:33: trailing whitespace.
+      "status": "PASS",
production/evidence/s04/review-01/persistence-bootstrap-01.log:34: trailing whitespace.
+      "checks": 103,
production/evidence/s04/review-01/persistence-bootstrap-01.log:35: trailing whitespace.
+      "errors": []
production/evidence/s04/review-01/persistence-bootstrap-01.log:36: trailing whitespace.
+    },
production/evidence/s04/review-01/persistence-bootstrap-01.log:37: trailing whitespace.
+    {
production/evidence/s04/review-01/persistence-bootstrap-01.log:38: trailing whitespace.
+      "command": "node handoff/tools/check-second-review.mjs",
production/evidence/s04/review-01/persistence-bootstrap-01.log:39: trailing whitespace.
+      "exitCode": 0,
production/evidence/s04/review-01/persistence-bootstrap-01.log:40: trailing whitespace.
+      "status": "PASS",
production/evidence/s04/review-01/persistence-bootstrap-01.log:41: trailing whitespace.
+      "checks": 266,
production/evidence/s04/review-01/persistence-bootstrap-01.log:42: trailing whitespace.
+      "errors": []
production/evidence/s04/review-01/persistence-bootstrap-01.log:43: trailing whitespace.
+    },
production/evidence/s04/review-01/persistence-bootstrap-01.log:44: trailing whitespace.
+    {
production/evidence/s04/review-01/persistence-bootstrap-01.log:45: trailing whitespace.
+      "command": "node handoff/tools/check-final-review-repair.mjs",
production/evidence/s04/review-01/persistence-bootstrap-01.log:46: trailing whitespace.
+      "exitCode": 0,
production/evidence/s04/review-01/persistence-bootstrap-01.log:47: trailing whitespace.
+      "status": "PASS",
production/evidence/s04/review-01/persistence-bootstrap-01.log:48: trailing whitespace.
+      "checks": 36,
production/evidence/s04/review-01/persistence-bootstrap-01.log:49: trailing whitespace.
+      "errors": []
production/evidence/s04/review-01/persistence-bootstrap-01.log:50: trailing whitespace.
+    },
production/evidence/s04/review-01/persistence-bootstrap-01.log:51: trailing whitespace.
+    {
production/evidence/s04/review-01/persistence-bootstrap-01.log:52: trailing whitespace.
+      "command": "node handoff/tools/check-implementation-state.mjs",
production/evidence/s04/review-01/persistence-bootstrap-01.log:53: trailing whitespace.
+      "exitCode": 0,
production/evidence/s04/review-01/persistence-bootstrap-01.log:54: trailing whitespace.
+      "status": "TEMPLATE_VALID",
production/evidence/s04/review-01/persistence-bootstrap-01.log:55: trailing whitespace.
+      "errors": []
production/evidence/s04/review-01/persistence-bootstrap-01.log:56: trailing whitespace.
+    },
production/evidence/s04/review-01/persistence-bootstrap-01.log:57: trailing whitespace.
+    {
production/evidence/s04/review-01/persistence-bootstrap-01.log:58: trailing whitespace.
+      "command": "node handoff/tools/check-implementation-state.mjs --current",
production/evidence/s04/review-01/persistence-bootstrap-01.log:59: trailing whitespace.
+      "exitCode": 0,
production/evidence/s04/review-01/persistence-bootstrap-01.log:60: trailing whitespace.
+      "status": "CURRENT_RECORD_VALID",
production/evidence/s04/review-01/persistence-bootstrap-01.log:61: trailing whitespace.
+      "errors": []
production/evidence/s04/review-01/persistence-bootstrap-01.log:62: trailing whitespace.
+    }
production/evidence/s04/review-01/persistence-bootstrap-01.log:63: trailing whitespace.
+  ]
production/evidence/s04/review-01/persistence-bootstrap-01.log:64: trailing whitespace.
+}
production/evidence/s04/review-01/persistence-state-01.log:1: trailing whitespace.
+{
production/evidence/s04/review-01/persistence-state-01.log:2: trailing whitespace.
+  "file": "C:\\Users\\user\\source\\Grape\\implementation-state.json",
production/evidence/s04/review-01/persistence-state-01.log:3: trailing whitespace.
+  "status": "CURRENT_RECORD_VALID",
production/evidence/s04/review-01/persistence-state-01.log:4: trailing whitespace.
+  "errors": [],
production/evidence/s04/review-01/persistence-state-01.log:5: trailing whitespace.
+  "inheritedGates": [
production/evidence/s04/review-01/persistence-state-01.log:6: trailing whitespace.
+    {
production/evidence/s04/review-01/persistence-state-01.log:7: trailing whitespace.
+      "gateId": "G-LU-DATA-001",
production/evidence/s04/review-01/persistence-state-01.log:8: trailing whitespace.
+      "baselineStatus": "unresolved",
production/evidence/s04/review-01/persistence-state-01.log:9: trailing whitespace.
+      "scopedDecisions": []
production/evidence/s04/review-01/persistence-state-01.log:10: trailing whitespace.
+    },
production/evidence/s04/review-01/persistence-state-01.log:11: trailing whitespace.
+    {
production/evidence/s04/review-01/persistence-state-01.log:12: trailing whitespace.
+      "gateId": "G-LU-DATA-002",
production/evidence/s04/review-01/persistence-state-01.log:13: trailing whitespace.
+      "baselineStatus": "unresolved",
production/evidence/s04/review-01/persistence-state-01.log:14: trailing whitespace.
+      "scopedDecisions": []
production/evidence/s04/review-01/persistence-state-01.log:15: trailing whitespace.
+    },
production/evidence/s04/review-01/persistence-state-01.log:16: trailing whitespace.
+    {
production/evidence/s04/review-01/persistence-state-01.log:17: trailing whitespace.
+      "gateId": "G-LU-DATA-003",
production/evidence/s04/review-01/persistence-state-01.log:18: trailing whitespace.
+      "baselineStatus": "unresolved",
production/evidence/s04/review-01/persistence-state-01.log:19: trailing whitespace.
+      "scopedDecisions": []
production/evidence/s04/review-01/persistence-state-01.log:20: trailing whitespace.
+    },
production/evidence/s04/review-01/persistence-state-01.log:21: trailing whitespace.
+    {
production/evidence/s04/review-01/persistence-state-01.log:22: trailing whitespace.
+      "gateId": "G-LU-DATA-004",
production/evidence/s04/review-01/persistence-state-01.log:23: trailing whitespace.
+      "baselineStatus": "unresolved",
production/evidence/s04/review-01/persistence-state-01.log:24: trailing whitespace.
+      "scopedDecisions": []
production/evidence/s04/review-01/persistence-state-01.log:25: trailing whitespace.
+    },
production/evidence/s04/review-01/persistence-state-01.log:26: trailing whitespace.
+    {
production/evidence/s04/review-01/persistence-state-01.log:27: trailing whitespace.
+      "gateId": "G-LU-DATA-005",
production/evidence/s04/review-01/persistence-state-01.log:28: trailing whitespace.
+      "baselineStatus": "unresolved",
production/evidence/s04/review-01/persistence-state-01.log:29: trailing whitespace.
+      "scopedDecisions": []
production/evidence/s04/review-01/persistence-state-01.log:30: trailing whitespace.
+    },
production/evidence/s04/review-01/persistence-state-01.log:31: trailing whitespace.
+    {
production/evidence/s04/review-01/persistence-state-01.log:32: trailing whitespace.
+      "gateId": "G-LU-DATA-006",
production/evidence/s04/review-01/persistence-state-01.log:33: trailing whitespace.
+      "baselineStatus": "unresolved",
production/evidence/s04/review-01/persistence-state-01.log:34: trailing whitespace.
+      "scopedDecisions": []
production/evidence/s04/review-01/persistence-state-01.log:35: trailing whitespace.
+    },
production/evidence/s04/review-01/persistence-state-01.log:36: trailing whitespace.
+    {
production/evidence/s04/review-01/persistence-state-01.log:37: trailing whitespace.
+      "gateId": "G-LU-DATA-007",
production/evidence/s04/review-01/persistence-state-01.log:38: trailing whitespace.
+      "baselineStatus": "unresolved",
production/evidence/s04/review-01/persistence-state-01.log:39: trailing whitespace.
+      "scopedDecisions": []
production/evidence/s04/review-01/persistence-state-01.log:40: trailing whitespace.
+    },
production/evidence/s04/review-01/persistence-state-01.log:41: trailing whitespace.
+    {
production/evidence/s04/review-01/persistence-state-01.log:42: trailing whitespace.
+      "gateId": "G-LU-NODE-001",
production/evidence/s04/review-01/persistence-state-01.log:43: trailing whitespace.
+      "baselineStatus": "unresolved",
production/evidence/s04/review-01/persistence-state-01.log:44: trailing whitespace.
+      "scopedDecisions": []
production/evidence/s04/review-01/persistence-state-01.log:45: trailing whitespace.
+    },
production/evidence/s04/review-01/persistence-state-01.log:46: trailing whitespace.
+    {
production/evidence/s04/review-01/persistence-state-01.log:47: trailing whitespace.
+      "gateId": "G-LU-NODE-002",
production/evidence/s04/review-01/persistence-state-01.log:48: trailing whitespace.
+      "baselineStatus": "unresolved",
production/evidence/s04/review-01/persistence-state-01.log:49: trailing whitespace.
+      "scopedDecisions": []
production/evidence/s04/review-01/persistence-state-01.log:50: trailing whitespace.
+    },
production/evidence/s04/review-01/persistence-state-01.log:51: trailing whitespace.
+    {
production/evidence/s04/review-01/persistence-state-01.log:52: trailing whitespace.
+      "gateId": "G-LU-NODE-003",
production/evidence/s04/review-01/persistence-state-01.log:53: trailing whitespace.
+      "baselineStatus": "unresolved",
production/evidence/s04/review-01/persistence-state-01.log:54: trailing whitespace.
+      "scopedDecisions": []
production/evidence/s04/review-01/persistence-state-01.log:55: trailing whitespace.
+    },
production/evidence/s04/review-01/persistence-state-01.log:56: trailing whitespace.
+    {
production/evidence/s04/review-01/persistence-state-01.log:57: trailing whitespace.
+      "gateId": "G-LU-NODE-004",
production/evidence/s04/review-01/persistence-state-01.log:58: trailing whitespace.
+      "baselineStatus": "unresolved",
production/evidence/s04/review-01/persistence-state-01.log:59: trailing whitespace.
+      "scopedDecisions": []
production/evidence/s04/review-01/persistence-state-01.log:60: trailing whitespace.
+    },
production/evidence/s04/review-01/persistence-state-01.log:61: trailing whitespace.
+    {
production/evidence/s04/review-01/persistence-state-01.log:62: trailing whitespace.
+      "gateId": "G-LU-NODE-005",
production/evidence/s04/review-01/persistence-state-01.log:63: trailing whitespace.
+      "baselineStatus": "unresolved",
production/evidence/s04/review-01/persistence-state-01.log:64: trailing whitespace.
+      "scopedDecisions": []
production/evidence/s04/review-01/persistence-state-01.log:65: trailing whitespace.
+    },
production/evidence/s04/review-01/persistence-state-01.log:66: trailing whitespace.
+    {
production/evidence/s04/review-01/persistence-state-01.log:67: trailing whitespace.
+      "gateId": "G-LU-NODE-006",
production/evidence/s04/review-01/persistence-state-01.log:68: trailing whitespace.
+      "baselineStatus": "unresolved",
production/evidence/s04/review-01/persistence-state-01.log:69: trailing whitespace.
+      "scopedDecisions": []
production/evidence/s04/review-01/persistence-state-01.log:70: trailing whitespace.
+    },
production/evidence/s04/review-01/persistence-state-01.log:71: trailing whitespace.
+    {
production/evidence/s04/review-01/persistence-state-01.log:72: trailing whitespace.
+      "gateId": "G-LU-UI-001",
production/evidence/s04/review-01/persistence-state-01.log:73: trailing whitespace.
+      "baselineStatus": "unresolved",
production/evidence/s04/review-01/persistence-state-01.log:74: trailing whitespace.
+      "scopedDecisions": []
production/evidence/s04/review-01/persistence-state-01.log:75: trailing whitespace.
+    },
production/evidence/s04/review-01/persistence-state-01.log:76: trailing whitespace.
+    {
production/evidence/s04/review-01/persistence-state-01.log:77: trailing whitespace.
+      "gateId": "G-LU-UI-002",
production/evidence/s04/review-01/persistence-state-01.log:78: trailing whitespace.
+      "baselineStatus": "unresolved",
production/evidence/s04/review-01/persistence-state-01.log:79: trailing whitespace.
+      "scopedDecisions": []
production/evidence/s04/review-01/persistence-state-01.log:80: trailing whitespace.
+    },
production/evidence/s04/review-01/persistence-state-01.log:81: trailing whitespace.
+    {
production/evidence/s04/review-01/persistence-state-01.log:82: trailing whitespace.
+      "gateId": "G-LU-UI-003",
production/evidence/s04/review-01/persistence-state-01.log:83: trailing whitespace.
+      "baselineStatus": "unresolved",
production/evidence/s04/review-01/persistence-state-01.log:84: trailing whitespace.
+      "scopedDecisions": []
production/evidence/s04/review-01/persistence-state-01.log:85: trailing whitespace.
+    },
production/evidence/s04/review-01/persistence-state-01.log:86: trailing whitespace.
+    {
production/evidence/s04/review-01/persistence-state-01.log:87: trailing whitespace.
+      "gateId": "G-LU-UI-004",
production/evidence/s04/review-01/persistence-state-01.log:88: trailing whitespace.
+      "baselineStatus": "unresolved",
production/evidence/s04/review-01/persistence-state-01.log:89: trailing whitespace.
+      "scopedDecisions": []
production/evidence/s04/review-01/persistence-state-01.log:90: trailing whitespace.
+    },
production/evidence/s04/review-01/persistence-state-01.log:91: trailing whitespace.
+    {
production/evidence/s04/review-01/persistence-state-01.log:92: trailing whitespace.
+      "gateId": "G-LU-UI-005",
production/evidence/s04/review-01/persistence-state-01.log:93: trailing whitespace.
+      "baselineStatus": "unresolved",
production/evidence/s04/review-01/persistence-state-01.log:94: trailing whitespace.
+      "scopedDecisions": []
production/evidence/s04/review-01/persistence-state-01.log:95: trailing whitespace.
+    },
production/evidence/s04/review-01/persistence-state-01.log:96: trailing whitespace.
+    {
production/evidence/s04/review-01/persistence-state-01.log:97: trailing whitespace.
+      "gateId": "G-LU-UI-006",
production/evidence/s04/review-01/persistence-state-01.log:98: trailing whitespace.
+      "baselineStatus": "unresolved",
production/evidence/s04/review-01/persistence-state-01.log:99: trailing whitespace.
+      "scopedDecisions": []
production/evidence/s04/review-01/persistence-state-01.log:100: trailing whitespace.
+    },
production/evidence/s04/review-01/persistence-state-01.log:101: trailing whitespace.
+    {
production/evidence/s04/review-01/persistence-state-01.log:102: trailing whitespace.
+      "gateId": "G-LU-UI-007",
production/evidence/s04/review-01/persistence-state-01.log:103: trailing whitespace.
+      "baselineStatus": "unresolved",
production/evidence/s04/review-01/persistence-state-01.log:104: trailing whitespace.
+      "scopedDecisions": []
production/evidence/s04/review-01/persistence-state-01.log:105: trailing whitespace.
+    },
production/evidence/s04/review-01/persistence-state-01.log:106: trailing whitespace.
+    {
production/evidence/s04/review-01/persistence-state-01.log:107: trailing whitespace.
+      "gateId": "G-LU-UI-008",
production/evidence/s04/review-01/persistence-state-01.log:108: trailing whitespace.
+      "baselineStatus": "unresolved",
production/evidence/s04/review-01/persistence-state-01.log:109: trailing whitespace.
+      "scopedDecisions": []
production/evidence/s04/review-01/persistence-state-01.log:110: trailing whitespace.
+    },
production/evidence/s04/review-01/persistence-state-01.log:111: trailing whitespace.
+    {
production/evidence/s04/review-01/persistence-state-01.log:112: trailing whitespace.
+      "gateId": "G-LU-UI-009",
production/evidence/s04/review-01/persistence-state-01.log:113: trailing whitespace.
+      "baselineStatus": "unresolved",
production/evidence/s04/review-01/persistence-state-01.log:114: trailing whitespace.
+      "scopedDecisions": []
production/evidence/s04/review-01/persistence-state-01.log:115: trailing whitespace.
+    },
production/evidence/s04/review-01/persistence-state-01.log:116: trailing whitespace.
+    {
production/evidence/s04/review-01/persistence-state-01.log:117: trailing whitespace.
+      "gateId": "G-LU-HOST-001",
production/evidence/s04/review-01/persistence-state-01.log:118: trailing whitespace.
+      "baselineStatus": "unresolved",
production/evidence/s04/review-01/persistence-state-01.log:119: trailing whitespace.
+      "scopedDecisions": []
production/evidence/s04/review-01/persistence-state-01.log:120: trailing whitespace.
+    },
production/evidence/s04/review-01/persistence-state-01.log:121: trailing whitespace.
+    {
production/evidence/s04/review-01/persistence-state-01.log:122: trailing whitespace.
+      "gateId": "G-LU-HOST-002",
production/evidence/s04/review-01/persistence-state-01.log:123: trailing whitespace.
+      "baselineStatus": "unresolved",
production/evidence/s04/review-01/persistence-state-01.log:124: trailing whitespace.
+      "scopedDecisions": []
production/evidence/s04/review-01/persistence-state-01.log:125: trailing whitespace.
+    },
production/evidence/s04/review-01/persistence-state-01.log:126: trailing whitespace.
+    {
production/evidence/s04/review-01/persistence-state-01.log:127: trailing whitespace.
+      "gateId": "G-LU-HOST-003",
production/evidence/s04/review-01/persistence-state-01.log:128: trailing whitespace.
+      "baselineStatus": "unresolved",
production/evidence/s04/review-01/persistence-state-01.log:129: trailing whitespace.
+      "scopedDecisions": []
production/evidence/s04/review-01/persistence-state-01.log:130: trailing whitespace.
+    },
production/evidence/s04/review-01/persistence-state-01.log:131: trailing whitespace.
+    {
production/evidence/s04/review-01/persistence-state-01.log:132: trailing whitespace.
+      "gateId": "G-LU-HOST-004",
production/evidence/s04/review-01/persistence-state-01.log:133: trailing whitespace.
+      "baselineStatus": "unresolved",
production/evidence/s04/review-01/persistence-state-01.log:134: trailing whitespace.
+      "scopedDecisions": []
production/evidence/s04/review-01/persistence-state-01.log:135: trailing whitespace.
+    },
production/evidence/s04/review-01/persistence-state-01.log:136: trailing whitespace.
+    {
production/evidence/s04/review-01/persistence-state-01.log:137: trailing whitespace.
+      "gateId": "G-LU-HOST-005",
production/evidence/s04/review-01/persistence-state-01.log:138: trailing whitespace.
+      "baselineStatus": "unresolved",
production/evidence/s04/review-01/persistence-state-01.log:139: trailing whitespace.
+      "scopedDecisions": []
production/evidence/s04/review-01/persistence-state-01.log:140: trailing whitespace.
+    },
production/evidence/s04/review-01/persistence-state-01.log:141: trailing whitespace.
+    {
production/evidence/s04/review-01/persistence-state-01.log:142: trailing whitespace.
+      "gateId": "G-LU-HOST-006",
production/evidence/s04/review-01/persistence-state-01.log:143: trailing whitespace.
+      "baselineStatus": "unresolved",
production/evidence/s04/review-01/persistence-state-01.log:144: trailing whitespace.
+      "scopedDecisions": []
production/evidence/s04/review-01/persistence-state-01.log:145: trailing whitespace.
+    },
production/evidence/s04/review-01/persistence-state-01.log:146: trailing whitespace.
+    {
production/evidence/s04/review-01/persistence-state-01.log:147: trailing whitespace.
+      "gateId": "G-LU-HOST-007",
production/evidence/s04/review-01/persistence-state-01.log:148: trailing whitespace.
+      "baselineStatus": "unresolved",
production/evidence/s04/review-01/persistence-state-01.log:149: trailing whitespace.
+      "scopedDecisions": []
production/evidence/s04/review-01/persistence-state-01.log:150: trailing whitespace.
+    },
production/evidence/s04/review-01/persistence-state-01.log:151: trailing whitespace.
+    {
production/evidence/s04/review-01/persistence-state-01.log:152: trailing whitespace.
+      "gateId": "G-LU-HOST-008",
production/evidence/s04/review-01/persistence-state-01.log:153: trailing whitespace.
+      "baselineStatus": "unresolved",
production/evidence/s04/review-01/persistence-state-01.log:154: trailing whitespace.
+      "scopedDecisions": []
production/evidence/s04/review-01/persistence-state-01.log:155: trailing whitespace.
+    },
production/evidence/s04/review-01/persistence-state-01.log:156: trailing whitespace.
+    {
production/evidence/s04/review-01/persistence-state-01.log:157: trailing whitespace.
+      "gateId": "G-LU-AUDIT-001",
production/evidence/s04/review-01/persistence-state-01.log:158: trailing whitespace.
+      "baselineStatus": "unresolved",
production/evidence/s04/review-01/persistence-state-01.log:159: trailing whitespace.
+      "scopedDecisions": []
production/evidence/s04/review-01/persistence-state-01.log:160: trailing whitespace.
+    },
production/evidence/s04/review-01/persistence-state-01.log:161: trailing whitespace.
+    {
production/evidence/s04/review-01/persistence-state-01.log:162: trailing whitespace.
+      "gateId": "G-LU-AUDIT-002",
production/evidence/s04/review-01/persistence-state-01.log:163: trailing whitespace.
+      "baselineStatus": "unresolved",
production/evidence/s04/review-01/persistence-state-01.log:164: trailing whitespace.
+      "scopedDecisions": []
production/evidence/s04/review-01/persistence-state-01.log:165: trailing whitespace.
+    },
production/evidence/s04/review-01/persistence-state-01.log:166: trailing whitespace.
+    {
production/evidence/s04/review-01/persistence-state-01.log:167: trailing whitespace.
+      "gateId": "G-LU-AUDIT-003",
production/evidence/s04/review-01/persistence-state-01.log:168: trailing whitespace.
+      "baselineStatus": "unresolved",
production/evidence/s04/review-01/persistence-state-01.log:169: trailing whitespace.
+      "scopedDecisions": []
production/evidence/s04/review-01/persistence-state-01.log:170: trailing whitespace.
+    },
production/evidence/s04/review-01/persistence-state-01.log:171: trailing whitespace.
+    {
production/evidence/s04/review-01/persistence-state-01.log:172: trailing whitespace.
+      "gateId": "G-PD-1",
production/evidence/s04/review-01/persistence-state-01.log:173: trailing whitespace.
+      "baselineStatus": "unresolved",
production/evidence/s04/review-01/persistence-state-01.log:174: trailing whitespace.
+      "scopedDecisions": []
production/evidence/s04/review-01/persistence-state-01.log:175: trailing whitespace.
+    },
production/evidence/s04/review-01/persistence-state-01.log:176: trailing whitespace.
+    {
production/evidence/s04/review-01/persistence-state-01.log:177: trailing whitespace.
+      "gateId": "G-PD-2",
production/evidence/s04/review-01/persistence-state-01.log:178: trailing whitespace.
+      "baselineStatus": "unresolved",
production/evidence/s04/review-01/persistence-state-01.log:179: trailing whitespace.
+      "scopedDecisions": []
production/evidence/s04/review-01/persistence-state-01.log:180: trailing whitespace.
+    },
production/evidence/s04/review-01/persistence-state-01.log:181: trailing whitespace.
+    {
production/evidence/s04/review-01/persistence-state-01.log:182: trailing whitespace.
+      "gateId": "G-PD-3",
production/evidence/s04/review-01/persistence-state-01.log:183: trailing whitespace.
+      "baselineStatus": "unresolved",
production/evidence/s04/review-01/persistence-state-01.log:184: trailing whitespace.
+      "scopedDecisions": []
production/evidence/s04/review-01/persistence-state-01.log:185: trailing whitespace.
+    },
production/evidence/s04/review-01/persistence-state-01.log:186: trailing whitespace.
+    {
production/evidence/s04/review-01/persistence-state-01.log:187: trailing whitespace.
+      "gateId": "G-PD-4A",
production/evidence/s04/review-01/persistence-state-01.log:188: trailing whitespace.
+      "baselineStatus": "unresolved",
production/evidence/s04/review-01/persistence-state-01.log:189: trailing whitespace.
+      "scopedDecisions": []
production/evidence/s04/review-01/persistence-state-01.log:190: trailing whitespace.
+    },
production/evidence/s04/review-01/persistence-state-01.log:191: trailing whitespace.
+    {
production/evidence/s04/review-01/persistence-state-01.log:192: trailing whitespace.
+      "gateId": "G-PD-4B",
production/evidence/s04/review-01/persistence-state-01.log:193: trailing whitespace.
+      "baselineStatus": "unresolved",
production/evidence/s04/review-01/persistence-state-01.log:194: trailing whitespace.
+      "scopedDecisions": []
production/evidence/s04/review-01/persistence-state-01.log:195: trailing whitespace.
+    },
production/evidence/s04/review-01/persistence-state-01.log:196: trailing whitespace.
+    {
production/evidence/s04/review-01/persistence-state-01.log:197: trailing whitespace.
+      "gateId": "G-VERSION-COMPAT",
production/evidence/s04/review-01/persistence-state-01.log:198: trailing whitespace.
+      "baselineStatus": "unresolved",
production/evidence/s04/review-01/persistence-state-01.log:199: trailing whitespace.
+      "scopedDecisions": []
production/evidence/s04/review-01/persistence-state-01.log:200: trailing whitespace.
+    },
production/evidence/s04/review-01/persistence-state-01.log:201: trailing whitespace.
+    {
production/evidence/s04/review-01/persistence-state-01.log:202: trailing whitespace.
+      "gateId": "G-MIXED-HISTORY",
production/evidence/s04/review-01/persistence-state-01.log:203: trailing whitespace.
+      "baselineStatus": "DEFERRED_BY_PRODUCT_DECISION",
production/evidence/s04/review-01/persistence-state-01.log:204: trailing whitespace.
+      "scopedDecisions": []
production/evidence/s04/review-01/persistence-state-01.log:205: trailing whitespace.
+    },
production/evidence/s04/review-01/persistence-state-01.log:206: trailing whitespace.
+    {
production/evidence/s04/review-01/persistence-state-01.log:207: trailing whitespace.
+      "gateId": "G-UI-CONFORMANCE",
production/evidence/s04/review-01/persistence-state-01.log:208: trailing whitespace.
+      "baselineStatus": "unresolved",
production/evidence/s04/review-01/persistence-state-01.log:209: trailing whitespace.
+      "scopedDecisions": [
production/evidence/s04/review-01/persistence-state-01.log:210: trailing whitespace.
+        {
production/evidence/s04/review-01/persistence-state-01.log:211: trailing whitespace.
+          "gateId": "G-UI-CONFORMANCE",
production/evidence/s04/review-01/persistence-state-01.log:212: trailing whitespace.
+          "scope": "S01 Host-free editor; Linux x64 desktop Chromium 151.0.7922.34, Playwright 1.62.1, 1440x1000; root Inspector; Float/Multiply/Compose; Graph-domain History; GLSL text; grape.document 2.0 ACK-backed save/reopen and JSON file roundtrip; two Contexts. No GPU/Host qualification.",
production/evidence/s04/review-01/persistence-state-01.log:213: trailing whitespace.
+          "disposition": "resolved-for-scope",
production/evidence/s04/review-01/persistence-state-01.log:214: trailing whitespace.
+          "reason": "Human Owner accepted the declared S01 product behavior and architecture/conformance evidence after independent targeted re-review PASS. Real Chromium Canvas/Inspector and public composition/command/lifetime evidence cover this S01 scope only.",
production/evidence/s04/review-01/persistence-state-01.log:215: trailing whitespace.
+          "residualScope": "S06 ordinary-extension/full workspace/nested Inspector; S10; physical touch/iPad/Safari/native OS IME; broader accessibility/platform/action matrices and all other unqualified scopes remain inherited.",
production/evidence/s04/review-01/persistence-state-01.log:216: trailing whitespace.
+          "evidenceIds": [
production/evidence/s04/review-01/persistence-state-01.log:217: trailing whitespace.
+            "S01-ARCHITECTURE-c1ecb3c",
production/evidence/s04/review-01/persistence-state-01.log:218: trailing whitespace.
+            "S01-PRODUCT-c1ecb3c"
production/evidence/s04/review-01/persistence-state-01.log:219: trailing whitespace.
+          ]
production/evidence/s04/review-01/persistence-state-01.log:220: trailing whitespace.
+        }
production/evidence/s04/review-01/persistence-state-01.log:221: trailing whitespace.
+      ]
production/evidence/s04/review-01/persistence-state-01.log:222: trailing whitespace.
+    },
production/evidence/s04/review-01/persistence-state-01.log:223: trailing whitespace.
+    {
production/evidence/s04/review-01/persistence-state-01.log:224: trailing whitespace.
+      "gateId": "G-DEPLOYMENT-CONFORMANCE",
production/evidence/s04/review-01/persistence-state-01.log:225: trailing whitespace.
+      "baselineStatus": "unresolved",
production/evidence/s04/review-01/persistence-state-01.log:226: trailing whitespace.
+      "scopedDecisions": []
production/evidence/s04/review-01/persistence-state-01.log:227: trailing whitespace.
+    },
production/evidence/s04/review-01/persistence-state-01.log:228: trailing whitespace.
+    {
production/evidence/s04/review-01/persistence-state-01.log:229: trailing whitespace.
+      "gateId": "G-EXTENSION-PANEL",
production/evidence/s04/review-01/persistence-state-01.log:230: trailing whitespace.
+      "baselineStatus": "contract-qualified-runtime-unverified",
production/evidence/s04/review-01/persistence-state-01.log:231: trailing whitespace.
+      "scopedDecisions": [
production/evidence/s04/review-01/persistence-state-01.log:232: trailing whitespace.
+        {
production/evidence/s04/review-01/persistence-state-01.log:233: trailing whitespace.
+          "gateId": "G-EXTENSION-PANEL",
production/evidence/s04/review-01/persistence-state-01.log:234: trailing whitespace.
+          "scope": "S01 Host-free editor; Linux x64 desktop Chromium 151.0.7922.34, Playwright 1.62.1, 1440x1000; root Inspector; Float/Multiply/Compose; Graph-domain History; GLSL text; grape.document 2.0 ACK-backed save/reopen and JSON file roundtrip; two Contexts. No GPU/Host qualification.",
production/evidence/s04/review-01/persistence-state-01.log:235: trailing whitespace.
+          "disposition": "resolved-for-scope",
production/evidence/s04/review-01/persistence-state-01.log:236: trailing whitespace.
+          "reason": "Human Owner accepted the declared S01 product behavior and architecture/conformance evidence after independent targeted re-review PASS. Real Chromium Canvas/Inspector and public composition/command/lifetime evidence cover this S01 scope only.",
production/evidence/s04/review-01/persistence-state-01.log:237: trailing whitespace.
+          "residualScope": "S06 ordinary-extension/full workspace/nested Inspector; S10; physical touch/iPad/Safari/native OS IME; broader accessibility/platform/action matrices and all other unqualified scopes remain inherited.",
production/evidence/s04/review-01/persistence-state-01.log:238: trailing whitespace.
+          "evidenceIds": [
production/evidence/s04/review-01/persistence-state-01.log:239: trailing whitespace.
+            "S01-ARCHITECTURE-c1ecb3c",
production/evidence/s04/review-01/persistence-state-01.log:240: trailing whitespace.
+            "S01-PRODUCT-c1ecb3c"
production/evidence/s04/review-01/persistence-state-01.log:241: trailing whitespace.
+          ]
production/evidence/s04/review-01/persistence-state-01.log:242: trailing whitespace.
+        }
production/evidence/s04/review-01/persistence-state-01.log:243: trailing whitespace.
+      ]
production/evidence/s04/review-01/persistence-state-01.log:244: trailing whitespace.
+    },
production/evidence/s04/review-01/persistence-state-01.log:245: trailing whitespace.
+    {
production/evidence/s04/review-01/persistence-state-01.log:246: trailing whitespace.
+      "gateId": "G-EXTENSION-WIDGET-SCOPE",
production/evidence/s04/review-01/persistence-state-01.log:247: trailing whitespace.
+      "baselineStatus": "contract-qualified-runtime-unverified",
production/evidence/s04/review-01/persistence-state-01.log:248: trailing whitespace.
+      "scopedDecisions": []
production/evidence/s04/review-01/persistence-state-01.log:249: trailing whitespace.
+    },
production/evidence/s04/review-01/persistence-state-01.log:250: trailing whitespace.
+    {
production/evidence/s04/review-01/persistence-state-01.log:251: trailing whitespace.
+      "gateId": "G-HANDOFF-CQ-OWNERSHIP",
production/evidence/s04/review-01/persistence-state-01.log:252: trailing whitespace.
+      "baselineStatus": "unresolved-source-wording-quarantined",
production/evidence/s04/review-01/persistence-state-01.log:253: trailing whitespace.
+      "scopedDecisions": []
production/evidence/s04/review-01/persistence-state-01.log:254: trailing whitespace.
+    },
production/evidence/s04/review-01/persistence-state-01.log:255: trailing whitespace.
+    {
production/evidence/s04/review-01/persistence-state-01.log:256: trailing whitespace.
+      "gateId": "G-DOCUMENT-STABILITY-COMMITMENT",
production/evidence/s04/review-01/persistence-state-01.log:257: trailing whitespace.
+      "baselineStatus": "unresolved",
production/evidence/s04/review-01/persistence-state-01.log:258: trailing whitespace.
+      "scopedDecisions": []
production/evidence/s04/review-01/persistence-state-01.log:259: trailing whitespace.
+    }
production/evidence/s04/review-01/persistence-state-01.log:260: trailing whitespace.
+  ],
production/evidence/s04/review-01/persistence-state-01.log:261: trailing whitespace.
+  "limits": [
production/evidence/s04/review-01/persistence-state-01.log:262: trailing whitespace.
+    "Structural validation and evidence digests do not authenticate human approval, evidence adequacy, product readiness, or semantic Gate resolution.",
production/evidence/s04/review-01/persistence-state-01.log:263: trailing whitespace.
+    "Scoped decisions never overwrite frozen Gate/qualification records. Omitted decisions inherit the baseline status."
production/evidence/s04/review-01/persistence-state-01.log:264: trailing whitespace.
+  ]
production/evidence/s04/review-01/persistence-state-01.log:265: trailing whitespace.
+}
