production/evidence/continuous/20261005-01/b01-repair-01/b01-workspace-s06-archive-final-01/console.log:1: trailing whitespace.
+
production/evidence/continuous/20261005-01/b01-repair-01/b01-workspace-s06-archive-final-01/console.log:2: trailing whitespace.
+Running 24 tests using 1 worker
production/evidence/continuous/20261005-01/b01-repair-01/b01-workspace-s06-archive-final-01/console.log:3: trailing whitespace.
+
production/evidence/continuous/20261005-01/b01-repair-01/b01-workspace-s06-archive-final-01/console.log:4: trailing whitespace.
+(node:57996) Warning: The 'NO_COLOR' env is ignored due to the 'FORCE_COLOR' env being set.
production/evidence/continuous/20261005-01/b01-repair-01/b01-workspace-s06-archive-final-01/console.log:5: trailing whitespace.
+(Use `node --trace-warnings ...` to show where the warning was created)
production/evidence/continuous/20261005-01/b01-repair-01/b01-workspace-s06-archive-final-01/console.log:6: trailing whitespace.
+  ok  1 [chromium] › ..\..\production\tests\browser\b01-workspace.spec.ts:53:1 › B01 public two Canvas and two Parameters share edits but retain selection Stage and camera (1.3s)
production/evidence/continuous/20261005-01/b01-repair-01/b01-workspace-s06-archive-final-01/console.log:7: trailing whitespace.
+  ok  2 [chromium] › ..\..\production\tests\browser\b01-workspace.spec.ts:99:1 › B01 public groups fixed follow hide close and Parameters activation have explicit missing state (1.2s)
production/evidence/continuous/20261005-01/b01-repair-01/b01-workspace-s06-archive-final-01/console.log:8: trailing whitespace.
+  ok  3 [chromium] › ..\..\production\tests\browser\b01-workspace.spec.ts:133:1 › B01 public draft survives move hide collapse float while close and route change veto (1.3s)
production/evidence/continuous/20261005-01/b01-repair-01/b01-workspace-s06-archive-final-01/console.log:9: trailing whitespace.
+  ok  4 [chromium] › ..\..\production\tests\browser\b01-workspace.spec.ts:165:1 › B01 public current layout roundtrip fresh context mapping and malformed atomic rejection (3.0s)
production/evidence/continuous/20261005-01/b01-repair-01/b01-workspace-s06-archive-final-01/console.log:10: trailing whitespace.
+  ok  5 [chromium] › ..\..\production\tests\browser\b01-workspace.spec.ts:209:1 › B01 divider keyboard pointer cancel targeted reset preferred width and narrow clamp preserve Graph (1.9s)
production/evidence/continuous/20261005-01/b01-repair-01/b01-workspace-s06-archive-final-01/console.log:11: trailing whitespace.
+  ok  6 [chromium] › ..\..\production\tests\browser\b01-workspace.spec.ts:250:1 › B01 float upper slot dimensions one owner and keyboard collapse do not change graph (1.1s)
production/evidence/continuous/20261005-01/b01-repair-01/b01-workspace-s06-archive-final-01/console.log:12: trailing whitespace.
+  ok  7 [chromium] › ..\..\production\tests\browser\b01-workspace.spec.ts:291:1 › B01 current layout storage refusal is visible and never reports saved (740ms)
production/evidence/continuous/20261005-01/b01-repair-01/b01-workspace-s06-archive-final-01/console.log:13: trailing whitespace.
+  ok  8 [chromium] › ..\..\production\tests\browser\b01-workspace.spec.ts:316:1 › B01 public Tab drag groups and orders live Panels; adjacent divider changes only its pair (2.0s)
production/evidence/continuous/20261005-01/b01-repair-01/b01-workspace-s06-archive-final-01/console.log:14: trailing whitespace.
+  ok  9 [chromium] › ..\..\production\tests\browser\b01-workspace.spec.ts:360:1 › B01 trusted keyboard placement during primary drag cancels the old Operation and drains before return (1.3s)
production/evidence/continuous/20261005-01/b01-repair-01/b01-workspace-s06-archive-final-01/console.log:15: trailing whitespace.
+  ok 10 [chromium] › ..\..\production\tests\browser\b01-workspace.spec.ts:385:1 › B01 synthetic composition and detached callback retain draft through placement and cannot edit after close (1.1s)
production/evidence/continuous/20261005-01/b01-repair-01/b01-workspace-s06-archive-final-01/console.log:16: trailing whitespace.
+  ok 11 [chromium] › ..\..\production\tests\browser\b01-workspace.spec.ts:417:1 › B01 readonly presentation placement remains available and F2 is Panel scoped after moves (893ms)
production/evidence/continuous/20261005-01/b01-repair-01/b01-workspace-s06-archive-final-01/console.log:17: trailing whitespace.
+  ok 12 [chromium] › ..\..\production\tests\browser\b01-workspace.spec.ts:440:1 › B01 float resize superseded by keyboard dock cleans old controls and narrow hide revokes field callbacks (865ms)
production/evidence/continuous/20261005-01/b01-repair-01/b01-workspace-s06-archive-final-01/console.log:18: trailing whitespace.
+  ok 13 [chromium] › ..\..\production\tests\browser\b01-workspace.spec.ts:475:1 › B01 FR01 group separator retains native focus through repeated keys and Escape rollback (1.3s)
production/evidence/continuous/20261005-01/b01-repair-01/b01-workspace-s06-archive-final-01/console.log:19: trailing whitespace.
+  ok 14 [chromium] › ..\..\production\tests\browser\b01-workspace.spec.ts:547:1 › B01 FR01 group separator trusted drag commits and Escape cancels without losing capture (2.1s)
production/evidence/continuous/20261005-01/b01-repair-01/b01-workspace-s06-archive-final-01/console.log:20: trailing whitespace.
+  ok 15 [chromium] › ..\..\production\tests\browser\b01-workspace.spec.ts:600:1 › B01 FR01 real pane reorder retains usable divider and natural Node Escape (1.4s)
production/evidence/continuous/20261005-01/b01-repair-01/b01-workspace-s06-archive-final-01/console.log:21: trailing whitespace.
+  ok 16 [chromium] › ..\..\production\tests\browser\s05-escape-focus.spec.ts:8:5 › S05 natural Escape cancels direct without Export drag with no History entry (1.3s)
production/evidence/continuous/20261005-01/b01-repair-01/b01-workspace-s06-archive-final-01/console.log:22: trailing whitespace.
+  ok 17 [chromium] › ..\..\production\tests\browser\s05-escape-focus.spec.ts:8:5 › S05 natural Escape cancels direct after Export drag with no History entry (2.3s)
production/evidence/continuous/20261005-01/b01-repair-01/b01-workspace-s06-archive-final-01/console.log:23: trailing whitespace.
+  ok 18 [chromium] › ..\..\production\tests\browser\s05-escape-focus.spec.ts:8:5 › S05 natural Escape cancels wrapper without Export drag with no History entry (1.4s)
production/evidence/continuous/20261005-01/b01-repair-01/b01-workspace-s06-archive-final-01/console.log:24: trailing whitespace.
+  ok 19 [chromium] › ..\..\production\tests\browser\s05-escape-focus.spec.ts:8:5 › S05 natural Escape cancels wrapper after Export drag with no History entry (2.1s)
production/evidence/continuous/20261005-01/b01-repair-01/b01-workspace-s06-archive-final-01/console.log:25: trailing whitespace.
+  ok 20 [chromium] › ..\..\production\tests\browser\s06-workspace.spec.ts:21:1 › S06 catalog literal normalized search, source/type filters, inspect and native text do not edit (721ms)
production/evidence/continuous/20261005-01/b01-repair-01/b01-workspace-s06-archive-final-01/console.log:26: trailing whitespace.
+  ok 21 [chromium] › ..\..\production\tests\browser\s06-workspace.spec.ts:67:1 › S06 blank double-click and Tab create previews; movement is independent, cancel and stage change add no History (994ms)
production/evidence/continuous/20261005-01/b01-repair-01/b01-workspace-s06-archive-final-01/console.log:27: trailing whitespace.
+  ok 22 [chromium] › ..\..\production\tests\browser\s06-workspace.spec.ts:105:1 › S06 connected input blank drop disconnects once and Undo restores occupied input (1.4s)
production/evidence/continuous/20261005-01/b01-repair-01/b01-workspace-s06-archive-final-01/console.log:28: trailing whitespace.
+  ok 23 [chromium] › ..\..\production\tests\browser\s06-workspace.spec.ts:144:1 › S06 help and context menu keyboard, readonly browsing and responsive original actions (1.2s)
production/evidence/continuous/20261005-01/b01-repair-01/b01-workspace-s06-archive-final-01/console.log:29: trailing whitespace.
+  ok 24 [chromium] › ..\..\production\tests\browser\s06-workspace.spec.ts:204:1 › S06 compile error survives unrelated successful Save and clears on matching successful Generate (640ms)
production/evidence/continuous/20261005-01/b01-repair-01/b01-workspace-s06-archive-final-01/console.log:30: trailing whitespace.
+
production/evidence/continuous/20261005-01/b01-repair-01/b01-workspace-s06-archive-final-01/console.log:31: trailing whitespace.
+  24 passed (34.4s)
production/evidence/continuous/20261005-01/b01-repair-01/b01-workspace-s06-source-final-01/console.log:1: trailing whitespace.
+
production/evidence/continuous/20261005-01/b01-repair-01/b01-workspace-s06-source-final-01/console.log:2: trailing whitespace.
+Running 29 tests using 1 worker
production/evidence/continuous/20261005-01/b01-repair-01/b01-workspace-s06-source-final-01/console.log:3: trailing whitespace.
+
production/evidence/continuous/20261005-01/b01-repair-01/b01-workspace-s06-source-final-01/console.log:4: trailing whitespace.
+(node:53012) Warning: The 'NO_COLOR' env is ignored due to the 'FORCE_COLOR' env being set.
production/evidence/continuous/20261005-01/b01-repair-01/b01-workspace-s06-source-final-01/console.log:5: trailing whitespace.
+(Use `node --trace-warnings ...` to show where the warning was created)
production/evidence/continuous/20261005-01/b01-repair-01/b01-workspace-s06-source-final-01/console.log:6: trailing whitespace.
+  ok  1 [chromium] › ..\..\production\tests\browser\b01-workspace.spec.ts:53:1 › B01 public two Canvas and two Parameters share edits but retain selection Stage and camera (1.3s)
production/evidence/continuous/20261005-01/b01-repair-01/b01-workspace-s06-source-final-01/console.log:7: trailing whitespace.
+  ok  2 [chromium] › ..\..\production\tests\browser\b01-workspace.spec.ts:99:1 › B01 public groups fixed follow hide close and Parameters activation have explicit missing state (1.2s)
production/evidence/continuous/20261005-01/b01-repair-01/b01-workspace-s06-source-final-01/console.log:8: trailing whitespace.
+  ok  3 [chromium] › ..\..\production\tests\browser\b01-workspace.spec.ts:133:1 › B01 public draft survives move hide collapse float while close and route change veto (1.3s)
production/evidence/continuous/20261005-01/b01-repair-01/b01-workspace-s06-source-final-01/console.log:9: trailing whitespace.
+  ok  4 [chromium] › ..\..\production\tests\browser\b01-workspace.spec.ts:165:1 › B01 public current layout roundtrip fresh context mapping and malformed atomic rejection (3.0s)
production/evidence/continuous/20261005-01/b01-repair-01/b01-workspace-s06-source-final-01/console.log:10: trailing whitespace.
+  ok  5 [chromium] › ..\..\production\tests\browser\b01-workspace.spec.ts:209:1 › B01 divider keyboard pointer cancel targeted reset preferred width and narrow clamp preserve Graph (1.9s)
production/evidence/continuous/20261005-01/b01-repair-01/b01-workspace-s06-source-final-01/console.log:11: trailing whitespace.
+  ok  6 [chromium] › ..\..\production\tests\browser\b01-workspace.spec.ts:250:1 › B01 float upper slot dimensions one owner and keyboard collapse do not change graph (1.1s)
production/evidence/continuous/20261005-01/b01-repair-01/b01-workspace-s06-source-final-01/console.log:12: trailing whitespace.
+  ok  7 [chromium] › ..\..\production\tests\browser\b01-workspace.spec.ts:291:1 › B01 current layout storage refusal is visible and never reports saved (774ms)
production/evidence/continuous/20261005-01/b01-repair-01/b01-workspace-s06-source-final-01/console.log:13: trailing whitespace.
+  ok  8 [chromium] › ..\..\production\tests\browser\b01-workspace.spec.ts:316:1 › B01 public Tab drag groups and orders live Panels; adjacent divider changes only its pair (2.1s)
production/evidence/continuous/20261005-01/b01-repair-01/b01-workspace-s06-source-final-01/console.log:14: trailing whitespace.
+  ok  9 [chromium] › ..\..\production\tests\browser\b01-workspace.spec.ts:360:1 › B01 trusted keyboard placement during primary drag cancels the old Operation and drains before return (1.4s)
production/evidence/continuous/20261005-01/b01-repair-01/b01-workspace-s06-source-final-01/console.log:15: trailing whitespace.
+  ok 10 [chromium] › ..\..\production\tests\browser\b01-workspace.spec.ts:385:1 › B01 synthetic composition and detached callback retain draft through placement and cannot edit after close (1.1s)
production/evidence/continuous/20261005-01/b01-repair-01/b01-workspace-s06-source-final-01/console.log:16: trailing whitespace.
+  ok 11 [chromium] › ..\..\production\tests\browser\b01-workspace.spec.ts:417:1 › B01 readonly presentation placement remains available and F2 is Panel scoped after moves (977ms)
production/evidence/continuous/20261005-01/b01-repair-01/b01-workspace-s06-source-final-01/console.log:17: trailing whitespace.
+  ok 12 [chromium] › ..\..\production\tests\browser\b01-workspace.spec.ts:440:1 › B01 float resize superseded by keyboard dock cleans old controls and narrow hide revokes field callbacks (908ms)
production/evidence/continuous/20261005-01/b01-repair-01/b01-workspace-s06-source-final-01/console.log:18: trailing whitespace.
+  ok 13 [chromium] › ..\..\production\tests\browser\b01-workspace.spec.ts:475:1 › B01 FR01 group separator retains native focus through repeated keys and Escape rollback (1.5s)
production/evidence/continuous/20261005-01/b01-repair-01/b01-workspace-s06-source-final-01/console.log:19: trailing whitespace.
+  ok 14 [chromium] › ..\..\production\tests\browser\b01-workspace.spec.ts:547:1 › B01 FR01 group separator trusted drag commits and Escape cancels without losing capture (2.2s)
production/evidence/continuous/20261005-01/b01-repair-01/b01-workspace-s06-source-final-01/console.log:20: trailing whitespace.
+  ok 15 [chromium] › ..\..\production\tests\browser\b01-workspace.spec.ts:600:1 › B01 FR01 real pane reorder retains usable divider and natural Node Escape (1.5s)
production/evidence/continuous/20261005-01/b01-repair-01/b01-workspace-s06-source-final-01/console.log:21: trailing whitespace.
+  ok 16 [chromium] › ..\..\production\tests\browser\s05-escape-focus.spec.ts:8:5 › S05 natural Escape cancels direct without Export drag with no History entry (1.4s)
production/evidence/continuous/20261005-01/b01-repair-01/b01-workspace-s06-source-final-01/console.log:22: trailing whitespace.
+  ok 17 [chromium] › ..\..\production\tests\browser\s05-escape-focus.spec.ts:8:5 › S05 natural Escape cancels direct after Export drag with no History entry (2.0s)
production/evidence/continuous/20261005-01/b01-repair-01/b01-workspace-s06-source-final-01/console.log:23: trailing whitespace.
+  ok 18 [chromium] › ..\..\production\tests\browser\s05-escape-focus.spec.ts:8:5 › S05 natural Escape cancels wrapper without Export drag with no History entry (1.6s)
production/evidence/continuous/20261005-01/b01-repair-01/b01-workspace-s06-source-final-01/console.log:24: trailing whitespace.
+  ok 19 [chromium] › ..\..\production\tests\browser\s05-escape-focus.spec.ts:8:5 › S05 natural Escape cancels wrapper after Export drag with no History entry (2.2s)
production/evidence/continuous/20261005-01/b01-repair-01/b01-workspace-s06-source-final-01/console.log:25: trailing whitespace.
+  ok 20 [chromium] › ..\..\production\tests\browser\s06-f2-isolation.spec.ts:13:3 › S06 optional inspection absent preserves normal public editing save ACK generation Undo Redo (1.2s)
production/evidence/continuous/20261005-01/b01-repair-01/b01-workspace-s06-source-final-01/console.log:26: trailing whitespace.
+  ok 21 [chromium] › ..\..\production\tests\browser\s06-f2-isolation.spec.ts:13:3 › S06 optional inspection disposed preserves normal public editing save ACK generation Undo Redo (1.3s)
production/evidence/continuous/20261005-01/b01-repair-01/b01-workspace-s06-source-final-01/console.log:27: trailing whitespace.
+  ok 22 [chromium] › ..\..\production\tests\browser\s06-f2-isolation.spec.ts:13:3 › S06 optional inspection failed-construction preserves normal public editing save ACK generation Undo Redo (1.2s)
production/evidence/continuous/20261005-01/b01-repair-01/b01-workspace-s06-source-final-01/console.log:28: trailing whitespace.
+  ok 23 [chromium] › ..\..\production\tests\browser\s06-f2-isolation.spec.ts:13:3 › S06 optional inspection consumed-key preserves normal public editing save ACK generation Undo Redo (1.1s)
production/evidence/continuous/20261005-01/b01-repair-01/b01-workspace-s06-source-final-01/console.log:29: trailing whitespace.
+  ok 24 [chromium] › ..\..\production\tests\browser\s06-f2-isolation.spec.ts:110:1 › S06 readonly owner fault registration serialization invalidation and multi-instance disposal stay local (266ms)
production/evidence/continuous/20261005-01/b01-repair-01/b01-workspace-s06-source-final-01/console.log:30: trailing whitespace.
+  ok 25 [chromium] › ..\..\production\tests\browser\s06-workspace.spec.ts:21:1 › S06 catalog literal normalized search, source/type filters, inspect and native text do not edit (807ms)
production/evidence/continuous/20261005-01/b01-repair-01/b01-workspace-s06-source-final-01/console.log:31: trailing whitespace.
+  ok 26 [chromium] › ..\..\production\tests\browser\s06-workspace.spec.ts:67:1 › S06 blank double-click and Tab create previews; movement is independent, cancel and stage change add no History (1.2s)
production/evidence/continuous/20261005-01/b01-repair-01/b01-workspace-s06-source-final-01/console.log:32: trailing whitespace.
+  ok 27 [chromium] › ..\..\production\tests\browser\s06-workspace.spec.ts:105:1 › S06 connected input blank drop disconnects once and Undo restores occupied input (1.5s)
production/evidence/continuous/20261005-01/b01-repair-01/b01-workspace-s06-source-final-01/console.log:33: trailing whitespace.
+  ok 28 [chromium] › ..\..\production\tests\browser\s06-workspace.spec.ts:144:1 › S06 help and context menu keyboard, readonly browsing and responsive original actions (1.4s)
production/evidence/continuous/20261005-01/b01-repair-01/b01-workspace-s06-source-final-01/console.log:34: trailing whitespace.
+  ok 29 [chromium] › ..\..\production\tests\browser\s06-workspace.spec.ts:204:1 › S06 compile error survives unrelated successful Save and clears on matching successful Generate (774ms)
production/evidence/continuous/20261005-01/b01-repair-01/b01-workspace-s06-source-final-01/console.log:35: trailing whitespace.
+
production/evidence/continuous/20261005-01/b01-repair-01/b01-workspace-s06-source-final-01/console.log:36: trailing whitespace.
+  29 passed (41.1s)
production/evidence/continuous/20261005-01/b01-repair-01/b01-workspace-source-focus-01/console.log:1: trailing whitespace.
+
production/evidence/continuous/20261005-01/b01-repair-01/b01-workspace-source-focus-01/console.log:2: trailing whitespace.
+Running 15 tests using 1 worker
production/evidence/continuous/20261005-01/b01-repair-01/b01-workspace-source-focus-01/console.log:3: trailing whitespace.
+
production/evidence/continuous/20261005-01/b01-repair-01/b01-workspace-source-focus-01/console.log:4: trailing whitespace.
+(node:50692) Warning: The 'NO_COLOR' env is ignored due to the 'FORCE_COLOR' env being set.
production/evidence/continuous/20261005-01/b01-repair-01/b01-workspace-source-focus-01/console.log:5: trailing whitespace.
+(Use `node --trace-warnings ...` to show where the warning was created)
production/evidence/continuous/20261005-01/b01-repair-01/b01-workspace-source-focus-02/console.log:1: trailing whitespace.
+
production/evidence/continuous/20261005-01/b01-repair-01/b01-workspace-source-focus-02/console.log:2: trailing whitespace.
+Running 15 tests using 1 worker
production/evidence/continuous/20261005-01/b01-repair-01/b01-workspace-source-focus-02/console.log:3: trailing whitespace.
+
production/evidence/continuous/20261005-01/b01-repair-01/b01-workspace-source-focus-02/console.log:4: trailing whitespace.
+(node:59712) Warning: The 'NO_COLOR' env is ignored due to the 'FORCE_COLOR' env being set.
production/evidence/continuous/20261005-01/b01-repair-01/b01-workspace-source-focus-02/console.log:5: trailing whitespace.
+(Use `node --trace-warnings ...` to show where the warning was created)
production/evidence/continuous/20261005-01/b01-repair-01/b01-workspace-source-focus-02/console.log:6: trailing whitespace.
+  ok  1 [chromium] › ..\..\production\tests\browser\b01-workspace.spec.ts:53:1 › B01 public two Canvas and two Parameters share edits but retain selection Stage and camera (1.4s)
production/evidence/continuous/20261005-01/b01-repair-01/b01-workspace-source-focus-02/console.log:7: trailing whitespace.
+  ok  2 [chromium] › ..\..\production\tests\browser\b01-workspace.spec.ts:99:1 › B01 public groups fixed follow hide close and Parameters activation have explicit missing state (1.2s)
production/evidence/continuous/20261005-01/b01-repair-01/b01-workspace-source-focus-02/console.log:8: trailing whitespace.
+  ok  3 [chromium] › ..\..\production\tests\browser\b01-workspace.spec.ts:133:1 › B01 public draft survives move hide collapse float while close and route change veto (1.3s)
production/evidence/continuous/20261005-01/b01-repair-01/b01-workspace-source-focus-02/console.log:9: trailing whitespace.
+  ok  4 [chromium] › ..\..\production\tests\browser\b01-workspace.spec.ts:165:1 › B01 public current layout roundtrip fresh context mapping and malformed atomic rejection (3.1s)
production/evidence/continuous/20261005-01/b01-repair-01/b01-workspace-source-focus-02/console.log:10: trailing whitespace.
+  ok  5 [chromium] › ..\..\production\tests\browser\b01-workspace.spec.ts:209:1 › B01 divider keyboard pointer cancel targeted reset preferred width and narrow clamp preserve Graph (2.0s)
production/evidence/continuous/20261005-01/b01-repair-01/b01-workspace-source-focus-02/console.log:11: trailing whitespace.
+  ok  6 [chromium] › ..\..\production\tests\browser\b01-workspace.spec.ts:250:1 › B01 float upper slot dimensions one owner and keyboard collapse do not change graph (1.2s)
production/evidence/continuous/20261005-01/b01-repair-01/b01-workspace-source-focus-02/console.log:12: trailing whitespace.
+  ok  7 [chromium] › ..\..\production\tests\browser\b01-workspace.spec.ts:291:1 › B01 current layout storage refusal is visible and never reports saved (832ms)
production/evidence/continuous/20261005-01/b01-repair-01/b01-workspace-source-focus-02/console.log:13: trailing whitespace.
+  ok  8 [chromium] › ..\..\production\tests\browser\b01-workspace.spec.ts:316:1 › B01 public Tab drag groups and orders live Panels; adjacent divider changes only its pair (2.2s)
production/evidence/continuous/20261005-01/b01-repair-01/b01-workspace-source-focus-02/console.log:14: trailing whitespace.
+  ok  9 [chromium] › ..\..\production\tests\browser\b01-workspace.spec.ts:360:1 › B01 trusted keyboard placement during primary drag cancels the old Operation and drains before return (1.4s)
production/evidence/continuous/20261005-01/b01-repair-01/b01-workspace-source-focus-02/console.log:15: trailing whitespace.
+  ok 10 [chromium] › ..\..\production\tests\browser\b01-workspace.spec.ts:385:1 › B01 synthetic composition and detached callback retain draft through placement and cannot edit after close (1.3s)
production/evidence/continuous/20261005-01/b01-repair-01/b01-workspace-source-focus-02/console.log:16: trailing whitespace.
+  ok 11 [chromium] › ..\..\production\tests\browser\b01-workspace.spec.ts:417:1 › B01 readonly presentation placement remains available and F2 is Panel scoped after moves (1.0s)
production/evidence/continuous/20261005-01/b01-repair-01/b01-workspace-source-focus-02/console.log:17: trailing whitespace.
+  ok 12 [chromium] › ..\..\production\tests\browser\b01-workspace.spec.ts:440:1 › B01 float resize superseded by keyboard dock cleans old controls and narrow hide revokes field callbacks (993ms)
production/evidence/continuous/20261005-01/b01-repair-01/b01-workspace-source-focus-02/console.log:18: trailing whitespace.
+  x  13 [chromium] › ..\..\production\tests\browser\b01-workspace.spec.ts:475:1 › B01 FR01 group separator retains native focus through repeated keys and Escape rollback (1.0s)
production/evidence/continuous/20261005-01/b01-repair-01/b01-workspace-source-focus-02/console.log:19: trailing whitespace.
+(node:47980) Warning: The 'NO_COLOR' env is ignored due to the 'FORCE_COLOR' env being set.
production/evidence/continuous/20261005-01/b01-repair-01/b01-workspace-source-focus-02/console.log:20: trailing whitespace.
+(Use `node --trace-warnings ...` to show where the warning was created)
production/evidence/continuous/20261005-01/b01-repair-01/b01-workspace-source-focus-02/console.log:21: trailing whitespace.
+  x  14 [chromium] › ..\..\production\tests\browser\b01-workspace.spec.ts:547:1 › B01 FR01 group separator trusted drag commits and Escape cancels without losing capture (1.1s)
production/evidence/continuous/20261005-01/b01-repair-01/b01-workspace-source-focus-02/console.log:22: trailing whitespace.
+(node:61424) Warning: The 'NO_COLOR' env is ignored due to the 'FORCE_COLOR' env being set.
production/evidence/continuous/20261005-01/b01-repair-01/b01-workspace-source-focus-02/console.log:23: trailing whitespace.
+(Use `node --trace-warnings ...` to show where the warning was created)
production/evidence/continuous/20261005-01/b01-repair-01/b01-workspace-source-focus-02/console.log:24: trailing whitespace.
+  ok 15 [chromium] › ..\..\production\tests\browser\b01-workspace.spec.ts:600:1 › B01 FR01 real pane reorder retains usable divider and natural Node Escape (1.6s)
production/evidence/continuous/20261005-01/b01-repair-01/b01-workspace-source-focus-02/console.log:25: trailing whitespace.
+
production/evidence/continuous/20261005-01/b01-repair-01/b01-workspace-source-focus-02/console.log:26: trailing whitespace.
+
production/evidence/continuous/20261005-01/b01-repair-01/b01-workspace-source-focus-02/console.log:27: trailing whitespace.
+  1) [chromium] › ..\..\production\tests\browser\b01-workspace.spec.ts:475:1 › B01 FR01 group separator retains native focus through repeated keys and Escape rollback 
production/evidence/continuous/20261005-01/b01-repair-01/b01-workspace-source-focus-02/console.log:28: trailing whitespace.
+
production/evidence/continuous/20261005-01/b01-repair-01/b01-workspace-source-focus-02/console.log:29: trailing whitespace.
+    Error: expect(received).toBeCloseTo(expected, precision)
production/evidence/continuous/20261005-01/b01-repair-01/b01-workspace-source-focus-02/console.log:30: trailing whitespace.
+
production/evidence/continuous/20261005-01/b01-repair-01/b01-workspace-source-focus-02/console.log:31: trailing whitespace.
+    Expected: 419.5
production/evidence/continuous/20261005-01/b01-repair-01/b01-workspace-source-focus-02/console.log:32: trailing whitespace.
+    Received: 416.50000000000006
production/evidence/continuous/20261005-01/b01-repair-01/b01-workspace-source-focus-02/console.log:33: trailing whitespace.
+
production/evidence/continuous/20261005-01/b01-repair-01/b01-workspace-source-focus-02/console.log:34: trailing whitespace.
+    Expected precision:    4
production/evidence/continuous/20261005-01/b01-repair-01/b01-workspace-source-focus-02/console.log:35: trailing whitespace.
+    Expected difference: < 0.00005
production/evidence/continuous/20261005-01/b01-repair-01/b01-workspace-source-focus-02/console.log:36: trailing whitespace.
+    Received difference:   2.999999999999943
production/evidence/continuous/20261005-01/b01-repair-01/b01-workspace-source-focus-02/console.log:37: trailing whitespace.
+
production/evidence/continuous/20261005-01/b01-repair-01/b01-workspace-source-focus-02/console.log:38: trailing whitespace.
+      496 |     await p.keyboard.press(key);
production/evidence/continuous/20261005-01/b01-repair-01/b01-workspace-source-focus-02/console.log:39: trailing whitespace.
+      497 |     await expect(divider).toBeFocused();
production/evidence/continuous/20261005-01/b01-repair-01/b01-workspace-source-focus-02/console.log:40: trailing whitespace.
+    > 498 |     expect(Number(await divider.getAttribute("aria-valuenow"))).toBeCloseTo(
production/evidence/continuous/20261005-01/b01-repair-01/b01-workspace-source-focus-02/console.log:41: trailing whitespace.
+          |                                                                 ^
production/evidence/continuous/20261005-01/b01-repair-01/b01-workspace-source-focus-02/console.log:42: trailing whitespace.
+      499 |       start + delta,
production/evidence/continuous/20261005-01/b01-repair-01/b01-workspace-source-focus-02/console.log:43: trailing whitespace.
+      500 |       4,
production/evidence/continuous/20261005-01/b01-repair-01/b01-workspace-source-focus-02/console.log:44: trailing whitespace.
+      501 |     );
production/evidence/continuous/20261005-01/b01-repair-01/b01-workspace-source-focus-02/console.log:45: trailing whitespace.
+        at C:\Users\user\source\Grape\production\tests\browser\b01-workspace.spec.ts:498:65
production/evidence/continuous/20261005-01/b01-repair-01/b01-workspace-source-focus-02/console.log:46: trailing whitespace.
+
production/evidence/continuous/20261005-01/b01-repair-01/b01-workspace-source-focus-02/console.log:47: trailing whitespace.
+    attachment #1: screenshot (image/png) ──────────────────────────────────────────────────────────
production/evidence/continuous/20261005-01/b01-repair-01/b01-workspace-source-focus-02/console.log:48: trailing whitespace.
+    ..\..\production\evidence\continuous\20261005-01\b01-repair-01\b01-workspace-source-focus-02\test-output\b01-workspace-B01-FR01-gro-5cef1-ed-keys-and-Escape-rollback-chromium\test-failed-1.png
production/evidence/continuous/20261005-01/b01-repair-01/b01-workspace-source-focus-02/console.log:49: trailing whitespace.
+    ────────────────────────────────────────────────────────────────────────────────────────────────
production/evidence/continuous/20261005-01/b01-repair-01/b01-workspace-source-focus-02/console.log:50: trailing whitespace.
+
production/evidence/continuous/20261005-01/b01-repair-01/b01-workspace-source-focus-02/console.log:51: trailing whitespace.
+    Error Context: ..\..\production\evidence\continuous\20261005-01\b01-repair-01\b01-workspace-source-focus-02\test-output\b01-workspace-B01-FR01-gro-5cef1-ed-keys-and-Escape-rollback-chromium\error-context.md
production/evidence/continuous/20261005-01/b01-repair-01/b01-workspace-source-focus-02/console.log:52: trailing whitespace.
+
production/evidence/continuous/20261005-01/b01-repair-01/b01-workspace-source-focus-02/console.log:53: trailing whitespace.
+    attachment #3: trace (application/zip) ─────────────────────────────────────────────────────────
production/evidence/continuous/20261005-01/b01-repair-01/b01-workspace-source-focus-02/console.log:54: trailing whitespace.
+    ..\..\production\evidence\continuous\20261005-01\b01-repair-01\b01-workspace-source-focus-02\test-output\b01-workspace-B01-FR01-gro-5cef1-ed-keys-and-Escape-rollback-chromium\trace.zip
production/evidence/continuous/20261005-01/b01-repair-01/b01-workspace-source-focus-02/console.log:55: trailing whitespace.
+    Usage:
production/evidence/continuous/20261005-01/b01-repair-01/b01-workspace-source-focus-02/console.log:56: trailing whitespace.
+
production/evidence/continuous/20261005-01/b01-repair-01/b01-workspace-source-focus-02/console.log:57: trailing whitespace.
+        npx playwright show-trace ..\..\production\evidence\continuous\20261005-01\b01-repair-01\b01-workspace-source-focus-02\test-output\b01-workspace-B01-FR01-gro-5cef1-ed-keys-and-Escape-rollback-chromium\trace.zip
production/evidence/continuous/20261005-01/b01-repair-01/b01-workspace-source-focus-02/console.log:58: trailing whitespace.
+
production/evidence/continuous/20261005-01/b01-repair-01/b01-workspace-source-focus-02/console.log:59: trailing whitespace.
+    ────────────────────────────────────────────────────────────────────────────────────────────────
production/evidence/continuous/20261005-01/b01-repair-01/b01-workspace-source-focus-02/console.log:60: trailing whitespace.
+
production/evidence/continuous/20261005-01/b01-repair-01/b01-workspace-source-focus-02/console.log:61: trailing whitespace.
+  2) [chromium] › ..\..\production\tests\browser\b01-workspace.spec.ts:547:1 › B01 FR01 group separator trusted drag commits and Escape cancels without losing capture 
production/evidence/continuous/20261005-01/b01-repair-01/b01-workspace-source-focus-02/console.log:62: trailing whitespace.
+
production/evidence/continuous/20261005-01/b01-repair-01/b01-workspace-source-focus-02/console.log:63: trailing whitespace.
+    Error: expect(received).toBeCloseTo(expected, precision)
production/evidence/continuous/20261005-01/b01-repair-01/b01-workspace-source-focus-02/console.log:64: trailing whitespace.
+
production/evidence/continuous/20261005-01/b01-repair-01/b01-workspace-source-focus-02/console.log:65: trailing whitespace.
+    Expected: 421.5
production/evidence/continuous/20261005-01/b01-repair-01/b01-workspace-source-focus-02/console.log:66: trailing whitespace.
+    Received: 418.50000000000006
production/evidence/continuous/20261005-01/b01-repair-01/b01-workspace-source-focus-02/console.log:67: trailing whitespace.
+
production/evidence/continuous/20261005-01/b01-repair-01/b01-workspace-source-focus-02/console.log:68: trailing whitespace.
+    Expected precision:    2
production/evidence/continuous/20261005-01/b01-repair-01/b01-workspace-source-focus-02/console.log:69: trailing whitespace.
+    Expected difference: < 0.005
production/evidence/continuous/20261005-01/b01-repair-01/b01-workspace-source-focus-02/console.log:70: trailing whitespace.
+    Received difference:   2.999999999999943
production/evidence/continuous/20261005-01/b01-repair-01/b01-workspace-source-focus-02/console.log:71: trailing whitespace.
+
production/evidence/continuous/20261005-01/b01-repair-01/b01-workspace-source-focus-02/console.log:72: trailing whitespace.
+      565 |       steps: 5,
production/evidence/continuous/20261005-01/b01-repair-01/b01-workspace-source-focus-02/console.log:73: trailing whitespace.
+      566 |     });
production/evidence/continuous/20261005-01/b01-repair-01/b01-workspace-source-focus-02/console.log:74: trailing whitespace.
+    > 567 |     expect(Number(await divider.getAttribute("aria-valuenow"))).toBeCloseTo(
production/evidence/continuous/20261005-01/b01-repair-01/b01-workspace-source-focus-02/console.log:75: trailing whitespace.
+          |                                                                 ^
production/evidence/continuous/20261005-01/b01-repair-01/b01-workspace-source-focus-02/console.log:76: trailing whitespace.
+      568 |       start + dy,
production/evidence/continuous/20261005-01/b01-repair-01/b01-workspace-source-focus-02/console.log:77: trailing whitespace.
+      569 |       2,
production/evidence/continuous/20261005-01/b01-repair-01/b01-workspace-source-focus-02/console.log:78: trailing whitespace.
+      570 |     );
production/evidence/continuous/20261005-01/b01-repair-01/b01-workspace-source-focus-02/console.log:79: trailing whitespace.
+        at C:\Users\user\source\Grape\production\tests\browser\b01-workspace.spec.ts:567:65
production/evidence/continuous/20261005-01/b01-repair-01/b01-workspace-source-focus-02/console.log:80: trailing whitespace.
+
production/evidence/continuous/20261005-01/b01-repair-01/b01-workspace-source-focus-02/console.log:81: trailing whitespace.
+    attachment #1: screenshot (image/png) ──────────────────────────────────────────────────────────
production/evidence/continuous/20261005-01/b01-repair-01/b01-workspace-source-focus-02/console.log:82: trailing whitespace.
+    ..\..\production\evidence\continuous\20261005-01\b01-repair-01\b01-workspace-source-focus-02\test-output\b01-workspace-B01-FR01-gro-14bcf-cels-without-losing-capture-chromium\test-failed-1.png
production/evidence/continuous/20261005-01/b01-repair-01/b01-workspace-source-focus-02/console.log:83: trailing whitespace.
+    ────────────────────────────────────────────────────────────────────────────────────────────────
production/evidence/continuous/20261005-01/b01-repair-01/b01-workspace-source-focus-02/console.log:84: trailing whitespace.
+
production/evidence/continuous/20261005-01/b01-repair-01/b01-workspace-source-focus-02/console.log:85: trailing whitespace.
+    Error Context: ..\..\production\evidence\continuous\20261005-01\b01-repair-01\b01-workspace-source-focus-02\test-output\b01-workspace-B01-FR01-gro-14bcf-cels-without-losing-capture-chromium\error-context.md
production/evidence/continuous/20261005-01/b01-repair-01/b01-workspace-source-focus-02/console.log:86: trailing whitespace.
+
production/evidence/continuous/20261005-01/b01-repair-01/b01-workspace-source-focus-02/console.log:87: trailing whitespace.
+    attachment #3: trace (application/zip) ─────────────────────────────────────────────────────────
production/evidence/continuous/20261005-01/b01-repair-01/b01-workspace-source-focus-02/console.log:88: trailing whitespace.
+    ..\..\production\evidence\continuous\20261005-01\b01-repair-01\b01-workspace-source-focus-02\test-output\b01-workspace-B01-FR01-gro-14bcf-cels-without-losing-capture-chromium\trace.zip
production/evidence/continuous/20261005-01/b01-repair-01/b01-workspace-source-focus-02/console.log:89: trailing whitespace.
+    Usage:
production/evidence/continuous/20261005-01/b01-repair-01/b01-workspace-source-focus-02/console.log:90: trailing whitespace.
+
production/evidence/continuous/20261005-01/b01-repair-01/b01-workspace-source-focus-02/console.log:91: trailing whitespace.
+        npx playwright show-trace ..\..\production\evidence\continuous\20261005-01\b01-repair-01\b01-workspace-source-focus-02\test-output\b01-workspace-B01-FR01-gro-14bcf-cels-without-losing-capture-chromium\trace.zip
production/evidence/continuous/20261005-01/b01-repair-01/b01-workspace-source-focus-02/console.log:92: trailing whitespace.
+
production/evidence/continuous/20261005-01/b01-repair-01/b01-workspace-source-focus-02/console.log:93: trailing whitespace.
+    ────────────────────────────────────────────────────────────────────────────────────────────────
production/evidence/continuous/20261005-01/b01-repair-01/b01-workspace-source-focus-02/console.log:94: trailing whitespace.
+
production/evidence/continuous/20261005-01/b01-repair-01/b01-workspace-source-focus-02/console.log:95: trailing whitespace.
+  2 failed
production/evidence/continuous/20261005-01/b01-repair-01/b01-workspace-source-focus-02/console.log:96: trailing whitespace.
+    [chromium] › ..\..\production\tests\browser\b01-workspace.spec.ts:475:1 › B01 FR01 group separator retains native focus through repeated keys and Escape rollback 
production/evidence/continuous/20261005-01/b01-repair-01/b01-workspace-source-focus-02/console.log:97: trailing whitespace.
+    [chromium] › ..\..\production\tests\browser\b01-workspace.spec.ts:547:1 › B01 FR01 group separator trusted drag commits and Escape cancels without losing capture 
production/evidence/continuous/20261005-01/b01-repair-01/b01-workspace-source-focus-02/console.log:98: trailing whitespace.
+  13 passed (23.6s)
production/evidence/continuous/20261005-01/b01-repair-01/b01-workspace-source-focus-02/test-output/b01-workspace-B01-FR01-gro-14bcf-cels-without-losing-capture-chromium/error-context.md:171: trailing whitespace.
+  474 | 
production/evidence/continuous/20261005-01/b01-repair-01/b01-workspace-source-focus-02/test-output/b01-workspace-B01-FR01-gro-14bcf-cels-without-losing-capture-chromium/error-context.md:243: trailing whitespace.
+  546 | 
production/evidence/continuous/20261005-01/b01-repair-01/b01-workspace-source-focus-02/test-output/b01-workspace-B01-FR01-gro-14bcf-cels-without-losing-capture-chromium/error-context.md:297: trailing whitespace.
+  599 | 
production/evidence/continuous/20261005-01/b01-repair-01/b01-workspace-source-focus-02/test-output/b01-workspace-B01-FR01-gro-14bcf-cels-without-losing-capture-chromium/error-context.md:330: trailing whitespace.
+  632 | 
production/evidence/continuous/20261005-01/b01-repair-01/b01-workspace-source-focus-02/test-output/b01-workspace-B01-FR01-gro-5cef1-ed-keys-and-Escape-rollback-chromium/error-context.md:205: trailing whitespace.
+  439 | 
production/evidence/continuous/20261005-01/b01-repair-01/b01-workspace-source-focus-02/test-output/b01-workspace-B01-FR01-gro-5cef1-ed-keys-and-Escape-rollback-chromium/error-context.md:240: trailing whitespace.
+  474 | 
production/evidence/continuous/20261005-01/b01-repair-01/b01-workspace-source-focus-02/test-output/b01-workspace-B01-FR01-gro-5cef1-ed-keys-and-Escape-rollback-chromium/error-context.md:313: trailing whitespace.
+  546 | 
production/evidence/continuous/20261005-01/b01-repair-01/bootstrap-01.log:1: trailing whitespace.
+{
production/evidence/continuous/20261005-01/b01-repair-01/bootstrap-01.log:2: trailing whitespace.
+  "status": "PASS",
production/evidence/continuous/20261005-01/b01-repair-01/bootstrap-01.log:3: trailing whitespace.
+  "scope": "Read-only bootstrap/integrity/navigation and state checks, not full qualification or S01 authorization",
production/evidence/continuous/20261005-01/b01-repair-01/bootstrap-01.log:4: trailing whitespace.
+  "checks": 488,
production/evidence/continuous/20261005-01/b01-repair-01/bootstrap-01.log:5: trailing whitespace.
+  "errors": [],
production/evidence/continuous/20261005-01/b01-repair-01/bootstrap-01.log:6: trailing whitespace.
+  "indexedFiles": 411,
production/evidence/continuous/20261005-01/b01-repair-01/bootstrap-01.log:7: trailing whitespace.
+  "frozenFiles": 412,
production/evidence/continuous/20261005-01/b01-repair-01/bootstrap-01.log:8: trailing whitespace.
+  "acceptedRevision": "IH-005",
production/evidence/continuous/20261005-01/b01-repair-01/bootstrap-01.log:9: trailing whitespace.
+  "canonicalFormat": "grape.document 2.0",
production/evidence/continuous/20261005-01/b01-repair-01/bootstrap-01.log:10: trailing whitespace.
+  "currentState": "active",
production/evidence/continuous/20261005-01/b01-repair-01/bootstrap-01.log:11: trailing whitespace.
+  "activeSlices": [
production/evidence/continuous/20261005-01/b01-repair-01/bootstrap-01.log:12: trailing whitespace.
+    "S06"
production/evidence/continuous/20261005-01/b01-repair-01/bootstrap-01.log:13: trailing whitespace.
+  ],
production/evidence/continuous/20261005-01/b01-repair-01/bootstrap-01.log:14: trailing whitespace.
+  "currentRecordValidation": "CURRENT_RECORD_VALID",
production/evidence/continuous/20261005-01/b01-repair-01/bootstrap-01.log:15: trailing whitespace.
+  "commands": [
production/evidence/continuous/20261005-01/b01-repair-01/bootstrap-01.log:16: trailing whitespace.
+    {
production/evidence/continuous/20261005-01/b01-repair-01/bootstrap-01.log:17: trailing whitespace.
+      "command": "node handoff/tools/check-handoff.mjs",
production/evidence/continuous/20261005-01/b01-repair-01/bootstrap-01.log:18: trailing whitespace.
+      "exitCode": 0,
production/evidence/continuous/20261005-01/b01-repair-01/bootstrap-01.log:19: trailing whitespace.
+      "status": "PASS",
production/evidence/continuous/20261005-01/b01-repair-01/bootstrap-01.log:20: trailing whitespace.
+      "checks": 9361,
production/evidence/continuous/20261005-01/b01-repair-01/bootstrap-01.log:21: trailing whitespace.
+      "errors": []
production/evidence/continuous/20261005-01/b01-repair-01/bootstrap-01.log:22: trailing whitespace.
+    },
production/evidence/continuous/20261005-01/b01-repair-01/bootstrap-01.log:23: trailing whitespace.
+    {
production/evidence/continuous/20261005-01/b01-repair-01/bootstrap-01.log:24: trailing whitespace.
+      "command": "node handoff/tools/check-ih005.mjs --verify-index",
production/evidence/continuous/20261005-01/b01-repair-01/bootstrap-01.log:25: trailing whitespace.
+      "exitCode": 0,
production/evidence/continuous/20261005-01/b01-repair-01/bootstrap-01.log:26: trailing whitespace.
+      "status": "PASS",
production/evidence/continuous/20261005-01/b01-repair-01/bootstrap-01.log:27: trailing whitespace.
+      "checks": 469,
production/evidence/continuous/20261005-01/b01-repair-01/bootstrap-01.log:28: trailing whitespace.
+      "errors": []
production/evidence/continuous/20261005-01/b01-repair-01/bootstrap-01.log:29: trailing whitespace.
+    },
production/evidence/continuous/20261005-01/b01-repair-01/bootstrap-01.log:30: trailing whitespace.
+    {
production/evidence/continuous/20261005-01/b01-repair-01/bootstrap-01.log:31: trailing whitespace.
+      "command": "node handoff/tools/check-repair.mjs",
production/evidence/continuous/20261005-01/b01-repair-01/bootstrap-01.log:32: trailing whitespace.
+      "exitCode": 0,
production/evidence/continuous/20261005-01/b01-repair-01/bootstrap-01.log:33: trailing whitespace.
+      "status": "PASS",
production/evidence/continuous/20261005-01/b01-repair-01/bootstrap-01.log:34: trailing whitespace.
+      "checks": 103,
production/evidence/continuous/20261005-01/b01-repair-01/bootstrap-01.log:35: trailing whitespace.
+      "errors": []
production/evidence/continuous/20261005-01/b01-repair-01/bootstrap-01.log:36: trailing whitespace.
+    },
production/evidence/continuous/20261005-01/b01-repair-01/bootstrap-01.log:37: trailing whitespace.
+    {
production/evidence/continuous/20261005-01/b01-repair-01/bootstrap-01.log:38: trailing whitespace.
+      "command": "node handoff/tools/check-second-review.mjs",
production/evidence/continuous/20261005-01/b01-repair-01/bootstrap-01.log:39: trailing whitespace.
+      "exitCode": 0,
production/evidence/continuous/20261005-01/b01-repair-01/bootstrap-01.log:40: trailing whitespace.
+      "status": "PASS",
production/evidence/continuous/20261005-01/b01-repair-01/bootstrap-01.log:41: trailing whitespace.
+      "checks": 266,
production/evidence/continuous/20261005-01/b01-repair-01/bootstrap-01.log:42: trailing whitespace.
+      "errors": []
production/evidence/continuous/20261005-01/b01-repair-01/bootstrap-01.log:43: trailing whitespace.
+    },
production/evidence/continuous/20261005-01/b01-repair-01/bootstrap-01.log:44: trailing whitespace.
+    {
production/evidence/continuous/20261005-01/b01-repair-01/bootstrap-01.log:45: trailing whitespace.
+      "command": "node handoff/tools/check-final-review-repair.mjs",
production/evidence/continuous/20261005-01/b01-repair-01/bootstrap-01.log:46: trailing whitespace.
+      "exitCode": 0,
production/evidence/continuous/20261005-01/b01-repair-01/bootstrap-01.log:47: trailing whitespace.
+      "status": "PASS",
production/evidence/continuous/20261005-01/b01-repair-01/bootstrap-01.log:48: trailing whitespace.
+      "checks": 36,
production/evidence/continuous/20261005-01/b01-repair-01/bootstrap-01.log:49: trailing whitespace.
+      "errors": []
production/evidence/continuous/20261005-01/b01-repair-01/bootstrap-01.log:50: trailing whitespace.
+    },
production/evidence/continuous/20261005-01/b01-repair-01/bootstrap-01.log:51: trailing whitespace.
+    {
production/evidence/continuous/20261005-01/b01-repair-01/bootstrap-01.log:52: trailing whitespace.
+      "command": "node handoff/tools/check-implementation-state.mjs",
production/evidence/continuous/20261005-01/b01-repair-01/bootstrap-01.log:53: trailing whitespace.
+      "exitCode": 0,
production/evidence/continuous/20261005-01/b01-repair-01/bootstrap-01.log:54: trailing whitespace.
+      "status": "TEMPLATE_VALID",
production/evidence/continuous/20261005-01/b01-repair-01/bootstrap-01.log:55: trailing whitespace.
+      "errors": []
production/evidence/continuous/20261005-01/b01-repair-01/bootstrap-01.log:56: trailing whitespace.
+    },
production/evidence/continuous/20261005-01/b01-repair-01/bootstrap-01.log:57: trailing whitespace.
+    {
production/evidence/continuous/20261005-01/b01-repair-01/bootstrap-01.log:58: trailing whitespace.
+      "command": "node handoff/tools/check-implementation-state.mjs --current",
production/evidence/continuous/20261005-01/b01-repair-01/bootstrap-01.log:59: trailing whitespace.
+      "exitCode": 0,
production/evidence/continuous/20261005-01/b01-repair-01/bootstrap-01.log:60: trailing whitespace.
+      "status": "CURRENT_RECORD_VALID",
production/evidence/continuous/20261005-01/b01-repair-01/bootstrap-01.log:61: trailing whitespace.
+      "errors": []
production/evidence/continuous/20261005-01/b01-repair-01/bootstrap-01.log:62: trailing whitespace.
+    }
production/evidence/continuous/20261005-01/b01-repair-01/bootstrap-01.log:63: trailing whitespace.
+  ]
production/evidence/continuous/20261005-01/b01-repair-01/bootstrap-01.log:64: trailing whitespace.
+}
production/evidence/continuous/20261005-01/b01-repair-01/bootstrap-final-01.log:1: trailing whitespace.
+{
production/evidence/continuous/20261005-01/b01-repair-01/bootstrap-final-01.log:2: trailing whitespace.
+  "status": "FAIL",
production/evidence/continuous/20261005-01/b01-repair-01/bootstrap-final-01.log:3: trailing whitespace.
+  "scope": "Read-only bootstrap/integrity/navigation and state checks, not full qualification or S01 authorization",
production/evidence/continuous/20261005-01/b01-repair-01/bootstrap-final-01.log:4: trailing whitespace.
+  "checks": 481,
production/evidence/continuous/20261005-01/b01-repair-01/bootstrap-final-01.log:5: trailing whitespace.
+  "errors": [
production/evidence/continuous/20261005-01/b01-repair-01/bootstrap-final-01.log:6: trailing whitespace.
+    "README.md broken/outside navigation production/evidence/continuous/20261005-01/b01-repair-01/START-HERE.md"
production/evidence/continuous/20261005-01/b01-repair-01/bootstrap-final-01.log:7: trailing whitespace.
+  ],
production/evidence/continuous/20261005-01/b01-repair-01/bootstrap-final-01.log:8: trailing whitespace.
+  "indexedFiles": 411,
production/evidence/continuous/20261005-01/b01-repair-01/bootstrap-final-01.log:9: trailing whitespace.
+  "frozenFiles": 412,
production/evidence/continuous/20261005-01/b01-repair-01/bootstrap-final-01.log:10: trailing whitespace.
+  "acceptedRevision": "IH-005",
production/evidence/continuous/20261005-01/b01-repair-01/bootstrap-final-01.log:11: trailing whitespace.
+  "canonicalFormat": "grape.document 2.0",
production/evidence/continuous/20261005-01/b01-repair-01/bootstrap-final-01.log:12: trailing whitespace.
+  "currentState": "active",
production/evidence/continuous/20261005-01/b01-repair-01/bootstrap-final-01.log:13: trailing whitespace.
+  "activeSlices": [
production/evidence/continuous/20261005-01/b01-repair-01/bootstrap-final-01.log:14: trailing whitespace.
+    "S06"
production/evidence/continuous/20261005-01/b01-repair-01/bootstrap-final-01.log:15: trailing whitespace.
+  ],
production/evidence/continuous/20261005-01/b01-repair-01/bootstrap-final-01.log:16: trailing whitespace.
+  "currentRecordValidation": "CURRENT_RECORD_VALID",
production/evidence/continuous/20261005-01/b01-repair-01/bootstrap-final-01.log:17: trailing whitespace.
+  "commands": []
production/evidence/continuous/20261005-01/b01-repair-01/bootstrap-final-01.log:18: trailing whitespace.
+}
production/evidence/continuous/20261005-01/b01-repair-01/bootstrap-final-02.log:1: trailing whitespace.
+{
production/evidence/continuous/20261005-01/b01-repair-01/bootstrap-final-02.log:2: trailing whitespace.
+  "status": "PASS",
production/evidence/continuous/20261005-01/b01-repair-01/bootstrap-final-02.log:3: trailing whitespace.
+  "scope": "Read-only bootstrap/integrity/navigation and state checks, not full qualification or S01 authorization",
production/evidence/continuous/20261005-01/b01-repair-01/bootstrap-final-02.log:4: trailing whitespace.
+  "checks": 488,
production/evidence/continuous/20261005-01/b01-repair-01/bootstrap-final-02.log:5: trailing whitespace.
+  "errors": [],
production/evidence/continuous/20261005-01/b01-repair-01/bootstrap-final-02.log:6: trailing whitespace.
+  "indexedFiles": 411,
production/evidence/continuous/20261005-01/b01-repair-01/bootstrap-final-02.log:7: trailing whitespace.
+  "frozenFiles": 412,
production/evidence/continuous/20261005-01/b01-repair-01/bootstrap-final-02.log:8: trailing whitespace.
+  "acceptedRevision": "IH-005",
production/evidence/continuous/20261005-01/b01-repair-01/bootstrap-final-02.log:9: trailing whitespace.
+  "canonicalFormat": "grape.document 2.0",
production/evidence/continuous/20261005-01/b01-repair-01/bootstrap-final-02.log:10: trailing whitespace.
+  "currentState": "active",
production/evidence/continuous/20261005-01/b01-repair-01/bootstrap-final-02.log:11: trailing whitespace.
+  "activeSlices": [
production/evidence/continuous/20261005-01/b01-repair-01/bootstrap-final-02.log:12: trailing whitespace.
+    "S06"
production/evidence/continuous/20261005-01/b01-repair-01/bootstrap-final-02.log:13: trailing whitespace.
+  ],
production/evidence/continuous/20261005-01/b01-repair-01/bootstrap-final-02.log:14: trailing whitespace.
+  "currentRecordValidation": "CURRENT_RECORD_VALID",
production/evidence/continuous/20261005-01/b01-repair-01/bootstrap-final-02.log:15: trailing whitespace.
+  "commands": [
production/evidence/continuous/20261005-01/b01-repair-01/bootstrap-final-02.log:16: trailing whitespace.
+    {
production/evidence/continuous/20261005-01/b01-repair-01/bootstrap-final-02.log:17: trailing whitespace.
+      "command": "node handoff/tools/check-handoff.mjs",
production/evidence/continuous/20261005-01/b01-repair-01/bootstrap-final-02.log:18: trailing whitespace.
+      "exitCode": 0,
production/evidence/continuous/20261005-01/b01-repair-01/bootstrap-final-02.log:19: trailing whitespace.
+      "status": "PASS",
production/evidence/continuous/20261005-01/b01-repair-01/bootstrap-final-02.log:20: trailing whitespace.
+      "checks": 9361,
production/evidence/continuous/20261005-01/b01-repair-01/bootstrap-final-02.log:21: trailing whitespace.
+      "errors": []
production/evidence/continuous/20261005-01/b01-repair-01/bootstrap-final-02.log:22: trailing whitespace.
+    },
production/evidence/continuous/20261005-01/b01-repair-01/bootstrap-final-02.log:23: trailing whitespace.
+    {
production/evidence/continuous/20261005-01/b01-repair-01/bootstrap-final-02.log:24: trailing whitespace.
+      "command": "node handoff/tools/check-ih005.mjs --verify-index",
production/evidence/continuous/20261005-01/b01-repair-01/bootstrap-final-02.log:25: trailing whitespace.
+      "exitCode": 0,
production/evidence/continuous/20261005-01/b01-repair-01/bootstrap-final-02.log:26: trailing whitespace.
+      "status": "PASS",
production/evidence/continuous/20261005-01/b01-repair-01/bootstrap-final-02.log:27: trailing whitespace.
+      "checks": 469,
production/evidence/continuous/20261005-01/b01-repair-01/bootstrap-final-02.log:28: trailing whitespace.
+      "errors": []
production/evidence/continuous/20261005-01/b01-repair-01/bootstrap-final-02.log:29: trailing whitespace.
+    },
production/evidence/continuous/20261005-01/b01-repair-01/bootstrap-final-02.log:30: trailing whitespace.
+    {
production/evidence/continuous/20261005-01/b01-repair-01/bootstrap-final-02.log:31: trailing whitespace.
+      "command": "node handoff/tools/check-repair.mjs",
production/evidence/continuous/20261005-01/b01-repair-01/bootstrap-final-02.log:32: trailing whitespace.
+      "exitCode": 0,
production/evidence/continuous/20261005-01/b01-repair-01/bootstrap-final-02.log:33: trailing whitespace.
+      "status": "PASS",
production/evidence/continuous/20261005-01/b01-repair-01/bootstrap-final-02.log:34: trailing whitespace.
+      "checks": 103,
production/evidence/continuous/20261005-01/b01-repair-01/bootstrap-final-02.log:35: trailing whitespace.
+      "errors": []
production/evidence/continuous/20261005-01/b01-repair-01/bootstrap-final-02.log:36: trailing whitespace.
+    },
production/evidence/continuous/20261005-01/b01-repair-01/bootstrap-final-02.log:37: trailing whitespace.
+    {
production/evidence/continuous/20261005-01/b01-repair-01/bootstrap-final-02.log:38: trailing whitespace.
+      "command": "node handoff/tools/check-second-review.mjs",
production/evidence/continuous/20261005-01/b01-repair-01/bootstrap-final-02.log:39: trailing whitespace.
+      "exitCode": 0,
production/evidence/continuous/20261005-01/b01-repair-01/bootstrap-final-02.log:40: trailing whitespace.
+      "status": "PASS",
production/evidence/continuous/20261005-01/b01-repair-01/bootstrap-final-02.log:41: trailing whitespace.
+      "checks": 266,
production/evidence/continuous/20261005-01/b01-repair-01/bootstrap-final-02.log:42: trailing whitespace.
+      "errors": []
production/evidence/continuous/20261005-01/b01-repair-01/bootstrap-final-02.log:43: trailing whitespace.
+    },
production/evidence/continuous/20261005-01/b01-repair-01/bootstrap-final-02.log:44: trailing whitespace.
+    {
production/evidence/continuous/20261005-01/b01-repair-01/bootstrap-final-02.log:45: trailing whitespace.
+      "command": "node handoff/tools/check-final-review-repair.mjs",
production/evidence/continuous/20261005-01/b01-repair-01/bootstrap-final-02.log:46: trailing whitespace.
+      "exitCode": 0,
production/evidence/continuous/20261005-01/b01-repair-01/bootstrap-final-02.log:47: trailing whitespace.
+      "status": "PASS",
production/evidence/continuous/20261005-01/b01-repair-01/bootstrap-final-02.log:48: trailing whitespace.
+      "checks": 36,
production/evidence/continuous/20261005-01/b01-repair-01/bootstrap-final-02.log:49: trailing whitespace.
+      "errors": []
production/evidence/continuous/20261005-01/b01-repair-01/bootstrap-final-02.log:50: trailing whitespace.
+    },
production/evidence/continuous/20261005-01/b01-repair-01/bootstrap-final-02.log:51: trailing whitespace.
+    {
production/evidence/continuous/20261005-01/b01-repair-01/bootstrap-final-02.log:52: trailing whitespace.
+      "command": "node handoff/tools/check-implementation-state.mjs",
production/evidence/continuous/20261005-01/b01-repair-01/bootstrap-final-02.log:53: trailing whitespace.
+      "exitCode": 0,
production/evidence/continuous/20261005-01/b01-repair-01/bootstrap-final-02.log:54: trailing whitespace.
+      "status": "TEMPLATE_VALID",
production/evidence/continuous/20261005-01/b01-repair-01/bootstrap-final-02.log:55: trailing whitespace.
+      "errors": []
production/evidence/continuous/20261005-01/b01-repair-01/bootstrap-final-02.log:56: trailing whitespace.
+    },
production/evidence/continuous/20261005-01/b01-repair-01/bootstrap-final-02.log:57: trailing whitespace.
+    {
production/evidence/continuous/20261005-01/b01-repair-01/bootstrap-final-02.log:58: trailing whitespace.
+      "command": "node handoff/tools/check-implementation-state.mjs --current",
production/evidence/continuous/20261005-01/b01-repair-01/bootstrap-final-02.log:59: trailing whitespace.
+      "exitCode": 0,
production/evidence/continuous/20261005-01/b01-repair-01/bootstrap-final-02.log:60: trailing whitespace.
+      "status": "CURRENT_RECORD_VALID",
production/evidence/continuous/20261005-01/b01-repair-01/bootstrap-final-02.log:61: trailing whitespace.
+      "errors": []
production/evidence/continuous/20261005-01/b01-repair-01/bootstrap-final-02.log:62: trailing whitespace.
+    }
production/evidence/continuous/20261005-01/b01-repair-01/bootstrap-final-02.log:63: trailing whitespace.
+  ]
production/evidence/continuous/20261005-01/b01-repair-01/bootstrap-final-02.log:64: trailing whitespace.
+}
production/evidence/continuous/20261005-01/b01-repair-01/build-candidate-01.log:1: trailing whitespace.
+vite v7.3.1 building client environment for production...
production/evidence/continuous/20261005-01/b01-repair-01/build-candidate-01.log:2: trailing whitespace.
+transforming...
production/evidence/continuous/20261005-01/b01-repair-01/build-candidate-01.log:3: trailing whitespace.
+✓ 62 modules transformed.
production/evidence/continuous/20261005-01/b01-repair-01/build-candidate-01.log:4: trailing whitespace.
+rendering chunks...
production/evidence/continuous/20261005-01/b01-repair-01/build-candidate-01.log:5: trailing whitespace.
+computing gzip size...
production/evidence/continuous/20261005-01/b01-repair-01/build-candidate-01.log:6: trailing whitespace.
+evidence/continuous/20261005-01/b01-repair-01/build-01/web/index.html                   0.40 kB │ gzip:   0.28 kB
production/evidence/continuous/20261005-01/b01-repair-01/build-candidate-01.log:7: trailing whitespace.
+evidence/continuous/20261005-01/b01-repair-01/build-01/web/assets/index-D1DZ1-zz.css   19.03 kB │ gzip:   4.92 kB
production/evidence/continuous/20261005-01/b01-repair-01/build-candidate-01.log:8: trailing whitespace.
+evidence/continuous/20261005-01/b01-repair-01/build-01/web/assets/index-BcSBnRRl.js   316.86 kB │ gzip: 100.37 kB
production/evidence/continuous/20261005-01/b01-repair-01/build-candidate-01.log:9: trailing whitespace.
+✓ built in 466ms
production/evidence/continuous/20261005-01/b01-repair-01/build-replay-01.log:1: trailing whitespace.
+vite v7.3.1 building client environment for production...
production/evidence/continuous/20261005-01/b01-repair-01/build-replay-01.log:2: trailing whitespace.
+transforming...
production/evidence/continuous/20261005-01/b01-repair-01/build-replay-01.log:3: trailing whitespace.
+✓ 62 modules transformed.
production/evidence/continuous/20261005-01/b01-repair-01/build-replay-01.log:4: trailing whitespace.
+rendering chunks...
production/evidence/continuous/20261005-01/b01-repair-01/build-replay-01.log:5: trailing whitespace.
+computing gzip size...
production/evidence/continuous/20261005-01/b01-repair-01/build-replay-01.log:6: trailing whitespace.
+../.verification/b01-repair-rebuild-01/index.html                   0.40 kB │ gzip:   0.28 kB
production/evidence/continuous/20261005-01/b01-repair-01/build-replay-01.log:7: trailing whitespace.
+../.verification/b01-repair-rebuild-01/assets/index-D1DZ1-zz.css   19.03 kB │ gzip:   4.92 kB
production/evidence/continuous/20261005-01/b01-repair-01/build-replay-01.log:8: trailing whitespace.
+../.verification/b01-repair-rebuild-01/assets/index-BcSBnRRl.js   316.86 kB │ gzip: 100.37 kB
production/evidence/continuous/20261005-01/b01-repair-01/build-replay-01.log:9: trailing whitespace.
+✓ built in 503ms
production/evidence/continuous/20261005-01/b01-repair-01/build-standard-01.log:1: trailing whitespace.
+
production/evidence/continuous/20261005-01/b01-repair-01/build-standard-01.log:2: trailing whitespace.
+> grape-s01@0.1.0 build
production/evidence/continuous/20261005-01/b01-repair-01/build-standard-01.log:3: trailing whitespace.
+> node tools/runtime.mjs && tsc --noEmit && vite build --outDir C:/Users/user/source/Grape/production/evidence/continuous/20261005-01/b01-repair-01/build-standard-01/web
production/evidence/continuous/20261005-01/b01-repair-01/build-standard-01.log:4: trailing whitespace.
+
production/evidence/continuous/20261005-01/b01-repair-01/build-standard-01.log:5: trailing whitespace.
+vite v7.3.1 building client environment for production...
production/evidence/continuous/20261005-01/b01-repair-01/build-standard-01.log:6: trailing whitespace.
+transforming...
production/evidence/continuous/20261005-01/b01-repair-01/build-standard-01.log:7: trailing whitespace.
+✓ 62 modules transformed.
production/evidence/continuous/20261005-01/b01-repair-01/build-standard-01.log:8: trailing whitespace.
+rendering chunks...
production/evidence/continuous/20261005-01/b01-repair-01/build-standard-01.log:9: trailing whitespace.
+computing gzip size...
production/evidence/continuous/20261005-01/b01-repair-01/build-standard-01.log:10: trailing whitespace.
+evidence/continuous/20261005-01/b01-repair-01/build-standard-01/web/index.html                   0.40 kB │ gzip:   0.28 kB
production/evidence/continuous/20261005-01/b01-repair-01/build-standard-01.log:11: trailing whitespace.
+evidence/continuous/20261005-01/b01-repair-01/build-standard-01/web/assets/index-D1DZ1-zz.css   19.03 kB │ gzip:   4.92 kB
production/evidence/continuous/20261005-01/b01-repair-01/build-standard-01.log:12: trailing whitespace.
+evidence/continuous/20261005-01/b01-repair-01/build-standard-01/web/assets/index-DjM_44pu.js   316.79 kB │ gzip: 100.32 kB
production/evidence/continuous/20261005-01/b01-repair-01/build-standard-01.log:13: trailing whitespace.
+✓ built in 464ms
production/evidence/continuous/20261005-01/b01-repair-01/build-standard-01.log:14: trailing whitespace.
+npm notice
production/evidence/continuous/20261005-01/b01-repair-01/build-standard-01.log:15: trailing whitespace.
+npm notice New minor version of npm available! 11.8.0 -> 11.21.0
production/evidence/continuous/20261005-01/b01-repair-01/build-standard-01.log:16: trailing whitespace.
+npm notice Changelog: https://github.com/npm/cli/releases/tag/v11.21.0
production/evidence/continuous/20261005-01/b01-repair-01/build-standard-01.log:17: trailing whitespace.
+npm notice To update run: npm install -g npm@11.21.0
production/evidence/continuous/20261005-01/b01-repair-01/build-standard-01.log:18: trailing whitespace.
+npm notice
production/evidence/continuous/20261005-01/b01-repair-01/conformance-01.log:1: trailing whitespace.
+
production/evidence/continuous/20261005-01/b01-repair-01/conformance-01.log:2: trailing whitespace.
+> grape-s01@0.1.0 conformance
production/evidence/continuous/20261005-01/b01-repair-01/conformance-01.log:3: trailing whitespace.
+> node tools/runtime.mjs && node tools/module-pins.mjs && node tools/boundaries.mjs
production/evidence/continuous/20261005-01/b01-repair-01/conformance-01.log:4: trailing whitespace.
+
production/evidence/continuous/20261005-01/b01-repair-01/conformance-01.log:5: trailing whitespace.
+{
production/evidence/continuous/20261005-01/b01-repair-01/conformance-01.log:6: trailing whitespace.
+  "status": "PASS",
production/evidence/continuous/20261005-01/b01-repair-01/conformance-01.log:7: trailing whitespace.
+  "algorithm": "sha256 source UTF-8 with digest literals normalized to sha256:<self>",
production/evidence/continuous/20261005-01/b01-repair-01/conformance-01.log:8: trailing whitespace.
+  "modules": [
production/evidence/continuous/20261005-01/b01-repair-01/conformance-01.log:9: trailing whitespace.
+    {
production/evidence/continuous/20261005-01/b01-repair-01/conformance-01.log:10: trailing whitespace.
+      "file": "src/modules/image-zero.ts",
production/evidence/continuous/20261005-01/b01-repair-01/conformance-01.log:11: trailing whitespace.
+      "fingerprint": "sha256:675e4e5aca274cb7de4cd90eca0e3405eec406678e9f4dc90d96c48e422e795f"
production/evidence/continuous/20261005-01/b01-repair-01/conformance-01.log:12: trailing whitespace.
+    },
production/evidence/continuous/20261005-01/b01-repair-01/conformance-01.log:13: trailing whitespace.
+    {
production/evidence/continuous/20261005-01/b01-repair-01/conformance-01.log:14: trailing whitespace.
+      "file": "src/modules/fixed-values.ts",
production/evidence/continuous/20261005-01/b01-repair-01/conformance-01.log:15: trailing whitespace.
+      "fingerprint": "sha256:0d75d254ae4654e672001bc326252ab9775c87b581b79c15e6e8d44fee59a6ba"
production/evidence/continuous/20261005-01/b01-repair-01/conformance-01.log:16: trailing whitespace.
+    },
production/evidence/continuous/20261005-01/b01-repair-01/conformance-01.log:17: trailing whitespace.
+    {
production/evidence/continuous/20261005-01/b01-repair-01/conformance-01.log:18: trailing whitespace.
+      "file": "src/modules/function-networks.ts",
production/evidence/continuous/20261005-01/b01-repair-01/conformance-01.log:19: trailing whitespace.
+      "fingerprint": "sha256:25d291427adb77405f826a636cd2a7c9a5851f0017cb779ced1a13e5a9b0b9e7"
production/evidence/continuous/20261005-01/b01-repair-01/conformance-01.log:20: trailing whitespace.
+    },
production/evidence/continuous/20261005-01/b01-repair-01/conformance-01.log:21: trailing whitespace.
+    {
production/evidence/continuous/20261005-01/b01-repair-01/conformance-01.log:22: trailing whitespace.
+      "file": "src/modules/function-operations.ts",
production/evidence/continuous/20261005-01/b01-repair-01/conformance-01.log:23: trailing whitespace.
+      "fingerprint": "sha256:86501aa76e15aa05f3837ec050f2f883ab6aba6932e4ee59998a864432435b01"
production/evidence/continuous/20261005-01/b01-repair-01/conformance-01.log:24: trailing whitespace.
+    },
production/evidence/continuous/20261005-01/b01-repair-01/conformance-01.log:25: trailing whitespace.
+    {
production/evidence/continuous/20261005-01/b01-repair-01/conformance-01.log:26: trailing whitespace.
+      "file": "src/modules/nodes.ts",
production/evidence/continuous/20261005-01/b01-repair-01/conformance-01.log:27: trailing whitespace.
+      "fingerprint": "sha256:011f48f4ebe044a2391d335ac3cff7c52791f1ee485fd47d211211991e7a2292"
production/evidence/continuous/20261005-01/b01-repair-01/conformance-01.log:28: trailing whitespace.
+    },
production/evidence/continuous/20261005-01/b01-repair-01/conformance-01.log:29: trailing whitespace.
+    {
production/evidence/continuous/20261005-01/b01-repair-01/conformance-01.log:30: trailing whitespace.
+      "file": "src/modules/image.ts",
production/evidence/continuous/20261005-01/b01-repair-01/conformance-01.log:31: trailing whitespace.
+      "fingerprint": "sha256:30d1266c367648c97b57a6cf77eec9d0bf14ac8bdb057fa4eef457539adb98c3"
production/evidence/continuous/20261005-01/b01-repair-01/conformance-01.log:32: trailing whitespace.
+    },
production/evidence/continuous/20261005-01/b01-repair-01/conformance-01.log:33: trailing whitespace.
+    {
production/evidence/continuous/20261005-01/b01-repair-01/conformance-01.log:34: trailing whitespace.
+      "file": "src/modules/networks.ts",
production/evidence/continuous/20261005-01/b01-repair-01/conformance-01.log:35: trailing whitespace.
+      "fingerprint": "sha256:fdd67aaa5341ce6c29d05e6b6d3220b90f367e910730ba517899fcf59a3b36d2"
production/evidence/continuous/20261005-01/b01-repair-01/conformance-01.log:36: trailing whitespace.
+    },
production/evidence/continuous/20261005-01/b01-repair-01/conformance-01.log:37: trailing whitespace.
+    {
production/evidence/continuous/20261005-01/b01-repair-01/conformance-01.log:38: trailing whitespace.
+      "file": "src/modules/image-current.ts",
production/evidence/continuous/20261005-01/b01-repair-01/conformance-01.log:39: trailing whitespace.
+      "fingerprint": "sha256:5e996954cafb09b5816b3e1b0ea4e62cb1668822931e86c8ea0c794406a4ac93"
production/evidence/continuous/20261005-01/b01-repair-01/conformance-01.log:40: trailing whitespace.
+    },
production/evidence/continuous/20261005-01/b01-repair-01/conformance-01.log:41: trailing whitespace.
+    {
production/evidence/continuous/20261005-01/b01-repair-01/conformance-01.log:42: trailing whitespace.
+      "file": "src/modules/extents.ts",
production/evidence/continuous/20261005-01/b01-repair-01/conformance-01.log:43: trailing whitespace.
+      "fingerprint": "sha256:bcfaaca3ef01c57070e05b26e09bbcacde5d51f6ba0091b8b6aaf3d83efa3c60"
production/evidence/continuous/20261005-01/b01-repair-01/conformance-01.log:44: trailing whitespace.
+    },
production/evidence/continuous/20261005-01/b01-repair-01/conformance-01.log:45: trailing whitespace.
+    {
production/evidence/continuous/20261005-01/b01-repair-01/conformance-01.log:46: trailing whitespace.
+      "file": "src/modules/sources-current.ts",
production/evidence/continuous/20261005-01/b01-repair-01/conformance-01.log:47: trailing whitespace.
+      "fingerprint": "sha256:bb0ff902b36d7a07fc104412d0ccb11e4e7efed0106aa3c8595026dbcef8b212"
production/evidence/continuous/20261005-01/b01-repair-01/conformance-01.log:48: trailing whitespace.
+    },
production/evidence/continuous/20261005-01/b01-repair-01/conformance-01.log:49: trailing whitespace.
+    {
production/evidence/continuous/20261005-01/b01-repair-01/conformance-01.log:50: trailing whitespace.
+      "file": "src/modules/package-probe.ts",
production/evidence/continuous/20261005-01/b01-repair-01/conformance-01.log:51: trailing whitespace.
+      "fingerprint": "sha256:5167f5133660bdb59f087fdabf9f15b277989f545a86222ed3efa571d73d012b"
production/evidence/continuous/20261005-01/b01-repair-01/conformance-01.log:52: trailing whitespace.
+    }
production/evidence/continuous/20261005-01/b01-repair-01/conformance-01.log:53: trailing whitespace.
+  ]
production/evidence/continuous/20261005-01/b01-repair-01/conformance-01.log:54: trailing whitespace.
+}
production/evidence/continuous/20261005-01/b01-repair-01/conformance-01.log:55: trailing whitespace.
+{
production/evidence/continuous/20261005-01/b01-repair-01/conformance-01.log:56: trailing whitespace.
+  "status": "PASS",
production/evidence/continuous/20261005-01/b01-repair-01/conformance-01.log:57: trailing whitespace.
+  "errors": [],
production/evidence/continuous/20261005-01/b01-repair-01/conformance-01.log:58: trailing whitespace.
+  "checkedFiles": 63,
production/evidence/continuous/20261005-01/b01-repair-01/conformance-01.log:59: trailing whitespace.
+  "limits": [
production/evidence/continuous/20261005-01/b01-repair-01/conformance-01.log:60: trailing whitespace.
+    "Manifest role and public-export correctness require review.",
production/evidence/continuous/20261005-01/b01-repair-01/conformance-01.log:61: trailing whitespace.
+    "No security sandbox or proof of callback purity; injected service surface and behavioral tests still enforce runtime authority.",
production/evidence/continuous/20261005-01/b01-repair-01/conformance-01.log:62: trailing whitespace.
+    "Does not prove absence of arbitrary aliases/casts/reflection or semantic node-name switches. Changes to core by an ordinary extension are independently rejected."
production/evidence/continuous/20261005-01/b01-repair-01/conformance-01.log:63: trailing whitespace.
+  ]
production/evidence/continuous/20261005-01/b01-repair-01/conformance-01.log:64: trailing whitespace.
+}
production/evidence/continuous/20261005-01/b01-repair-01/conformance-01.log:65: trailing whitespace.
+npm notice
production/evidence/continuous/20261005-01/b01-repair-01/conformance-01.log:66: trailing whitespace.
+npm notice New minor version of npm available! 11.8.0 -> 11.21.0
production/evidence/continuous/20261005-01/b01-repair-01/conformance-01.log:67: trailing whitespace.
+npm notice Changelog: https://github.com/npm/cli/releases/tag/v11.21.0
production/evidence/continuous/20261005-01/b01-repair-01/conformance-01.log:68: trailing whitespace.
+npm notice To update run: npm install -g npm@11.21.0
production/evidence/continuous/20261005-01/b01-repair-01/conformance-01.log:69: trailing whitespace.
+npm notice
production/evidence/continuous/20261005-01/b01-repair-01/conformance-final-01.log:1: trailing whitespace.
+
production/evidence/continuous/20261005-01/b01-repair-01/conformance-final-01.log:2: trailing whitespace.
+> grape-s01@0.1.0 conformance
production/evidence/continuous/20261005-01/b01-repair-01/conformance-final-01.log:3: trailing whitespace.
+> node tools/runtime.mjs && node tools/module-pins.mjs && node tools/boundaries.mjs
production/evidence/continuous/20261005-01/b01-repair-01/conformance-final-01.log:4: trailing whitespace.
+
production/evidence/continuous/20261005-01/b01-repair-01/conformance-final-01.log:5: trailing whitespace.
+{
production/evidence/continuous/20261005-01/b01-repair-01/conformance-final-01.log:6: trailing whitespace.
+  "status": "PASS",
production/evidence/continuous/20261005-01/b01-repair-01/conformance-final-01.log:7: trailing whitespace.
+  "algorithm": "sha256 source UTF-8 with digest literals normalized to sha256:<self>",
production/evidence/continuous/20261005-01/b01-repair-01/conformance-final-01.log:8: trailing whitespace.
+  "modules": [
production/evidence/continuous/20261005-01/b01-repair-01/conformance-final-01.log:9: trailing whitespace.
+    {
production/evidence/continuous/20261005-01/b01-repair-01/conformance-final-01.log:10: trailing whitespace.
+      "file": "src/modules/image-zero.ts",
production/evidence/continuous/20261005-01/b01-repair-01/conformance-final-01.log:11: trailing whitespace.
+      "fingerprint": "sha256:675e4e5aca274cb7de4cd90eca0e3405eec406678e9f4dc90d96c48e422e795f"
production/evidence/continuous/20261005-01/b01-repair-01/conformance-final-01.log:12: trailing whitespace.
+    },
production/evidence/continuous/20261005-01/b01-repair-01/conformance-final-01.log:13: trailing whitespace.
+    {
production/evidence/continuous/20261005-01/b01-repair-01/conformance-final-01.log:14: trailing whitespace.
+      "file": "src/modules/fixed-values.ts",
production/evidence/continuous/20261005-01/b01-repair-01/conformance-final-01.log:15: trailing whitespace.
+      "fingerprint": "sha256:0d75d254ae4654e672001bc326252ab9775c87b581b79c15e6e8d44fee59a6ba"
production/evidence/continuous/20261005-01/b01-repair-01/conformance-final-01.log:16: trailing whitespace.
+    },
production/evidence/continuous/20261005-01/b01-repair-01/conformance-final-01.log:17: trailing whitespace.
+    {
production/evidence/continuous/20261005-01/b01-repair-01/conformance-final-01.log:18: trailing whitespace.
+      "file": "src/modules/function-networks.ts",
production/evidence/continuous/20261005-01/b01-repair-01/conformance-final-01.log:19: trailing whitespace.
+      "fingerprint": "sha256:25d291427adb77405f826a636cd2a7c9a5851f0017cb779ced1a13e5a9b0b9e7"
production/evidence/continuous/20261005-01/b01-repair-01/conformance-final-01.log:20: trailing whitespace.
+    },
production/evidence/continuous/20261005-01/b01-repair-01/conformance-final-01.log:21: trailing whitespace.
+    {
production/evidence/continuous/20261005-01/b01-repair-01/conformance-final-01.log:22: trailing whitespace.
+      "file": "src/modules/function-operations.ts",
production/evidence/continuous/20261005-01/b01-repair-01/conformance-final-01.log:23: trailing whitespace.
+      "fingerprint": "sha256:86501aa76e15aa05f3837ec050f2f883ab6aba6932e4ee59998a864432435b01"
production/evidence/continuous/20261005-01/b01-repair-01/conformance-final-01.log:24: trailing whitespace.
+    },
production/evidence/continuous/20261005-01/b01-repair-01/conformance-final-01.log:25: trailing whitespace.
+    {
production/evidence/continuous/20261005-01/b01-repair-01/conformance-final-01.log:26: trailing whitespace.
+      "file": "src/modules/nodes.ts",
production/evidence/continuous/20261005-01/b01-repair-01/conformance-final-01.log:27: trailing whitespace.
+      "fingerprint": "sha256:011f48f4ebe044a2391d335ac3cff7c52791f1ee485fd47d211211991e7a2292"
production/evidence/continuous/20261005-01/b01-repair-01/conformance-final-01.log:28: trailing whitespace.
+    },
production/evidence/continuous/20261005-01/b01-repair-01/conformance-final-01.log:29: trailing whitespace.
+    {
production/evidence/continuous/20261005-01/b01-repair-01/conformance-final-01.log:30: trailing whitespace.
+      "file": "src/modules/image.ts",
production/evidence/continuous/20261005-01/b01-repair-01/conformance-final-01.log:31: trailing whitespace.
+      "fingerprint": "sha256:30d1266c367648c97b57a6cf77eec9d0bf14ac8bdb057fa4eef457539adb98c3"
production/evidence/continuous/20261005-01/b01-repair-01/conformance-final-01.log:32: trailing whitespace.
+    },
production/evidence/continuous/20261005-01/b01-repair-01/conformance-final-01.log:33: trailing whitespace.
+    {
production/evidence/continuous/20261005-01/b01-repair-01/conformance-final-01.log:34: trailing whitespace.
+      "file": "src/modules/networks.ts",
production/evidence/continuous/20261005-01/b01-repair-01/conformance-final-01.log:35: trailing whitespace.
+      "fingerprint": "sha256:fdd67aaa5341ce6c29d05e6b6d3220b90f367e910730ba517899fcf59a3b36d2"
production/evidence/continuous/20261005-01/b01-repair-01/conformance-final-01.log:36: trailing whitespace.
+    },
production/evidence/continuous/20261005-01/b01-repair-01/conformance-final-01.log:37: trailing whitespace.
+    {
production/evidence/continuous/20261005-01/b01-repair-01/conformance-final-01.log:38: trailing whitespace.
+      "file": "src/modules/image-current.ts",
production/evidence/continuous/20261005-01/b01-repair-01/conformance-final-01.log:39: trailing whitespace.
+      "fingerprint": "sha256:5e996954cafb09b5816b3e1b0ea4e62cb1668822931e86c8ea0c794406a4ac93"
production/evidence/continuous/20261005-01/b01-repair-01/conformance-final-01.log:40: trailing whitespace.
+    },
production/evidence/continuous/20261005-01/b01-repair-01/conformance-final-01.log:41: trailing whitespace.
+    {
production/evidence/continuous/20261005-01/b01-repair-01/conformance-final-01.log:42: trailing whitespace.
+      "file": "src/modules/extents.ts",
production/evidence/continuous/20261005-01/b01-repair-01/conformance-final-01.log:43: trailing whitespace.
+      "fingerprint": "sha256:bcfaaca3ef01c57070e05b26e09bbcacde5d51f6ba0091b8b6aaf3d83efa3c60"
production/evidence/continuous/20261005-01/b01-repair-01/conformance-final-01.log:44: trailing whitespace.
+    },
production/evidence/continuous/20261005-01/b01-repair-01/conformance-final-01.log:45: trailing whitespace.
+    {
production/evidence/continuous/20261005-01/b01-repair-01/conformance-final-01.log:46: trailing whitespace.
+      "file": "src/modules/sources-current.ts",
production/evidence/continuous/20261005-01/b01-repair-01/conformance-final-01.log:47: trailing whitespace.
+      "fingerprint": "sha256:bb0ff902b36d7a07fc104412d0ccb11e4e7efed0106aa3c8595026dbcef8b212"
production/evidence/continuous/20261005-01/b01-repair-01/conformance-final-01.log:48: trailing whitespace.
+    },
production/evidence/continuous/20261005-01/b01-repair-01/conformance-final-01.log:49: trailing whitespace.
+    {
production/evidence/continuous/20261005-01/b01-repair-01/conformance-final-01.log:50: trailing whitespace.
+      "file": "src/modules/package-probe.ts",
production/evidence/continuous/20261005-01/b01-repair-01/conformance-final-01.log:51: trailing whitespace.
+      "fingerprint": "sha256:5167f5133660bdb59f087fdabf9f15b277989f545a86222ed3efa571d73d012b"
production/evidence/continuous/20261005-01/b01-repair-01/conformance-final-01.log:52: trailing whitespace.
+    }
production/evidence/continuous/20261005-01/b01-repair-01/conformance-final-01.log:53: trailing whitespace.
+  ]
production/evidence/continuous/20261005-01/b01-repair-01/conformance-final-01.log:54: trailing whitespace.
+}
production/evidence/continuous/20261005-01/b01-repair-01/conformance-final-01.log:55: trailing whitespace.
+{
production/evidence/continuous/20261005-01/b01-repair-01/conformance-final-01.log:56: trailing whitespace.
+  "status": "PASS",
production/evidence/continuous/20261005-01/b01-repair-01/conformance-final-01.log:57: trailing whitespace.
+  "errors": [],
production/evidence/continuous/20261005-01/b01-repair-01/conformance-final-01.log:58: trailing whitespace.
+  "checkedFiles": 63,
production/evidence/continuous/20261005-01/b01-repair-01/conformance-final-01.log:59: trailing whitespace.
+  "limits": [
production/evidence/continuous/20261005-01/b01-repair-01/conformance-final-01.log:60: trailing whitespace.
+    "Manifest role and public-export correctness require review.",
production/evidence/continuous/20261005-01/b01-repair-01/conformance-final-01.log:61: trailing whitespace.
+    "No security sandbox or proof of callback purity; injected service surface and behavioral tests still enforce runtime authority.",
production/evidence/continuous/20261005-01/b01-repair-01/conformance-final-01.log:62: trailing whitespace.
+    "Does not prove absence of arbitrary aliases/casts/reflection or semantic node-name switches. Changes to core by an ordinary extension are independently rejected."
production/evidence/continuous/20261005-01/b01-repair-01/conformance-final-01.log:63: trailing whitespace.
+  ]
production/evidence/continuous/20261005-01/b01-repair-01/conformance-final-01.log:64: trailing whitespace.
+}
production/evidence/continuous/20261005-01/b01-repair-01/conformance-final-01.log:65: trailing whitespace.
+npm notice
production/evidence/continuous/20261005-01/b01-repair-01/conformance-final-01.log:66: trailing whitespace.
+npm notice New minor version of npm available! 11.8.0 -> 11.21.0
production/evidence/continuous/20261005-01/b01-repair-01/conformance-final-01.log:67: trailing whitespace.
+npm notice Changelog: https://github.com/npm/cli/releases/tag/v11.21.0
production/evidence/continuous/20261005-01/b01-repair-01/conformance-final-01.log:68: trailing whitespace.
+npm notice To update run: npm install -g npm@11.21.0
production/evidence/continuous/20261005-01/b01-repair-01/conformance-final-01.log:69: trailing whitespace.
+npm notice
production/evidence/continuous/20261005-01/b01-repair-01/fixtures-01.log:1: trailing whitespace.
+✔ BOOT01 accepted baseline and materialized current record remain valid and not-started (633.7857ms)
production/evidence/continuous/20261005-01/b01-repair-01/fixtures-01.log:2: trailing whitespace.
+✔ BOOT10 navigation fixtures preserve linked bytes and reject escaping paths and symlink ancestors (350.9698ms)
production/evidence/continuous/20261005-01/b01-repair-01/fixtures-01.log:3: trailing whitespace.
+✔ BOOT02 changing one frozen file is detected without executing changed checkers (606.1447ms)
production/evidence/continuous/20261005-01/b01-repair-01/fixtures-01.log:4: trailing whitespace.
+✔ BOOT03 unindexed files including dependency/scratch files are rejected (575.6449ms)
production/evidence/continuous/20261005-01/b01-repair-01/fixtures-01.log:5: trailing whitespace.
+✔ BOOT04 owner acceptance must bind the exact frozen index digest (582.2972ms)
production/evidence/continuous/20261005-01/b01-repair-01/fixtures-01.log:6: trailing whitespace.
+✔ BOOT05 external current locator cannot masquerade as the frozen template (628.6354ms)
production/evidence/continuous/20261005-01/b01-repair-01/fixtures-01.log:7: trailing whitespace.
+✔ BOOT06 not-started state cannot contain invented slice progress (596.8291ms)
production/evidence/continuous/20261005-01/b01-repair-01/fixtures-01.log:8: trailing whitespace.
+✔ BOOT07 changing status alone cannot invent a valid started project (584.7423ms)
production/evidence/continuous/20261005-01/b01-repair-01/fixtures-01.log:9: trailing whitespace.
+✔ BOOT08 inherited DEC-GRAPE-001 remains single and is not fabricated as implementation progress (719.2354ms)
production/evidence/continuous/20261005-01/b01-repair-01/fixtures-01.log:10: trailing whitespace.
+✔ BOOT09 staged qualification is an isolated byte copy; edits cannot alter accepted handoff or current state (1309.2584ms)
production/evidence/continuous/20261005-01/b01-repair-01/fixtures-01.log:11: trailing whitespace.
+ℹ tests 10
production/evidence/continuous/20261005-01/b01-repair-01/fixtures-01.log:12: trailing whitespace.
+ℹ suites 0
production/evidence/continuous/20261005-01/b01-repair-01/fixtures-01.log:13: trailing whitespace.
+ℹ pass 10
production/evidence/continuous/20261005-01/b01-repair-01/fixtures-01.log:14: trailing whitespace.
+ℹ fail 0
production/evidence/continuous/20261005-01/b01-repair-01/fixtures-01.log:15: trailing whitespace.
+ℹ cancelled 0
production/evidence/continuous/20261005-01/b01-repair-01/fixtures-01.log:16: trailing whitespace.
+ℹ skipped 0
production/evidence/continuous/20261005-01/b01-repair-01/fixtures-01.log:17: trailing whitespace.
+ℹ todo 0
production/evidence/continuous/20261005-01/b01-repair-01/fixtures-01.log:18: trailing whitespace.
+ℹ duration_ms 6651.6539
production/evidence/continuous/20261005-01/b01-repair-01/state-01.log:1: trailing whitespace.
+{
production/evidence/continuous/20261005-01/b01-repair-01/state-01.log:2: trailing whitespace.
+  "file": "C:\\Users\\user\\source\\Grape\\implementation-state.json",
production/evidence/continuous/20261005-01/b01-repair-01/state-01.log:3: trailing whitespace.
+  "status": "CURRENT_RECORD_VALID",
production/evidence/continuous/20261005-01/b01-repair-01/state-01.log:4: trailing whitespace.
+  "errors": [],
production/evidence/continuous/20261005-01/b01-repair-01/state-01.log:5: trailing whitespace.
+  "inheritedGates": [
production/evidence/continuous/20261005-01/b01-repair-01/state-01.log:6: trailing whitespace.
+    {
production/evidence/continuous/20261005-01/b01-repair-01/state-01.log:7: trailing whitespace.
+      "gateId": "G-LU-DATA-001",
production/evidence/continuous/20261005-01/b01-repair-01/state-01.log:8: trailing whitespace.
+      "baselineStatus": "unresolved",
production/evidence/continuous/20261005-01/b01-repair-01/state-01.log:9: trailing whitespace.
+      "scopedDecisions": []
production/evidence/continuous/20261005-01/b01-repair-01/state-01.log:10: trailing whitespace.
+    },
production/evidence/continuous/20261005-01/b01-repair-01/state-01.log:11: trailing whitespace.
+    {
production/evidence/continuous/20261005-01/b01-repair-01/state-01.log:12: trailing whitespace.
+      "gateId": "G-LU-DATA-002",
production/evidence/continuous/20261005-01/b01-repair-01/state-01.log:13: trailing whitespace.
+      "baselineStatus": "unresolved",
production/evidence/continuous/20261005-01/b01-repair-01/state-01.log:14: trailing whitespace.
+      "scopedDecisions": []
production/evidence/continuous/20261005-01/b01-repair-01/state-01.log:15: trailing whitespace.
+    },
production/evidence/continuous/20261005-01/b01-repair-01/state-01.log:16: trailing whitespace.
+    {
production/evidence/continuous/20261005-01/b01-repair-01/state-01.log:17: trailing whitespace.
+      "gateId": "G-LU-DATA-003",
production/evidence/continuous/20261005-01/b01-repair-01/state-01.log:18: trailing whitespace.
+      "baselineStatus": "unresolved",
production/evidence/continuous/20261005-01/b01-repair-01/state-01.log:19: trailing whitespace.
+      "scopedDecisions": []
production/evidence/continuous/20261005-01/b01-repair-01/state-01.log:20: trailing whitespace.
+    },
production/evidence/continuous/20261005-01/b01-repair-01/state-01.log:21: trailing whitespace.
+    {
production/evidence/continuous/20261005-01/b01-repair-01/state-01.log:22: trailing whitespace.
+      "gateId": "G-LU-DATA-004",
production/evidence/continuous/20261005-01/b01-repair-01/state-01.log:23: trailing whitespace.
+      "baselineStatus": "unresolved",
production/evidence/continuous/20261005-01/b01-repair-01/state-01.log:24: trailing whitespace.
+      "scopedDecisions": []
production/evidence/continuous/20261005-01/b01-repair-01/state-01.log:25: trailing whitespace.
+    },
production/evidence/continuous/20261005-01/b01-repair-01/state-01.log:26: trailing whitespace.
+    {
production/evidence/continuous/20261005-01/b01-repair-01/state-01.log:27: trailing whitespace.
+      "gateId": "G-LU-DATA-005",
production/evidence/continuous/20261005-01/b01-repair-01/state-01.log:28: trailing whitespace.
+      "baselineStatus": "unresolved",
production/evidence/continuous/20261005-01/b01-repair-01/state-01.log:29: trailing whitespace.
+      "scopedDecisions": []
production/evidence/continuous/20261005-01/b01-repair-01/state-01.log:30: trailing whitespace.
+    },
production/evidence/continuous/20261005-01/b01-repair-01/state-01.log:31: trailing whitespace.
+    {
production/evidence/continuous/20261005-01/b01-repair-01/state-01.log:32: trailing whitespace.
+      "gateId": "G-LU-DATA-006",
production/evidence/continuous/20261005-01/b01-repair-01/state-01.log:33: trailing whitespace.
+      "baselineStatus": "unresolved",
production/evidence/continuous/20261005-01/b01-repair-01/state-01.log:34: trailing whitespace.
+      "scopedDecisions": []
production/evidence/continuous/20261005-01/b01-repair-01/state-01.log:35: trailing whitespace.
+    },
production/evidence/continuous/20261005-01/b01-repair-01/state-01.log:36: trailing whitespace.
+    {
production/evidence/continuous/20261005-01/b01-repair-01/state-01.log:37: trailing whitespace.
+      "gateId": "G-LU-DATA-007",
production/evidence/continuous/20261005-01/b01-repair-01/state-01.log:38: trailing whitespace.
+      "baselineStatus": "unresolved",
production/evidence/continuous/20261005-01/b01-repair-01/state-01.log:39: trailing whitespace.
+      "scopedDecisions": []
production/evidence/continuous/20261005-01/b01-repair-01/state-01.log:40: trailing whitespace.
+    },
production/evidence/continuous/20261005-01/b01-repair-01/state-01.log:41: trailing whitespace.
+    {
production/evidence/continuous/20261005-01/b01-repair-01/state-01.log:42: trailing whitespace.
+      "gateId": "G-LU-NODE-001",
production/evidence/continuous/20261005-01/b01-repair-01/state-01.log:43: trailing whitespace.
+      "baselineStatus": "unresolved",
production/evidence/continuous/20261005-01/b01-repair-01/state-01.log:44: trailing whitespace.
+      "scopedDecisions": []
production/evidence/continuous/20261005-01/b01-repair-01/state-01.log:45: trailing whitespace.
+    },
production/evidence/continuous/20261005-01/b01-repair-01/state-01.log:46: trailing whitespace.
+    {
production/evidence/continuous/20261005-01/b01-repair-01/state-01.log:47: trailing whitespace.
+      "gateId": "G-LU-NODE-002",
production/evidence/continuous/20261005-01/b01-repair-01/state-01.log:48: trailing whitespace.
+      "baselineStatus": "unresolved",
production/evidence/continuous/20261005-01/b01-repair-01/state-01.log:49: trailing whitespace.
+      "scopedDecisions": []
production/evidence/continuous/20261005-01/b01-repair-01/state-01.log:50: trailing whitespace.
+    },
production/evidence/continuous/20261005-01/b01-repair-01/state-01.log:51: trailing whitespace.
+    {
production/evidence/continuous/20261005-01/b01-repair-01/state-01.log:52: trailing whitespace.
+      "gateId": "G-LU-NODE-003",
production/evidence/continuous/20261005-01/b01-repair-01/state-01.log:53: trailing whitespace.
+      "baselineStatus": "unresolved",
production/evidence/continuous/20261005-01/b01-repair-01/state-01.log:54: trailing whitespace.
+      "scopedDecisions": []
production/evidence/continuous/20261005-01/b01-repair-01/state-01.log:55: trailing whitespace.
+    },
production/evidence/continuous/20261005-01/b01-repair-01/state-01.log:56: trailing whitespace.
+    {
production/evidence/continuous/20261005-01/b01-repair-01/state-01.log:57: trailing whitespace.
+      "gateId": "G-LU-NODE-004",
production/evidence/continuous/20261005-01/b01-repair-01/state-01.log:58: trailing whitespace.
+      "baselineStatus": "unresolved",
production/evidence/continuous/20261005-01/b01-repair-01/state-01.log:59: trailing whitespace.
+      "scopedDecisions": []
production/evidence/continuous/20261005-01/b01-repair-01/state-01.log:60: trailing whitespace.
+    },
production/evidence/continuous/20261005-01/b01-repair-01/state-01.log:61: trailing whitespace.
+    {
production/evidence/continuous/20261005-01/b01-repair-01/state-01.log:62: trailing whitespace.
+      "gateId": "G-LU-NODE-005",
production/evidence/continuous/20261005-01/b01-repair-01/state-01.log:63: trailing whitespace.
+      "baselineStatus": "unresolved",
production/evidence/continuous/20261005-01/b01-repair-01/state-01.log:64: trailing whitespace.
+      "scopedDecisions": []
production/evidence/continuous/20261005-01/b01-repair-01/state-01.log:65: trailing whitespace.
+    },
production/evidence/continuous/20261005-01/b01-repair-01/state-01.log:66: trailing whitespace.
+    {
production/evidence/continuous/20261005-01/b01-repair-01/state-01.log:67: trailing whitespace.
+      "gateId": "G-LU-NODE-006",
production/evidence/continuous/20261005-01/b01-repair-01/state-01.log:68: trailing whitespace.
+      "baselineStatus": "unresolved",
production/evidence/continuous/20261005-01/b01-repair-01/state-01.log:69: trailing whitespace.
+      "scopedDecisions": []
production/evidence/continuous/20261005-01/b01-repair-01/state-01.log:70: trailing whitespace.
+    },
production/evidence/continuous/20261005-01/b01-repair-01/state-01.log:71: trailing whitespace.
+    {
production/evidence/continuous/20261005-01/b01-repair-01/state-01.log:72: trailing whitespace.
+      "gateId": "G-LU-UI-001",
production/evidence/continuous/20261005-01/b01-repair-01/state-01.log:73: trailing whitespace.
+      "baselineStatus": "unresolved",
production/evidence/continuous/20261005-01/b01-repair-01/state-01.log:74: trailing whitespace.
+      "scopedDecisions": []
production/evidence/continuous/20261005-01/b01-repair-01/state-01.log:75: trailing whitespace.
+    },
production/evidence/continuous/20261005-01/b01-repair-01/state-01.log:76: trailing whitespace.
+    {
production/evidence/continuous/20261005-01/b01-repair-01/state-01.log:77: trailing whitespace.
+      "gateId": "G-LU-UI-002",
production/evidence/continuous/20261005-01/b01-repair-01/state-01.log:78: trailing whitespace.
+      "baselineStatus": "unresolved",
production/evidence/continuous/20261005-01/b01-repair-01/state-01.log:79: trailing whitespace.
+      "scopedDecisions": []
production/evidence/continuous/20261005-01/b01-repair-01/state-01.log:80: trailing whitespace.
+    },
production/evidence/continuous/20261005-01/b01-repair-01/state-01.log:81: trailing whitespace.
+    {
production/evidence/continuous/20261005-01/b01-repair-01/state-01.log:82: trailing whitespace.
+      "gateId": "G-LU-UI-003",
production/evidence/continuous/20261005-01/b01-repair-01/state-01.log:83: trailing whitespace.
+      "baselineStatus": "unresolved",
production/evidence/continuous/20261005-01/b01-repair-01/state-01.log:84: trailing whitespace.
+      "scopedDecisions": []
production/evidence/continuous/20261005-01/b01-repair-01/state-01.log:85: trailing whitespace.
+    },
production/evidence/continuous/20261005-01/b01-repair-01/state-01.log:86: trailing whitespace.
+    {
production/evidence/continuous/20261005-01/b01-repair-01/state-01.log:87: trailing whitespace.
+      "gateId": "G-LU-UI-004",
production/evidence/continuous/20261005-01/b01-repair-01/state-01.log:88: trailing whitespace.
+      "baselineStatus": "unresolved",
production/evidence/continuous/20261005-01/b01-repair-01/state-01.log:89: trailing whitespace.
+      "scopedDecisions": []
production/evidence/continuous/20261005-01/b01-repair-01/state-01.log:90: trailing whitespace.
+    },
production/evidence/continuous/20261005-01/b01-repair-01/state-01.log:91: trailing whitespace.
+    {
production/evidence/continuous/20261005-01/b01-repair-01/state-01.log:92: trailing whitespace.
+      "gateId": "G-LU-UI-005",
production/evidence/continuous/20261005-01/b01-repair-01/state-01.log:93: trailing whitespace.
+      "baselineStatus": "unresolved",
production/evidence/continuous/20261005-01/b01-repair-01/state-01.log:94: trailing whitespace.
+      "scopedDecisions": []
production/evidence/continuous/20261005-01/b01-repair-01/state-01.log:95: trailing whitespace.
+    },
production/evidence/continuous/20261005-01/b01-repair-01/state-01.log:96: trailing whitespace.
+    {
production/evidence/continuous/20261005-01/b01-repair-01/state-01.log:97: trailing whitespace.
+      "gateId": "G-LU-UI-006",
production/evidence/continuous/20261005-01/b01-repair-01/state-01.log:98: trailing whitespace.
+      "baselineStatus": "unresolved",
production/evidence/continuous/20261005-01/b01-repair-01/state-01.log:99: trailing whitespace.
+      "scopedDecisions": []
production/evidence/continuous/20261005-01/b01-repair-01/state-01.log:100: trailing whitespace.
+    },
production/evidence/continuous/20261005-01/b01-repair-01/state-01.log:101: trailing whitespace.
+    {
production/evidence/continuous/20261005-01/b01-repair-01/state-01.log:102: trailing whitespace.
+      "gateId": "G-LU-UI-007",
production/evidence/continuous/20261005-01/b01-repair-01/state-01.log:103: trailing whitespace.
+      "baselineStatus": "unresolved",
production/evidence/continuous/20261005-01/b01-repair-01/state-01.log:104: trailing whitespace.
+      "scopedDecisions": []
production/evidence/continuous/20261005-01/b01-repair-01/state-01.log:105: trailing whitespace.
+    },
production/evidence/continuous/20261005-01/b01-repair-01/state-01.log:106: trailing whitespace.
+    {
production/evidence/continuous/20261005-01/b01-repair-01/state-01.log:107: trailing whitespace.
+      "gateId": "G-LU-UI-008",
production/evidence/continuous/20261005-01/b01-repair-01/state-01.log:108: trailing whitespace.
+      "baselineStatus": "unresolved",
production/evidence/continuous/20261005-01/b01-repair-01/state-01.log:109: trailing whitespace.
+      "scopedDecisions": []
production/evidence/continuous/20261005-01/b01-repair-01/state-01.log:110: trailing whitespace.
+    },
production/evidence/continuous/20261005-01/b01-repair-01/state-01.log:111: trailing whitespace.
+    {
production/evidence/continuous/20261005-01/b01-repair-01/state-01.log:112: trailing whitespace.
+      "gateId": "G-LU-UI-009",
production/evidence/continuous/20261005-01/b01-repair-01/state-01.log:113: trailing whitespace.
+      "baselineStatus": "unresolved",
production/evidence/continuous/20261005-01/b01-repair-01/state-01.log:114: trailing whitespace.
+      "scopedDecisions": []
production/evidence/continuous/20261005-01/b01-repair-01/state-01.log:115: trailing whitespace.
+    },
production/evidence/continuous/20261005-01/b01-repair-01/state-01.log:116: trailing whitespace.
+    {
production/evidence/continuous/20261005-01/b01-repair-01/state-01.log:117: trailing whitespace.
+      "gateId": "G-LU-HOST-001",
production/evidence/continuous/20261005-01/b01-repair-01/state-01.log:118: trailing whitespace.
+      "baselineStatus": "unresolved",
production/evidence/continuous/20261005-01/b01-repair-01/state-01.log:119: trailing whitespace.
+      "scopedDecisions": []
production/evidence/continuous/20261005-01/b01-repair-01/state-01.log:120: trailing whitespace.
+    },
production/evidence/continuous/20261005-01/b01-repair-01/state-01.log:121: trailing whitespace.
+    {
production/evidence/continuous/20261005-01/b01-repair-01/state-01.log:122: trailing whitespace.
+      "gateId": "G-LU-HOST-002",
production/evidence/continuous/20261005-01/b01-repair-01/state-01.log:123: trailing whitespace.
+      "baselineStatus": "unresolved",
production/evidence/continuous/20261005-01/b01-repair-01/state-01.log:124: trailing whitespace.
+      "scopedDecisions": []
production/evidence/continuous/20261005-01/b01-repair-01/state-01.log:125: trailing whitespace.
+    },
production/evidence/continuous/20261005-01/b01-repair-01/state-01.log:126: trailing whitespace.
+    {
production/evidence/continuous/20261005-01/b01-repair-01/state-01.log:127: trailing whitespace.
+      "gateId": "G-LU-HOST-003",
production/evidence/continuous/20261005-01/b01-repair-01/state-01.log:128: trailing whitespace.
+      "baselineStatus": "unresolved",
production/evidence/continuous/20261005-01/b01-repair-01/state-01.log:129: trailing whitespace.
+      "scopedDecisions": []
production/evidence/continuous/20261005-01/b01-repair-01/state-01.log:130: trailing whitespace.
+    },
production/evidence/continuous/20261005-01/b01-repair-01/state-01.log:131: trailing whitespace.
+    {
production/evidence/continuous/20261005-01/b01-repair-01/state-01.log:132: trailing whitespace.
+      "gateId": "G-LU-HOST-004",
production/evidence/continuous/20261005-01/b01-repair-01/state-01.log:133: trailing whitespace.
+      "baselineStatus": "unresolved",
production/evidence/continuous/20261005-01/b01-repair-01/state-01.log:134: trailing whitespace.
+      "scopedDecisions": []
production/evidence/continuous/20261005-01/b01-repair-01/state-01.log:135: trailing whitespace.
+    },
production/evidence/continuous/20261005-01/b01-repair-01/state-01.log:136: trailing whitespace.
+    {
production/evidence/continuous/20261005-01/b01-repair-01/state-01.log:137: trailing whitespace.
+      "gateId": "G-LU-HOST-005",
production/evidence/continuous/20261005-01/b01-repair-01/state-01.log:138: trailing whitespace.
+      "baselineStatus": "unresolved",
production/evidence/continuous/20261005-01/b01-repair-01/state-01.log:139: trailing whitespace.
+      "scopedDecisions": []
production/evidence/continuous/20261005-01/b01-repair-01/state-01.log:140: trailing whitespace.
+    },
production/evidence/continuous/20261005-01/b01-repair-01/state-01.log:141: trailing whitespace.
+    {
production/evidence/continuous/20261005-01/b01-repair-01/state-01.log:142: trailing whitespace.
+      "gateId": "G-LU-HOST-006",
production/evidence/continuous/20261005-01/b01-repair-01/state-01.log:143: trailing whitespace.
+      "baselineStatus": "unresolved",
production/evidence/continuous/20261005-01/b01-repair-01/state-01.log:144: trailing whitespace.
+      "scopedDecisions": []
production/evidence/continuous/20261005-01/b01-repair-01/state-01.log:145: trailing whitespace.
+    },
production/evidence/continuous/20261005-01/b01-repair-01/state-01.log:146: trailing whitespace.
+    {
production/evidence/continuous/20261005-01/b01-repair-01/state-01.log:147: trailing whitespace.
+      "gateId": "G-LU-HOST-007",
production/evidence/continuous/20261005-01/b01-repair-01/state-01.log:148: trailing whitespace.
+      "baselineStatus": "unresolved",
production/evidence/continuous/20261005-01/b01-repair-01/state-01.log:149: trailing whitespace.
+      "scopedDecisions": []
production/evidence/continuous/20261005-01/b01-repair-01/state-01.log:150: trailing whitespace.
+    },
production/evidence/continuous/20261005-01/b01-repair-01/state-01.log:151: trailing whitespace.
+    {
production/evidence/continuous/20261005-01/b01-repair-01/state-01.log:152: trailing whitespace.
+      "gateId": "G-LU-HOST-008",
production/evidence/continuous/20261005-01/b01-repair-01/state-01.log:153: trailing whitespace.
+      "baselineStatus": "unresolved",
production/evidence/continuous/20261005-01/b01-repair-01/state-01.log:154: trailing whitespace.
+      "scopedDecisions": []
production/evidence/continuous/20261005-01/b01-repair-01/state-01.log:155: trailing whitespace.
+    },
production/evidence/continuous/20261005-01/b01-repair-01/state-01.log:156: trailing whitespace.
+    {
production/evidence/continuous/20261005-01/b01-repair-01/state-01.log:157: trailing whitespace.
+      "gateId": "G-LU-AUDIT-001",
production/evidence/continuous/20261005-01/b01-repair-01/state-01.log:158: trailing whitespace.
+      "baselineStatus": "unresolved",
production/evidence/continuous/20261005-01/b01-repair-01/state-01.log:159: trailing whitespace.
+      "scopedDecisions": []
production/evidence/continuous/20261005-01/b01-repair-01/state-01.log:160: trailing whitespace.
+    },
production/evidence/continuous/20261005-01/b01-repair-01/state-01.log:161: trailing whitespace.
+    {
production/evidence/continuous/20261005-01/b01-repair-01/state-01.log:162: trailing whitespace.
+      "gateId": "G-LU-AUDIT-002",
production/evidence/continuous/20261005-01/b01-repair-01/state-01.log:163: trailing whitespace.
+      "baselineStatus": "unresolved",
production/evidence/continuous/20261005-01/b01-repair-01/state-01.log:164: trailing whitespace.
+      "scopedDecisions": []
production/evidence/continuous/20261005-01/b01-repair-01/state-01.log:165: trailing whitespace.
+    },
production/evidence/continuous/20261005-01/b01-repair-01/state-01.log:166: trailing whitespace.
+    {
production/evidence/continuous/20261005-01/b01-repair-01/state-01.log:167: trailing whitespace.
+      "gateId": "G-LU-AUDIT-003",
production/evidence/continuous/20261005-01/b01-repair-01/state-01.log:168: trailing whitespace.
+      "baselineStatus": "unresolved",
production/evidence/continuous/20261005-01/b01-repair-01/state-01.log:169: trailing whitespace.
+      "scopedDecisions": []
production/evidence/continuous/20261005-01/b01-repair-01/state-01.log:170: trailing whitespace.
+    },
production/evidence/continuous/20261005-01/b01-repair-01/state-01.log:171: trailing whitespace.
+    {
production/evidence/continuous/20261005-01/b01-repair-01/state-01.log:172: trailing whitespace.
+      "gateId": "G-PD-1",
production/evidence/continuous/20261005-01/b01-repair-01/state-01.log:173: trailing whitespace.
+      "baselineStatus": "unresolved",
production/evidence/continuous/20261005-01/b01-repair-01/state-01.log:174: trailing whitespace.
+      "scopedDecisions": []
production/evidence/continuous/20261005-01/b01-repair-01/state-01.log:175: trailing whitespace.
+    },
production/evidence/continuous/20261005-01/b01-repair-01/state-01.log:176: trailing whitespace.
+    {
production/evidence/continuous/20261005-01/b01-repair-01/state-01.log:177: trailing whitespace.
+      "gateId": "G-PD-2",
production/evidence/continuous/20261005-01/b01-repair-01/state-01.log:178: trailing whitespace.
+      "baselineStatus": "unresolved",
production/evidence/continuous/20261005-01/b01-repair-01/state-01.log:179: trailing whitespace.
+      "scopedDecisions": []
production/evidence/continuous/20261005-01/b01-repair-01/state-01.log:180: trailing whitespace.
+    },
production/evidence/continuous/20261005-01/b01-repair-01/state-01.log:181: trailing whitespace.
+    {
production/evidence/continuous/20261005-01/b01-repair-01/state-01.log:182: trailing whitespace.
+      "gateId": "G-PD-3",
production/evidence/continuous/20261005-01/b01-repair-01/state-01.log:183: trailing whitespace.
+      "baselineStatus": "unresolved",
production/evidence/continuous/20261005-01/b01-repair-01/state-01.log:184: trailing whitespace.
+      "scopedDecisions": []
production/evidence/continuous/20261005-01/b01-repair-01/state-01.log:185: trailing whitespace.
+    },
production/evidence/continuous/20261005-01/b01-repair-01/state-01.log:186: trailing whitespace.
+    {
production/evidence/continuous/20261005-01/b01-repair-01/state-01.log:187: trailing whitespace.
+      "gateId": "G-PD-4A",
production/evidence/continuous/20261005-01/b01-repair-01/state-01.log:188: trailing whitespace.
+      "baselineStatus": "unresolved",
production/evidence/continuous/20261005-01/b01-repair-01/state-01.log:189: trailing whitespace.
+      "scopedDecisions": []
production/evidence/continuous/20261005-01/b01-repair-01/state-01.log:190: trailing whitespace.
+    },
production/evidence/continuous/20261005-01/b01-repair-01/state-01.log:191: trailing whitespace.
+    {
production/evidence/continuous/20261005-01/b01-repair-01/state-01.log:192: trailing whitespace.
+      "gateId": "G-PD-4B",
production/evidence/continuous/20261005-01/b01-repair-01/state-01.log:193: trailing whitespace.
+      "baselineStatus": "unresolved",
production/evidence/continuous/20261005-01/b01-repair-01/state-01.log:194: trailing whitespace.
+      "scopedDecisions": []
production/evidence/continuous/20261005-01/b01-repair-01/state-01.log:195: trailing whitespace.
+    },
production/evidence/continuous/20261005-01/b01-repair-01/state-01.log:196: trailing whitespace.
+    {
production/evidence/continuous/20261005-01/b01-repair-01/state-01.log:197: trailing whitespace.
+      "gateId": "G-VERSION-COMPAT",
production/evidence/continuous/20261005-01/b01-repair-01/state-01.log:198: trailing whitespace.
+      "baselineStatus": "unresolved",
production/evidence/continuous/20261005-01/b01-repair-01/state-01.log:199: trailing whitespace.
+      "scopedDecisions": []
production/evidence/continuous/20261005-01/b01-repair-01/state-01.log:200: trailing whitespace.
+    },
production/evidence/continuous/20261005-01/b01-repair-01/state-01.log:201: trailing whitespace.
+    {
production/evidence/continuous/20261005-01/b01-repair-01/state-01.log:202: trailing whitespace.
+      "gateId": "G-MIXED-HISTORY",
production/evidence/continuous/20261005-01/b01-repair-01/state-01.log:203: trailing whitespace.
+      "baselineStatus": "DEFERRED_BY_PRODUCT_DECISION",
production/evidence/continuous/20261005-01/b01-repair-01/state-01.log:204: trailing whitespace.
+      "scopedDecisions": []
production/evidence/continuous/20261005-01/b01-repair-01/state-01.log:205: trailing whitespace.
+    },
production/evidence/continuous/20261005-01/b01-repair-01/state-01.log:206: trailing whitespace.
+    {
production/evidence/continuous/20261005-01/b01-repair-01/state-01.log:207: trailing whitespace.
+      "gateId": "G-UI-CONFORMANCE",
production/evidence/continuous/20261005-01/b01-repair-01/state-01.log:208: trailing whitespace.
+      "baselineStatus": "unresolved",
production/evidence/continuous/20261005-01/b01-repair-01/state-01.log:209: trailing whitespace.
+      "scopedDecisions": [
production/evidence/continuous/20261005-01/b01-repair-01/state-01.log:210: trailing whitespace.
+        {
production/evidence/continuous/20261005-01/b01-repair-01/state-01.log:211: trailing whitespace.
+          "gateId": "G-UI-CONFORMANCE",
production/evidence/continuous/20261005-01/b01-repair-01/state-01.log:212: trailing whitespace.
+          "scope": "S01 Host-free editor; Linux x64 desktop Chromium 151.0.7922.34, Playwright 1.62.1, 1440x1000; root Inspector; Float/Multiply/Compose; Graph-domain History; GLSL text; grape.document 2.0 ACK-backed save/reopen and JSON file roundtrip; two Contexts. No GPU/Host qualification.",
production/evidence/continuous/20261005-01/b01-repair-01/state-01.log:213: trailing whitespace.
+          "disposition": "resolved-for-scope",
production/evidence/continuous/20261005-01/b01-repair-01/state-01.log:214: trailing whitespace.
+          "reason": "Human Owner accepted the declared S01 product behavior and architecture/conformance evidence after independent targeted re-review PASS. Real Chromium Canvas/Inspector and public composition/command/lifetime evidence cover this S01 scope only.",
production/evidence/continuous/20261005-01/b01-repair-01/state-01.log:215: trailing whitespace.
+          "residualScope": "S06 ordinary-extension/full workspace/nested Inspector; S10; physical touch/iPad/Safari/native OS IME; broader accessibility/platform/action matrices and all other unqualified scopes remain inherited.",
production/evidence/continuous/20261005-01/b01-repair-01/state-01.log:216: trailing whitespace.
+          "evidenceIds": [
production/evidence/continuous/20261005-01/b01-repair-01/state-01.log:217: trailing whitespace.
+            "S01-ARCHITECTURE-c1ecb3c",
production/evidence/continuous/20261005-01/b01-repair-01/state-01.log:218: trailing whitespace.
+            "S01-PRODUCT-c1ecb3c"
production/evidence/continuous/20261005-01/b01-repair-01/state-01.log:219: trailing whitespace.
+          ]
production/evidence/continuous/20261005-01/b01-repair-01/state-01.log:220: trailing whitespace.
+        }
production/evidence/continuous/20261005-01/b01-repair-01/state-01.log:221: trailing whitespace.
+      ]
production/evidence/continuous/20261005-01/b01-repair-01/state-01.log:222: trailing whitespace.
+    },
production/evidence/continuous/20261005-01/b01-repair-01/state-01.log:223: trailing whitespace.
+    {
production/evidence/continuous/20261005-01/b01-repair-01/state-01.log:224: trailing whitespace.
+      "gateId": "G-DEPLOYMENT-CONFORMANCE",
production/evidence/continuous/20261005-01/b01-repair-01/state-01.log:225: trailing whitespace.
+      "baselineStatus": "unresolved",
production/evidence/continuous/20261005-01/b01-repair-01/state-01.log:226: trailing whitespace.
+      "scopedDecisions": []
production/evidence/continuous/20261005-01/b01-repair-01/state-01.log:227: trailing whitespace.
+    },
production/evidence/continuous/20261005-01/b01-repair-01/state-01.log:228: trailing whitespace.
+    {
production/evidence/continuous/20261005-01/b01-repair-01/state-01.log:229: trailing whitespace.
+      "gateId": "G-EXTENSION-PANEL",
production/evidence/continuous/20261005-01/b01-repair-01/state-01.log:230: trailing whitespace.
+      "baselineStatus": "contract-qualified-runtime-unverified",
production/evidence/continuous/20261005-01/b01-repair-01/state-01.log:231: trailing whitespace.
+      "scopedDecisions": [
production/evidence/continuous/20261005-01/b01-repair-01/state-01.log:232: trailing whitespace.
+        {
production/evidence/continuous/20261005-01/b01-repair-01/state-01.log:233: trailing whitespace.
+          "gateId": "G-EXTENSION-PANEL",
production/evidence/continuous/20261005-01/b01-repair-01/state-01.log:234: trailing whitespace.
+          "scope": "S01 Host-free editor; Linux x64 desktop Chromium 151.0.7922.34, Playwright 1.62.1, 1440x1000; root Inspector; Float/Multiply/Compose; Graph-domain History; GLSL text; grape.document 2.0 ACK-backed save/reopen and JSON file roundtrip; two Contexts. No GPU/Host qualification.",
production/evidence/continuous/20261005-01/b01-repair-01/state-01.log:235: trailing whitespace.
+          "disposition": "resolved-for-scope",
production/evidence/continuous/20261005-01/b01-repair-01/state-01.log:236: trailing whitespace.
+          "reason": "Human Owner accepted the declared S01 product behavior and architecture/conformance evidence after independent targeted re-review PASS. Real Chromium Canvas/Inspector and public composition/command/lifetime evidence cover this S01 scope only.",
production/evidence/continuous/20261005-01/b01-repair-01/state-01.log:237: trailing whitespace.
+          "residualScope": "S06 ordinary-extension/full workspace/nested Inspector; S10; physical touch/iPad/Safari/native OS IME; broader accessibility/platform/action matrices and all other unqualified scopes remain inherited.",
production/evidence/continuous/20261005-01/b01-repair-01/state-01.log:238: trailing whitespace.
+          "evidenceIds": [
production/evidence/continuous/20261005-01/b01-repair-01/state-01.log:239: trailing whitespace.
+            "S01-ARCHITECTURE-c1ecb3c",
production/evidence/continuous/20261005-01/b01-repair-01/state-01.log:240: trailing whitespace.
+            "S01-PRODUCT-c1ecb3c"
production/evidence/continuous/20261005-01/b01-repair-01/state-01.log:241: trailing whitespace.
+          ]
production/evidence/continuous/20261005-01/b01-repair-01/state-01.log:242: trailing whitespace.
+        }
production/evidence/continuous/20261005-01/b01-repair-01/state-01.log:243: trailing whitespace.
+      ]
production/evidence/continuous/20261005-01/b01-repair-01/state-01.log:244: trailing whitespace.
+    },
production/evidence/continuous/20261005-01/b01-repair-01/state-01.log:245: trailing whitespace.
+    {
production/evidence/continuous/20261005-01/b01-repair-01/state-01.log:246: trailing whitespace.
+      "gateId": "G-EXTENSION-WIDGET-SCOPE",
production/evidence/continuous/20261005-01/b01-repair-01/state-01.log:247: trailing whitespace.
+      "baselineStatus": "contract-qualified-runtime-unverified",
production/evidence/continuous/20261005-01/b01-repair-01/state-01.log:248: trailing whitespace.
+      "scopedDecisions": []
production/evidence/continuous/20261005-01/b01-repair-01/state-01.log:249: trailing whitespace.
+    },
production/evidence/continuous/20261005-01/b01-repair-01/state-01.log:250: trailing whitespace.
+    {
production/evidence/continuous/20261005-01/b01-repair-01/state-01.log:251: trailing whitespace.
+      "gateId": "G-HANDOFF-CQ-OWNERSHIP",
production/evidence/continuous/20261005-01/b01-repair-01/state-01.log:252: trailing whitespace.
+      "baselineStatus": "unresolved-source-wording-quarantined",
production/evidence/continuous/20261005-01/b01-repair-01/state-01.log:253: trailing whitespace.
+      "scopedDecisions": []
production/evidence/continuous/20261005-01/b01-repair-01/state-01.log:254: trailing whitespace.
+    },
production/evidence/continuous/20261005-01/b01-repair-01/state-01.log:255: trailing whitespace.
+    {
production/evidence/continuous/20261005-01/b01-repair-01/state-01.log:256: trailing whitespace.
+      "gateId": "G-DOCUMENT-STABILITY-COMMITMENT",
production/evidence/continuous/20261005-01/b01-repair-01/state-01.log:257: trailing whitespace.
+      "baselineStatus": "unresolved",
production/evidence/continuous/20261005-01/b01-repair-01/state-01.log:258: trailing whitespace.
+      "scopedDecisions": []
production/evidence/continuous/20261005-01/b01-repair-01/state-01.log:259: trailing whitespace.
+    }
production/evidence/continuous/20261005-01/b01-repair-01/state-01.log:260: trailing whitespace.
+  ],
production/evidence/continuous/20261005-01/b01-repair-01/state-01.log:261: trailing whitespace.
+  "limits": [
production/evidence/continuous/20261005-01/b01-repair-01/state-01.log:262: trailing whitespace.
+    "Structural validation and evidence digests do not authenticate human approval, evidence adequacy, product readiness, or semantic Gate resolution.",
production/evidence/continuous/20261005-01/b01-repair-01/state-01.log:263: trailing whitespace.
+    "Scoped decisions never overwrite frozen Gate/qualification records. Omitted decisions inherit the baseline status."
production/evidence/continuous/20261005-01/b01-repair-01/state-01.log:264: trailing whitespace.
+  ]
production/evidence/continuous/20261005-01/b01-repair-01/state-01.log:265: trailing whitespace.
+}
production/evidence/continuous/20261005-01/b01-repair-01/state-final-01.log:1: trailing whitespace.
+{
production/evidence/continuous/20261005-01/b01-repair-01/state-final-01.log:2: trailing whitespace.
+  "file": "C:\\Users\\user\\source\\Grape\\implementation-state.json",
production/evidence/continuous/20261005-01/b01-repair-01/state-final-01.log:3: trailing whitespace.
+  "status": "CURRENT_RECORD_VALID",
production/evidence/continuous/20261005-01/b01-repair-01/state-final-01.log:4: trailing whitespace.
+  "errors": [],
production/evidence/continuous/20261005-01/b01-repair-01/state-final-01.log:5: trailing whitespace.
+  "inheritedGates": [
production/evidence/continuous/20261005-01/b01-repair-01/state-final-01.log:6: trailing whitespace.
+    {
production/evidence/continuous/20261005-01/b01-repair-01/state-final-01.log:7: trailing whitespace.
+      "gateId": "G-LU-DATA-001",
production/evidence/continuous/20261005-01/b01-repair-01/state-final-01.log:8: trailing whitespace.
+      "baselineStatus": "unresolved",
production/evidence/continuous/20261005-01/b01-repair-01/state-final-01.log:9: trailing whitespace.
+      "scopedDecisions": []
production/evidence/continuous/20261005-01/b01-repair-01/state-final-01.log:10: trailing whitespace.
+    },
production/evidence/continuous/20261005-01/b01-repair-01/state-final-01.log:11: trailing whitespace.
+    {
production/evidence/continuous/20261005-01/b01-repair-01/state-final-01.log:12: trailing whitespace.
+      "gateId": "G-LU-DATA-002",
production/evidence/continuous/20261005-01/b01-repair-01/state-final-01.log:13: trailing whitespace.
+      "baselineStatus": "unresolved",
production/evidence/continuous/20261005-01/b01-repair-01/state-final-01.log:14: trailing whitespace.
+      "scopedDecisions": []
production/evidence/continuous/20261005-01/b01-repair-01/state-final-01.log:15: trailing whitespace.
+    },
production/evidence/continuous/20261005-01/b01-repair-01/state-final-01.log:16: trailing whitespace.
+    {
production/evidence/continuous/20261005-01/b01-repair-01/state-final-01.log:17: trailing whitespace.
+      "gateId": "G-LU-DATA-003",
production/evidence/continuous/20261005-01/b01-repair-01/state-final-01.log:18: trailing whitespace.
+      "baselineStatus": "unresolved",
production/evidence/continuous/20261005-01/b01-repair-01/state-final-01.log:19: trailing whitespace.
+      "scopedDecisions": []
production/evidence/continuous/20261005-01/b01-repair-01/state-final-01.log:20: trailing whitespace.
+    },
production/evidence/continuous/20261005-01/b01-repair-01/state-final-01.log:21: trailing whitespace.
+    {
production/evidence/continuous/20261005-01/b01-repair-01/state-final-01.log:22: trailing whitespace.
+      "gateId": "G-LU-DATA-004",
production/evidence/continuous/20261005-01/b01-repair-01/state-final-01.log:23: trailing whitespace.
+      "baselineStatus": "unresolved",
production/evidence/continuous/20261005-01/b01-repair-01/state-final-01.log:24: trailing whitespace.
+      "scopedDecisions": []
production/evidence/continuous/20261005-01/b01-repair-01/state-final-01.log:25: trailing whitespace.
+    },
production/evidence/continuous/20261005-01/b01-repair-01/state-final-01.log:26: trailing whitespace.
+    {
production/evidence/continuous/20261005-01/b01-repair-01/state-final-01.log:27: trailing whitespace.
+      "gateId": "G-LU-DATA-005",
production/evidence/continuous/20261005-01/b01-repair-01/state-final-01.log:28: trailing whitespace.
+      "baselineStatus": "unresolved",
production/evidence/continuous/20261005-01/b01-repair-01/state-final-01.log:29: trailing whitespace.
+      "scopedDecisions": []
production/evidence/continuous/20261005-01/b01-repair-01/state-final-01.log:30: trailing whitespace.
+    },
production/evidence/continuous/20261005-01/b01-repair-01/state-final-01.log:31: trailing whitespace.
+    {
production/evidence/continuous/20261005-01/b01-repair-01/state-final-01.log:32: trailing whitespace.
+      "gateId": "G-LU-DATA-006",
production/evidence/continuous/20261005-01/b01-repair-01/state-final-01.log:33: trailing whitespace.
+      "baselineStatus": "unresolved",
production/evidence/continuous/20261005-01/b01-repair-01/state-final-01.log:34: trailing whitespace.
+      "scopedDecisions": []
production/evidence/continuous/20261005-01/b01-repair-01/state-final-01.log:35: trailing whitespace.
+    },
production/evidence/continuous/20261005-01/b01-repair-01/state-final-01.log:36: trailing whitespace.
+    {
production/evidence/continuous/20261005-01/b01-repair-01/state-final-01.log:37: trailing whitespace.
+      "gateId": "G-LU-DATA-007",
production/evidence/continuous/20261005-01/b01-repair-01/state-final-01.log:38: trailing whitespace.
+      "baselineStatus": "unresolved",
production/evidence/continuous/20261005-01/b01-repair-01/state-final-01.log:39: trailing whitespace.
+      "scopedDecisions": []
production/evidence/continuous/20261005-01/b01-repair-01/state-final-01.log:40: trailing whitespace.
+    },
production/evidence/continuous/20261005-01/b01-repair-01/state-final-01.log:41: trailing whitespace.
+    {
production/evidence/continuous/20261005-01/b01-repair-01/state-final-01.log:42: trailing whitespace.
+      "gateId": "G-LU-NODE-001",
production/evidence/continuous/20261005-01/b01-repair-01/state-final-01.log:43: trailing whitespace.
+      "baselineStatus": "unresolved",
production/evidence/continuous/20261005-01/b01-repair-01/state-final-01.log:44: trailing whitespace.
+      "scopedDecisions": []
production/evidence/continuous/20261005-01/b01-repair-01/state-final-01.log:45: trailing whitespace.
+    },
production/evidence/continuous/20261005-01/b01-repair-01/state-final-01.log:46: trailing whitespace.
+    {
production/evidence/continuous/20261005-01/b01-repair-01/state-final-01.log:47: trailing whitespace.
+      "gateId": "G-LU-NODE-002",
production/evidence/continuous/20261005-01/b01-repair-01/state-final-01.log:48: trailing whitespace.
+      "baselineStatus": "unresolved",
production/evidence/continuous/20261005-01/b01-repair-01/state-final-01.log:49: trailing whitespace.
+      "scopedDecisions": []
production/evidence/continuous/20261005-01/b01-repair-01/state-final-01.log:50: trailing whitespace.
+    },
production/evidence/continuous/20261005-01/b01-repair-01/state-final-01.log:51: trailing whitespace.
+    {
production/evidence/continuous/20261005-01/b01-repair-01/state-final-01.log:52: trailing whitespace.
+      "gateId": "G-LU-NODE-003",
production/evidence/continuous/20261005-01/b01-repair-01/state-final-01.log:53: trailing whitespace.
+      "baselineStatus": "unresolved",
production/evidence/continuous/20261005-01/b01-repair-01/state-final-01.log:54: trailing whitespace.
+      "scopedDecisions": []
production/evidence/continuous/20261005-01/b01-repair-01/state-final-01.log:55: trailing whitespace.
+    },
production/evidence/continuous/20261005-01/b01-repair-01/state-final-01.log:56: trailing whitespace.
+    {
production/evidence/continuous/20261005-01/b01-repair-01/state-final-01.log:57: trailing whitespace.
+      "gateId": "G-LU-NODE-004",
production/evidence/continuous/20261005-01/b01-repair-01/state-final-01.log:58: trailing whitespace.
+      "baselineStatus": "unresolved",
production/evidence/continuous/20261005-01/b01-repair-01/state-final-01.log:59: trailing whitespace.
+      "scopedDecisions": []
production/evidence/continuous/20261005-01/b01-repair-01/state-final-01.log:60: trailing whitespace.
+    },
production/evidence/continuous/20261005-01/b01-repair-01/state-final-01.log:61: trailing whitespace.
+    {
production/evidence/continuous/20261005-01/b01-repair-01/state-final-01.log:62: trailing whitespace.
+      "gateId": "G-LU-NODE-005",
production/evidence/continuous/20261005-01/b01-repair-01/state-final-01.log:63: trailing whitespace.
+      "baselineStatus": "unresolved",
production/evidence/continuous/20261005-01/b01-repair-01/state-final-01.log:64: trailing whitespace.
+      "scopedDecisions": []
production/evidence/continuous/20261005-01/b01-repair-01/state-final-01.log:65: trailing whitespace.
+    },
production/evidence/continuous/20261005-01/b01-repair-01/state-final-01.log:66: trailing whitespace.
+    {
production/evidence/continuous/20261005-01/b01-repair-01/state-final-01.log:67: trailing whitespace.
+      "gateId": "G-LU-NODE-006",
production/evidence/continuous/20261005-01/b01-repair-01/state-final-01.log:68: trailing whitespace.
+      "baselineStatus": "unresolved",
production/evidence/continuous/20261005-01/b01-repair-01/state-final-01.log:69: trailing whitespace.
+      "scopedDecisions": []
production/evidence/continuous/20261005-01/b01-repair-01/state-final-01.log:70: trailing whitespace.
+    },
production/evidence/continuous/20261005-01/b01-repair-01/state-final-01.log:71: trailing whitespace.
+    {
production/evidence/continuous/20261005-01/b01-repair-01/state-final-01.log:72: trailing whitespace.
+      "gateId": "G-LU-UI-001",
production/evidence/continuous/20261005-01/b01-repair-01/state-final-01.log:73: trailing whitespace.
+      "baselineStatus": "unresolved",
production/evidence/continuous/20261005-01/b01-repair-01/state-final-01.log:74: trailing whitespace.
+      "scopedDecisions": []
production/evidence/continuous/20261005-01/b01-repair-01/state-final-01.log:75: trailing whitespace.
+    },
production/evidence/continuous/20261005-01/b01-repair-01/state-final-01.log:76: trailing whitespace.
+    {
production/evidence/continuous/20261005-01/b01-repair-01/state-final-01.log:77: trailing whitespace.
+      "gateId": "G-LU-UI-002",
production/evidence/continuous/20261005-01/b01-repair-01/state-final-01.log:78: trailing whitespace.
+      "baselineStatus": "unresolved",
production/evidence/continuous/20261005-01/b01-repair-01/state-final-01.log:79: trailing whitespace.
+      "scopedDecisions": []
production/evidence/continuous/20261005-01/b01-repair-01/state-final-01.log:80: trailing whitespace.
+    },
production/evidence/continuous/20261005-01/b01-repair-01/state-final-01.log:81: trailing whitespace.
+    {
production/evidence/continuous/20261005-01/b01-repair-01/state-final-01.log:82: trailing whitespace.
+      "gateId": "G-LU-UI-003",
production/evidence/continuous/20261005-01/b01-repair-01/state-final-01.log:83: trailing whitespace.
+      "baselineStatus": "unresolved",
production/evidence/continuous/20261005-01/b01-repair-01/state-final-01.log:84: trailing whitespace.
+      "scopedDecisions": []
production/evidence/continuous/20261005-01/b01-repair-01/state-final-01.log:85: trailing whitespace.
+    },
production/evidence/continuous/20261005-01/b01-repair-01/state-final-01.log:86: trailing whitespace.
+    {
production/evidence/continuous/20261005-01/b01-repair-01/state-final-01.log:87: trailing whitespace.
+      "gateId": "G-LU-UI-004",
production/evidence/continuous/20261005-01/b01-repair-01/state-final-01.log:88: trailing whitespace.
+      "baselineStatus": "unresolved",
production/evidence/continuous/20261005-01/b01-repair-01/state-final-01.log:89: trailing whitespace.
+      "scopedDecisions": []
production/evidence/continuous/20261005-01/b01-repair-01/state-final-01.log:90: trailing whitespace.
+    },
production/evidence/continuous/20261005-01/b01-repair-01/state-final-01.log:91: trailing whitespace.
+    {
production/evidence/continuous/20261005-01/b01-repair-01/state-final-01.log:92: trailing whitespace.
+      "gateId": "G-LU-UI-005",
production/evidence/continuous/20261005-01/b01-repair-01/state-final-01.log:93: trailing whitespace.
+      "baselineStatus": "unresolved",
production/evidence/continuous/20261005-01/b01-repair-01/state-final-01.log:94: trailing whitespace.
+      "scopedDecisions": []
production/evidence/continuous/20261005-01/b01-repair-01/state-final-01.log:95: trailing whitespace.
+    },
production/evidence/continuous/20261005-01/b01-repair-01/state-final-01.log:96: trailing whitespace.
+    {
production/evidence/continuous/20261005-01/b01-repair-01/state-final-01.log:97: trailing whitespace.
+      "gateId": "G-LU-UI-006",
production/evidence/continuous/20261005-01/b01-repair-01/state-final-01.log:98: trailing whitespace.
+      "baselineStatus": "unresolved",
production/evidence/continuous/20261005-01/b01-repair-01/state-final-01.log:99: trailing whitespace.
+      "scopedDecisions": []
production/evidence/continuous/20261005-01/b01-repair-01/state-final-01.log:100: trailing whitespace.
+    },
production/evidence/continuous/20261005-01/b01-repair-01/state-final-01.log:101: trailing whitespace.
+    {
production/evidence/continuous/20261005-01/b01-repair-01/state-final-01.log:102: trailing whitespace.
+      "gateId": "G-LU-UI-007",
production/evidence/continuous/20261005-01/b01-repair-01/state-final-01.log:103: trailing whitespace.
+      "baselineStatus": "unresolved",
production/evidence/continuous/20261005-01/b01-repair-01/state-final-01.log:104: trailing whitespace.
+      "scopedDecisions": []
production/evidence/continuous/20261005-01/b01-repair-01/state-final-01.log:105: trailing whitespace.
+    },
production/evidence/continuous/20261005-01/b01-repair-01/state-final-01.log:106: trailing whitespace.
+    {
production/evidence/continuous/20261005-01/b01-repair-01/state-final-01.log:107: trailing whitespace.
+      "gateId": "G-LU-UI-008",
production/evidence/continuous/20261005-01/b01-repair-01/state-final-01.log:108: trailing whitespace.
+      "baselineStatus": "unresolved",
production/evidence/continuous/20261005-01/b01-repair-01/state-final-01.log:109: trailing whitespace.
+      "scopedDecisions": []
production/evidence/continuous/20261005-01/b01-repair-01/state-final-01.log:110: trailing whitespace.
+    },
production/evidence/continuous/20261005-01/b01-repair-01/state-final-01.log:111: trailing whitespace.
+    {
production/evidence/continuous/20261005-01/b01-repair-01/state-final-01.log:112: trailing whitespace.
+      "gateId": "G-LU-UI-009",
production/evidence/continuous/20261005-01/b01-repair-01/state-final-01.log:113: trailing whitespace.
+      "baselineStatus": "unresolved",
production/evidence/continuous/20261005-01/b01-repair-01/state-final-01.log:114: trailing whitespace.
+      "scopedDecisions": []
production/evidence/continuous/20261005-01/b01-repair-01/state-final-01.log:115: trailing whitespace.
+    },
production/evidence/continuous/20261005-01/b01-repair-01/state-final-01.log:116: trailing whitespace.
+    {
production/evidence/continuous/20261005-01/b01-repair-01/state-final-01.log:117: trailing whitespace.
+      "gateId": "G-LU-HOST-001",
production/evidence/continuous/20261005-01/b01-repair-01/state-final-01.log:118: trailing whitespace.
+      "baselineStatus": "unresolved",
production/evidence/continuous/20261005-01/b01-repair-01/state-final-01.log:119: trailing whitespace.
+      "scopedDecisions": []
production/evidence/continuous/20261005-01/b01-repair-01/state-final-01.log:120: trailing whitespace.
+    },
production/evidence/continuous/20261005-01/b01-repair-01/state-final-01.log:121: trailing whitespace.
+    {
production/evidence/continuous/20261005-01/b01-repair-01/state-final-01.log:122: trailing whitespace.
+      "gateId": "G-LU-HOST-002",
production/evidence/continuous/20261005-01/b01-repair-01/state-final-01.log:123: trailing whitespace.
+      "baselineStatus": "unresolved",
production/evidence/continuous/20261005-01/b01-repair-01/state-final-01.log:124: trailing whitespace.
+      "scopedDecisions": []
production/evidence/continuous/20261005-01/b01-repair-01/state-final-01.log:125: trailing whitespace.
+    },
production/evidence/continuous/20261005-01/b01-repair-01/state-final-01.log:126: trailing whitespace.
+    {
production/evidence/continuous/20261005-01/b01-repair-01/state-final-01.log:127: trailing whitespace.
+      "gateId": "G-LU-HOST-003",
production/evidence/continuous/20261005-01/b01-repair-01/state-final-01.log:128: trailing whitespace.
+      "baselineStatus": "unresolved",
production/evidence/continuous/20261005-01/b01-repair-01/state-final-01.log:129: trailing whitespace.
+      "scopedDecisions": []
production/evidence/continuous/20261005-01/b01-repair-01/state-final-01.log:130: trailing whitespace.
+    },
production/evidence/continuous/20261005-01/b01-repair-01/state-final-01.log:131: trailing whitespace.
+    {
production/evidence/continuous/20261005-01/b01-repair-01/state-final-01.log:132: trailing whitespace.
+      "gateId": "G-LU-HOST-004",
production/evidence/continuous/20261005-01/b01-repair-01/state-final-01.log:133: trailing whitespace.
+      "baselineStatus": "unresolved",
production/evidence/continuous/20261005-01/b01-repair-01/state-final-01.log:134: trailing whitespace.
+      "scopedDecisions": []
production/evidence/continuous/20261005-01/b01-repair-01/state-final-01.log:135: trailing whitespace.
+    },
production/evidence/continuous/20261005-01/b01-repair-01/state-final-01.log:136: trailing whitespace.
+    {
production/evidence/continuous/20261005-01/b01-repair-01/state-final-01.log:137: trailing whitespace.
+      "gateId": "G-LU-HOST-005",
production/evidence/continuous/20261005-01/b01-repair-01/state-final-01.log:138: trailing whitespace.
+      "baselineStatus": "unresolved",
production/evidence/continuous/20261005-01/b01-repair-01/state-final-01.log:139: trailing whitespace.
+      "scopedDecisions": []
production/evidence/continuous/20261005-01/b01-repair-01/state-final-01.log:140: trailing whitespace.
+    },
production/evidence/continuous/20261005-01/b01-repair-01/state-final-01.log:141: trailing whitespace.
+    {
production/evidence/continuous/20261005-01/b01-repair-01/state-final-01.log:142: trailing whitespace.
+      "gateId": "G-LU-HOST-006",
production/evidence/continuous/20261005-01/b01-repair-01/state-final-01.log:143: trailing whitespace.
+      "baselineStatus": "unresolved",
production/evidence/continuous/20261005-01/b01-repair-01/state-final-01.log:144: trailing whitespace.
+      "scopedDecisions": []
production/evidence/continuous/20261005-01/b01-repair-01/state-final-01.log:145: trailing whitespace.
+    },
production/evidence/continuous/20261005-01/b01-repair-01/state-final-01.log:146: trailing whitespace.
+    {
production/evidence/continuous/20261005-01/b01-repair-01/state-final-01.log:147: trailing whitespace.
+      "gateId": "G-LU-HOST-007",
production/evidence/continuous/20261005-01/b01-repair-01/state-final-01.log:148: trailing whitespace.
+      "baselineStatus": "unresolved",
production/evidence/continuous/20261005-01/b01-repair-01/state-final-01.log:149: trailing whitespace.
+      "scopedDecisions": []
production/evidence/continuous/20261005-01/b01-repair-01/state-final-01.log:150: trailing whitespace.
+    },
production/evidence/continuous/20261005-01/b01-repair-01/state-final-01.log:151: trailing whitespace.
+    {
production/evidence/continuous/20261005-01/b01-repair-01/state-final-01.log:152: trailing whitespace.
+      "gateId": "G-LU-HOST-008",
production/evidence/continuous/20261005-01/b01-repair-01/state-final-01.log:153: trailing whitespace.
+      "baselineStatus": "unresolved",
production/evidence/continuous/20261005-01/b01-repair-01/state-final-01.log:154: trailing whitespace.
+      "scopedDecisions": []
production/evidence/continuous/20261005-01/b01-repair-01/state-final-01.log:155: trailing whitespace.
+    },
production/evidence/continuous/20261005-01/b01-repair-01/state-final-01.log:156: trailing whitespace.
+    {
production/evidence/continuous/20261005-01/b01-repair-01/state-final-01.log:157: trailing whitespace.
+      "gateId": "G-LU-AUDIT-001",
production/evidence/continuous/20261005-01/b01-repair-01/state-final-01.log:158: trailing whitespace.
+      "baselineStatus": "unresolved",
production/evidence/continuous/20261005-01/b01-repair-01/state-final-01.log:159: trailing whitespace.
+      "scopedDecisions": []
production/evidence/continuous/20261005-01/b01-repair-01/state-final-01.log:160: trailing whitespace.
+    },
production/evidence/continuous/20261005-01/b01-repair-01/state-final-01.log:161: trailing whitespace.
+    {
production/evidence/continuous/20261005-01/b01-repair-01/state-final-01.log:162: trailing whitespace.
+      "gateId": "G-LU-AUDIT-002",
production/evidence/continuous/20261005-01/b01-repair-01/state-final-01.log:163: trailing whitespace.
+      "baselineStatus": "unresolved",
production/evidence/continuous/20261005-01/b01-repair-01/state-final-01.log:164: trailing whitespace.
+      "scopedDecisions": []
production/evidence/continuous/20261005-01/b01-repair-01/state-final-01.log:165: trailing whitespace.
+    },
production/evidence/continuous/20261005-01/b01-repair-01/state-final-01.log:166: trailing whitespace.
+    {
production/evidence/continuous/20261005-01/b01-repair-01/state-final-01.log:167: trailing whitespace.
+      "gateId": "G-LU-AUDIT-003",
production/evidence/continuous/20261005-01/b01-repair-01/state-final-01.log:168: trailing whitespace.
+      "baselineStatus": "unresolved",
production/evidence/continuous/20261005-01/b01-repair-01/state-final-01.log:169: trailing whitespace.
+      "scopedDecisions": []
production/evidence/continuous/20261005-01/b01-repair-01/state-final-01.log:170: trailing whitespace.
+    },
production/evidence/continuous/20261005-01/b01-repair-01/state-final-01.log:171: trailing whitespace.
+    {
production/evidence/continuous/20261005-01/b01-repair-01/state-final-01.log:172: trailing whitespace.
+      "gateId": "G-PD-1",
production/evidence/continuous/20261005-01/b01-repair-01/state-final-01.log:173: trailing whitespace.
+      "baselineStatus": "unresolved",
production/evidence/continuous/20261005-01/b01-repair-01/state-final-01.log:174: trailing whitespace.
+      "scopedDecisions": []
production/evidence/continuous/20261005-01/b01-repair-01/state-final-01.log:175: trailing whitespace.
+    },
production/evidence/continuous/20261005-01/b01-repair-01/state-final-01.log:176: trailing whitespace.
+    {
production/evidence/continuous/20261005-01/b01-repair-01/state-final-01.log:177: trailing whitespace.
+      "gateId": "G-PD-2",
production/evidence/continuous/20261005-01/b01-repair-01/state-final-01.log:178: trailing whitespace.
+      "baselineStatus": "unresolved",
production/evidence/continuous/20261005-01/b01-repair-01/state-final-01.log:179: trailing whitespace.
+      "scopedDecisions": []
production/evidence/continuous/20261005-01/b01-repair-01/state-final-01.log:180: trailing whitespace.
+    },
production/evidence/continuous/20261005-01/b01-repair-01/state-final-01.log:181: trailing whitespace.
+    {
production/evidence/continuous/20261005-01/b01-repair-01/state-final-01.log:182: trailing whitespace.
+      "gateId": "G-PD-3",
production/evidence/continuous/20261005-01/b01-repair-01/state-final-01.log:183: trailing whitespace.
+      "baselineStatus": "unresolved",
production/evidence/continuous/20261005-01/b01-repair-01/state-final-01.log:184: trailing whitespace.
+      "scopedDecisions": []
production/evidence/continuous/20261005-01/b01-repair-01/state-final-01.log:185: trailing whitespace.
+    },
production/evidence/continuous/20261005-01/b01-repair-01/state-final-01.log:186: trailing whitespace.
+    {
production/evidence/continuous/20261005-01/b01-repair-01/state-final-01.log:187: trailing whitespace.
+      "gateId": "G-PD-4A",
production/evidence/continuous/20261005-01/b01-repair-01/state-final-01.log:188: trailing whitespace.
+      "baselineStatus": "unresolved",
production/evidence/continuous/20261005-01/b01-repair-01/state-final-01.log:189: trailing whitespace.
+      "scopedDecisions": []
production/evidence/continuous/20261005-01/b01-repair-01/state-final-01.log:190: trailing whitespace.
+    },
production/evidence/continuous/20261005-01/b01-repair-01/state-final-01.log:191: trailing whitespace.
+    {
production/evidence/continuous/20261005-01/b01-repair-01/state-final-01.log:192: trailing whitespace.
+      "gateId": "G-PD-4B",
production/evidence/continuous/20261005-01/b01-repair-01/state-final-01.log:193: trailing whitespace.
+      "baselineStatus": "unresolved",
production/evidence/continuous/20261005-01/b01-repair-01/state-final-01.log:194: trailing whitespace.
+      "scopedDecisions": []
production/evidence/continuous/20261005-01/b01-repair-01/state-final-01.log:195: trailing whitespace.
+    },
production/evidence/continuous/20261005-01/b01-repair-01/state-final-01.log:196: trailing whitespace.
+    {
production/evidence/continuous/20261005-01/b01-repair-01/state-final-01.log:197: trailing whitespace.
+      "gateId": "G-VERSION-COMPAT",
production/evidence/continuous/20261005-01/b01-repair-01/state-final-01.log:198: trailing whitespace.
+      "baselineStatus": "unresolved",
production/evidence/continuous/20261005-01/b01-repair-01/state-final-01.log:199: trailing whitespace.
+      "scopedDecisions": []
production/evidence/continuous/20261005-01/b01-repair-01/state-final-01.log:200: trailing whitespace.
+    },
production/evidence/continuous/20261005-01/b01-repair-01/state-final-01.log:201: trailing whitespace.
+    {
production/evidence/continuous/20261005-01/b01-repair-01/state-final-01.log:202: trailing whitespace.
+      "gateId": "G-MIXED-HISTORY",
production/evidence/continuous/20261005-01/b01-repair-01/state-final-01.log:203: trailing whitespace.
+      "baselineStatus": "DEFERRED_BY_PRODUCT_DECISION",
production/evidence/continuous/20261005-01/b01-repair-01/state-final-01.log:204: trailing whitespace.
+      "scopedDecisions": []
production/evidence/continuous/20261005-01/b01-repair-01/state-final-01.log:205: trailing whitespace.
+    },
production/evidence/continuous/20261005-01/b01-repair-01/state-final-01.log:206: trailing whitespace.
+    {
production/evidence/continuous/20261005-01/b01-repair-01/state-final-01.log:207: trailing whitespace.
+      "gateId": "G-UI-CONFORMANCE",
production/evidence/continuous/20261005-01/b01-repair-01/state-final-01.log:208: trailing whitespace.
+      "baselineStatus": "unresolved",
production/evidence/continuous/20261005-01/b01-repair-01/state-final-01.log:209: trailing whitespace.
+      "scopedDecisions": [
production/evidence/continuous/20261005-01/b01-repair-01/state-final-01.log:210: trailing whitespace.
+        {
production/evidence/continuous/20261005-01/b01-repair-01/state-final-01.log:211: trailing whitespace.
+          "gateId": "G-UI-CONFORMANCE",
production/evidence/continuous/20261005-01/b01-repair-01/state-final-01.log:212: trailing whitespace.
+          "scope": "S01 Host-free editor; Linux x64 desktop Chromium 151.0.7922.34, Playwright 1.62.1, 1440x1000; root Inspector; Float/Multiply/Compose; Graph-domain History; GLSL text; grape.document 2.0 ACK-backed save/reopen and JSON file roundtrip; two Contexts. No GPU/Host qualification.",
production/evidence/continuous/20261005-01/b01-repair-01/state-final-01.log:213: trailing whitespace.
+          "disposition": "resolved-for-scope",
production/evidence/continuous/20261005-01/b01-repair-01/state-final-01.log:214: trailing whitespace.
+          "reason": "Human Owner accepted the declared S01 product behavior and architecture/conformance evidence after independent targeted re-review PASS. Real Chromium Canvas/Inspector and public composition/command/lifetime evidence cover this S01 scope only.",
production/evidence/continuous/20261005-01/b01-repair-01/state-final-01.log:215: trailing whitespace.
+          "residualScope": "S06 ordinary-extension/full workspace/nested Inspector; S10; physical touch/iPad/Safari/native OS IME; broader accessibility/platform/action matrices and all other unqualified scopes remain inherited.",
production/evidence/continuous/20261005-01/b01-repair-01/state-final-01.log:216: trailing whitespace.
+          "evidenceIds": [
production/evidence/continuous/20261005-01/b01-repair-01/state-final-01.log:217: trailing whitespace.
+            "S01-ARCHITECTURE-c1ecb3c",
production/evidence/continuous/20261005-01/b01-repair-01/state-final-01.log:218: trailing whitespace.
+            "S01-PRODUCT-c1ecb3c"
production/evidence/continuous/20261005-01/b01-repair-01/state-final-01.log:219: trailing whitespace.
+          ]
production/evidence/continuous/20261005-01/b01-repair-01/state-final-01.log:220: trailing whitespace.
+        }
production/evidence/continuous/20261005-01/b01-repair-01/state-final-01.log:221: trailing whitespace.
+      ]
production/evidence/continuous/20261005-01/b01-repair-01/state-final-01.log:222: trailing whitespace.
+    },
production/evidence/continuous/20261005-01/b01-repair-01/state-final-01.log:223: trailing whitespace.
+    {
production/evidence/continuous/20261005-01/b01-repair-01/state-final-01.log:224: trailing whitespace.
+      "gateId": "G-DEPLOYMENT-CONFORMANCE",
production/evidence/continuous/20261005-01/b01-repair-01/state-final-01.log:225: trailing whitespace.
+      "baselineStatus": "unresolved",
production/evidence/continuous/20261005-01/b01-repair-01/state-final-01.log:226: trailing whitespace.
+      "scopedDecisions": []
production/evidence/continuous/20261005-01/b01-repair-01/state-final-01.log:227: trailing whitespace.
+    },
production/evidence/continuous/20261005-01/b01-repair-01/state-final-01.log:228: trailing whitespace.
+    {
production/evidence/continuous/20261005-01/b01-repair-01/state-final-01.log:229: trailing whitespace.
+      "gateId": "G-EXTENSION-PANEL",
production/evidence/continuous/20261005-01/b01-repair-01/state-final-01.log:230: trailing whitespace.
+      "baselineStatus": "contract-qualified-runtime-unverified",
production/evidence/continuous/20261005-01/b01-repair-01/state-final-01.log:231: trailing whitespace.
+      "scopedDecisions": [
production/evidence/continuous/20261005-01/b01-repair-01/state-final-01.log:232: trailing whitespace.
+        {
production/evidence/continuous/20261005-01/b01-repair-01/state-final-01.log:233: trailing whitespace.
+          "gateId": "G-EXTENSION-PANEL",
production/evidence/continuous/20261005-01/b01-repair-01/state-final-01.log:234: trailing whitespace.
+          "scope": "S01 Host-free editor; Linux x64 desktop Chromium 151.0.7922.34, Playwright 1.62.1, 1440x1000; root Inspector; Float/Multiply/Compose; Graph-domain History; GLSL text; grape.document 2.0 ACK-backed save/reopen and JSON file roundtrip; two Contexts. No GPU/Host qualification.",
production/evidence/continuous/20261005-01/b01-repair-01/state-final-01.log:235: trailing whitespace.
+          "disposition": "resolved-for-scope",
production/evidence/continuous/20261005-01/b01-repair-01/state-final-01.log:236: trailing whitespace.
+          "reason": "Human Owner accepted the declared S01 product behavior and architecture/conformance evidence after independent targeted re-review PASS. Real Chromium Canvas/Inspector and public composition/command/lifetime evidence cover this S01 scope only.",
production/evidence/continuous/20261005-01/b01-repair-01/state-final-01.log:237: trailing whitespace.
+          "residualScope": "S06 ordinary-extension/full workspace/nested Inspector; S10; physical touch/iPad/Safari/native OS IME; broader accessibility/platform/action matrices and all other unqualified scopes remain inherited.",
production/evidence/continuous/20261005-01/b01-repair-01/state-final-01.log:238: trailing whitespace.
+          "evidenceIds": [
production/evidence/continuous/20261005-01/b01-repair-01/state-final-01.log:239: trailing whitespace.
+            "S01-ARCHITECTURE-c1ecb3c",
production/evidence/continuous/20261005-01/b01-repair-01/state-final-01.log:240: trailing whitespace.
+            "S01-PRODUCT-c1ecb3c"
production/evidence/continuous/20261005-01/b01-repair-01/state-final-01.log:241: trailing whitespace.
+          ]
production/evidence/continuous/20261005-01/b01-repair-01/state-final-01.log:242: trailing whitespace.
+        }
production/evidence/continuous/20261005-01/b01-repair-01/state-final-01.log:243: trailing whitespace.
+      ]
production/evidence/continuous/20261005-01/b01-repair-01/state-final-01.log:244: trailing whitespace.
+    },
production/evidence/continuous/20261005-01/b01-repair-01/state-final-01.log:245: trailing whitespace.
+    {
production/evidence/continuous/20261005-01/b01-repair-01/state-final-01.log:246: trailing whitespace.
+      "gateId": "G-EXTENSION-WIDGET-SCOPE",
production/evidence/continuous/20261005-01/b01-repair-01/state-final-01.log:247: trailing whitespace.
+      "baselineStatus": "contract-qualified-runtime-unverified",
production/evidence/continuous/20261005-01/b01-repair-01/state-final-01.log:248: trailing whitespace.
+      "scopedDecisions": []
production/evidence/continuous/20261005-01/b01-repair-01/state-final-01.log:249: trailing whitespace.
+    },
production/evidence/continuous/20261005-01/b01-repair-01/state-final-01.log:250: trailing whitespace.
+    {
production/evidence/continuous/20261005-01/b01-repair-01/state-final-01.log:251: trailing whitespace.
+      "gateId": "G-HANDOFF-CQ-OWNERSHIP",
production/evidence/continuous/20261005-01/b01-repair-01/state-final-01.log:252: trailing whitespace.
+      "baselineStatus": "unresolved-source-wording-quarantined",
production/evidence/continuous/20261005-01/b01-repair-01/state-final-01.log:253: trailing whitespace.
+      "scopedDecisions": []
production/evidence/continuous/20261005-01/b01-repair-01/state-final-01.log:254: trailing whitespace.
+    },
production/evidence/continuous/20261005-01/b01-repair-01/state-final-01.log:255: trailing whitespace.
+    {
production/evidence/continuous/20261005-01/b01-repair-01/state-final-01.log:256: trailing whitespace.
+      "gateId": "G-DOCUMENT-STABILITY-COMMITMENT",
production/evidence/continuous/20261005-01/b01-repair-01/state-final-01.log:257: trailing whitespace.
+      "baselineStatus": "unresolved",
production/evidence/continuous/20261005-01/b01-repair-01/state-final-01.log:258: trailing whitespace.
+      "scopedDecisions": []
production/evidence/continuous/20261005-01/b01-repair-01/state-final-01.log:259: trailing whitespace.
+    }
production/evidence/continuous/20261005-01/b01-repair-01/state-final-01.log:260: trailing whitespace.
+  ],
production/evidence/continuous/20261005-01/b01-repair-01/state-final-01.log:261: trailing whitespace.
+  "limits": [
production/evidence/continuous/20261005-01/b01-repair-01/state-final-01.log:262: trailing whitespace.
+    "Structural validation and evidence digests do not authenticate human approval, evidence adequacy, product readiness, or semantic Gate resolution.",
production/evidence/continuous/20261005-01/b01-repair-01/state-final-01.log:263: trailing whitespace.
+    "Scoped decisions never overwrite frozen Gate/qualification records. Omitted decisions inherit the baseline status."
production/evidence/continuous/20261005-01/b01-repair-01/state-final-01.log:264: trailing whitespace.
+  ]
production/evidence/continuous/20261005-01/b01-repair-01/state-final-01.log:265: trailing whitespace.
+}
production/evidence/continuous/20261005-01/b01-repair-01/typecheck-01.log:1: trailing whitespace.
+
production/evidence/continuous/20261005-01/b01-repair-01/typecheck-01.log:2: trailing whitespace.
+> grape-s01@0.1.0 typecheck
production/evidence/continuous/20261005-01/b01-repair-01/typecheck-01.log:3: trailing whitespace.
+> node tools/runtime.mjs && tsc --noEmit
production/evidence/continuous/20261005-01/b01-repair-01/typecheck-01.log:4: trailing whitespace.
+
production/evidence/continuous/20261005-01/b01-repair-01/typecheck-01.log:5: trailing whitespace.
+npm notice
production/evidence/continuous/20261005-01/b01-repair-01/typecheck-01.log:6: trailing whitespace.
+npm notice New minor version of npm available! 11.8.0 -> 11.21.0
production/evidence/continuous/20261005-01/b01-repair-01/typecheck-01.log:7: trailing whitespace.
+npm notice Changelog: https://github.com/npm/cli/releases/tag/v11.21.0
production/evidence/continuous/20261005-01/b01-repair-01/typecheck-01.log:8: trailing whitespace.
+npm notice To update run: npm install -g npm@11.21.0
production/evidence/continuous/20261005-01/b01-repair-01/typecheck-01.log:9: trailing whitespace.
+npm notice
production/evidence/continuous/20261005-01/b01-repair-01/typecheck-final-01.log:1: trailing whitespace.
+
production/evidence/continuous/20261005-01/b01-repair-01/typecheck-final-01.log:2: trailing whitespace.
+> grape-s01@0.1.0 typecheck
production/evidence/continuous/20261005-01/b01-repair-01/typecheck-final-01.log:3: trailing whitespace.
+> node tools/runtime.mjs && tsc --noEmit
production/evidence/continuous/20261005-01/b01-repair-01/typecheck-final-01.log:4: trailing whitespace.
+
production/evidence/continuous/20261005-01/b01-repair-01/typecheck-final-01.log:5: trailing whitespace.
+npm notice
production/evidence/continuous/20261005-01/b01-repair-01/typecheck-final-01.log:6: trailing whitespace.
+npm notice New minor version of npm available! 11.8.0 -> 11.21.0
production/evidence/continuous/20261005-01/b01-repair-01/typecheck-final-01.log:7: trailing whitespace.
+npm notice Changelog: https://github.com/npm/cli/releases/tag/v11.21.0
production/evidence/continuous/20261005-01/b01-repair-01/typecheck-final-01.log:8: trailing whitespace.
+npm notice To update run: npm install -g npm@11.21.0
production/evidence/continuous/20261005-01/b01-repair-01/typecheck-final-01.log:9: trailing whitespace.
+npm notice
production/evidence/continuous/20261005-01/b01-repair-01/unit-conformance-01.log:1: trailing whitespace.
+
production/evidence/continuous/20261005-01/b01-repair-01/unit-conformance-01.log:2: trailing whitespace.
+> grape-s01@0.1.0 test
production/evidence/continuous/20261005-01/b01-repair-01/unit-conformance-01.log:3: trailing whitespace.
+> node tools/runtime.mjs && node --experimental-transform-types --test --test-isolation=none tests/unit/*.test.ts tests/conformance/*.test.ts
production/evidence/continuous/20261005-01/b01-repair-01/unit-conformance-01.log:4: trailing whitespace.
+
production/evidence/continuous/20261005-01/b01-repair-01/unit-conformance-01.log:5: trailing whitespace.
+✔ production ownership manifest covers every source and rejects mutation/platform/extension violations (1044.5694ms)
production/evidence/continuous/20261005-01/b01-repair-01/unit-conformance-01.log:6: trailing whitespace.
+✔ S02 conformance: replacement uses one public Graph batch, isolates observers and retains two Context identities (11.4107ms)
production/evidence/continuous/20261005-01/b01-repair-01/unit-conformance-01.log:7: trailing whitespace.
+✔ S02 conformance: direct replacement rejects model Error without modifying document/history (2.4713ms)
production/evidence/continuous/20261005-01/b01-repair-01/unit-conformance-01.log:8: trailing whitespace.
+✔ M2: direct replacement atomically rejects malformed position component before publication (1.8267ms)
production/evidence/continuous/20261005-01/b01-repair-01/unit-conformance-01.log:9: trailing whitespace.
+✔ M2: direct replacement atomically rejects malformed position length before publication (1.514ms)
production/evidence/continuous/20261005-01/b01-repair-01/unit-conformance-01.log:10: trailing whitespace.
+✔ M2: direct replacement atomically rejects duplicate recovery IDs before publication (1.7279ms)
production/evidence/continuous/20261005-01/b01-repair-01/unit-conformance-01.log:11: trailing whitespace.
+✔ M2: direct replacement atomically rejects unknown envelope field before publication (1.4895ms)
production/evidence/continuous/20261005-01/b01-repair-01/unit-conformance-01.log:12: trailing whitespace.
+✔ M2: direct replacement atomically rejects unknown node field before publication (1.4809ms)
production/evidence/continuous/20261005-01/b01-repair-01/unit-conformance-01.log:13: trailing whitespace.
+✔ M2: direct replacement atomically rejects unknown endpoint field before publication (1.4902ms)
production/evidence/continuous/20261005-01/b01-repair-01/unit-conformance-01.log:14: trailing whitespace.
+✔ M2: catching invalid replacement cannot publish earlier edits in the same batch (4.3281ms)
production/evidence/continuous/20261005-01/b01-repair-01/unit-conformance-01.log:15: trailing whitespace.
+✔ M2: valid detached replacement publishes once and retains exact Undo/Redo content (3.1376ms)
production/evidence/continuous/20261005-01/b01-repair-01/unit-conformance-01.log:16: trailing whitespace.
+✔ L10N exact owner, parent/default/inline fallback and plain interpolation leave model/history/generation unchanged (1.477ms)
production/evidence/continuous/20261005-01/b01-repair-01/unit-conformance-01.log:17: trailing whitespace.
+✔ L10N atomic duplicate/malformed rejection, revision CAS and immutable detached catalogs (0.3622ms)
production/evidence/continuous/20261005-01/b01-repair-01/unit-conformance-01.log:18: trailing whitespace.
+✔ L10N observer errors/reentry are isolated, cleanup cancels later delivery, disposed service rejects (0.1614ms)
production/evidence/continuous/20261005-01/b01-repair-01/unit-conformance-01.log:19: trailing whitespace.
+✔ PC authority: declaration is not grant; render/async/outside event denied, same mounted event succeeds (4.0154ms)
production/evidence/continuous/20261005-01/b01-repair-01/unit-conformance-01.log:20: trailing whitespace.
+✔ PC gesture: origin guard, one operation, cross-Panel lease rejection and latest lease required (3.8687ms)
production/evidence/continuous/20261005-01/b01-repair-01/unit-conformance-01.log:21: trailing whitespace.
+✔ PC move/hide cancel pointer gesture and drain new leases before workspace action returns (8.3611ms)
production/evidence/continuous/20261005-01/b01-repair-01/unit-conformance-01.log:22: trailing whitespace.
+✔ PC render failure cancels only unfinished operation after publication, with no reentrant mutation (2.827ms)
production/evidence/continuous/20261005-01/b01-repair-01/unit-conformance-01.log:23: trailing whitespace.
+✔ PC same ID reuse and old scope registrations remain revoked (1.651ms)
production/evidence/continuous/20261005-01/b01-repair-01/unit-conformance-01.log:24: trailing whitespace.
+✔ VM resources: cleanup in reverse order, failure isolation, stale async tickets, no render reentrancy (0.2247ms)
production/evidence/continuous/20261005-01/b01-repair-01/unit-conformance-01.log:25: trailing whitespace.
+✔ two independently registered Panels and two Widget view shapes share lifecycle without feature dispatch (1.027ms)
production/evidence/continuous/20261005-01/b01-repair-01/unit-conformance-01.log:26: trailing whitespace.
+✔ VM mount/capture/update reentrancy revokes scope and preserves placeholder; explicit retry recovers (0.2864ms)
production/evidence/continuous/20261005-01/b01-repair-01/unit-conformance-01.log:27: trailing whitespace.
+✔ VM subscription failure releases acquired subscriptions and cannot pretend to mount (0.1264ms)
production/evidence/continuous/20261005-01/b01-repair-01/unit-conformance-01.log:28: trailing whitespace.
+✔ PC application denies every editing command while readonly or history busy; field binding invalidates (4.0373ms)
production/evidence/continuous/20261005-01/b01-repair-01/unit-conformance-01.log:29: trailing whitespace.
+✔ B01 same-pane movement revokes old scope before placement publication and retains contribution (1.8649ms)
production/evidence/continuous/20261005-01/b01-repair-01/unit-conformance-01.log:30: trailing whitespace.
+✔ B01 PanelRenderer subscription failure rebuilds contribution on explicit retry (0.9044ms)
production/evidence/continuous/20261005-01/b01-repair-01/unit-conformance-01.log:31: trailing whitespace.
+✔ B01 FR02 retry replaces same-ID mount once, rejects stale events and keeps fresh command authority (2.6506ms)
production/evidence/continuous/20261005-01/b01-repair-01/unit-conformance-01.log:32: trailing whitespace.
+✔ B01 group0, positive groups and fixed Canvas routes distinguish activation, hide and close (3.3998ms)
production/evidence/continuous/20261005-01/b01-repair-01/unit-conformance-01.log:33: trailing whitespace.
+✔ B01 direct Context changes and revision update routed targets, unchanged placement does not repeat receive (2.5675ms)
production/evidence/continuous/20261005-01/b01-repair-01/unit-conformance-01.log:34: trailing whitespace.
+✔ B01 close and retarget veto keep logical instances and placement intact (1.5391ms)
production/evidence/continuous/20261005-01/b01-repair-01/unit-conformance-01.log:35: trailing whitespace.
+✔ B01 provider borrowing guards direct disposal; closing releases borrow without deleting Context (0.7782ms)
production/evidence/continuous/20261005-01/b01-repair-01/unit-conformance-01.log:36: trailing whitespace.
+✔ B01 move, float, collapse, hide/show preserve Panel and exported draft; upper slot returns prior owner to dock (0.9906ms)
production/evidence/continuous/20261005-01/b01-repair-01/unit-conformance-01.log:37: trailing whitespace.
+✔ B01 save/restore mints Context and leases, preserves inert identities and no runtime activation (2.9436ms)
production/evidence/continuous/20261005-01/b01-repair-01/unit-conformance-01.log:38: trailing whitespace.
+✔ B01 application restore resolves exact graph/stage/occurrence, never names or first stage (0.9057ms)
production/evidence/continuous/20261005-01/b01-repair-01/unit-conformance-01.log:39: trailing whitespace.
+✔ B01 missing type/version and unresolved target retain opaque data with retry using one registry (1.5709ms)
production/evidence/continuous/20261005-01/b01-repair-01/unit-conformance-01.log:40: trailing whitespace.
+✔ B01 full layout validation refuses malformed candidates before any factory or live mutation (2.7234ms)
production/evidence/continuous/20261005-01/b01-repair-01/unit-conformance-01.log:41: trailing whitespace.
+✔ B01 invalid open/move route does not call factory or change tabs; reentry rejected in factory (0.7983ms)
production/evidence/continuous/20261005-01/b01-repair-01/unit-conformance-01.log:42: trailing whitespace.
+✔ B01 export callback failure is whole-save failure without graph/history changes (0.7087ms)
production/evidence/continuous/20261005-01/b01-repair-01/unit-conformance-01.log:43: trailing whitespace.
+✔ B01 same-ID close/reopen rejects old services and restores detached state only (1.0752ms)
production/evidence/continuous/20261005-01/b01-repair-01/unit-conformance-01.log:44: trailing whitespace.
+✔ B01 tab and group ordering revokes placement while preserving live Panel identity (0.8748ms)
production/evidence/continuous/20261005-01/b01-repair-01/unit-conformance-01.log:45: trailing whitespace.
+✔ B01 restored owned Context survives same-target retarget and receive retry then closes (1.6821ms)
production/evidence/continuous/20261005-01/b01-repair-01/unit-conformance-01.log:46: trailing whitespace.
+✔ B01 FR02 retry guards every lifecycle mutation and isolates observer exceptions (1.2929ms)
production/evidence/continuous/20261005-01/b01-repair-01/unit-conformance-01.log:47: trailing whitespace.
+✔ B01 FR02 failed and successful retry retain owned Context and revoke old services (1.5601ms)
production/evidence/continuous/20261005-01/b01-repair-01/unit-conformance-01.log:48: trailing whitespace.
+✔ B01 FR03 every valid JSON export including null survives layout roundtrip (1.7758ms)
production/evidence/continuous/20261005-01/b01-repair-01/unit-conformance-01.log:49: trailing whitespace.
+✔ B01 FR03 opaque fallback retains null and invalid live exports refuse the complete save (1.4128ms)
production/evidence/continuous/20261005-01/b01-repair-01/unit-conformance-01.log:50: trailing whitespace.
+✔ AT-S01-01: Float × Multiply → Compose emits pinned host-free GLSL without mutation (2.9858ms)
production/evidence/continuous/20261005-01/b01-repair-01/unit-conformance-01.log:51: trailing whitespace.
+✔ AT-S01-02: direction, cross-network, occupied input, cycle and type failures are atomic (1.9336ms)
production/evidence/continuous/20261005-01/b01-repair-01/unit-conformance-01.log:52: trailing whitespace.
+✔ AT-S01-03: mode change captures complete prior ports, edge plans and loss; undo/redo and reload (5.2446ms)
production/evidence/continuous/20261005-01/b01-repair-01/unit-conformance-01.log:53: trailing whitespace.
+✔ AT-S01-04: multi-batch operation, cancel/no-op redo, expired draft and async draft (3.703ms)
production/evidence/continuous/20261005-01/b01-repair-01/unit-conformance-01.log:54: trailing whitespace.
+✔ AT-S01-08: projection before observers, reentrant writes reject and throwing observer does not roll back (1.6957ms)
production/evidence/continuous/20261005-01/b01-repair-01/unit-conformance-01.log:55: trailing whitespace.
+✔ AT-S01-06: contexts share model and clean selection before external observation (2.3365ms)
production/evidence/continuous/20261005-01/b01-repair-01/unit-conformance-01.log:56: trailing whitespace.
+✔ scoped field token rejects value ABA, busy, connected and dead targets; unrelated movement preserves token (5.2569ms)
production/evidence/continuous/20261005-01/b01-repair-01/unit-conformance-01.log:57: trailing whitespace.
+✔ all model errors including unused nodes block generation; fixed definitions and boundaries remain protected (1.7816ms)
production/evidence/continuous/20261005-01/b01-repair-01/unit-conformance-01.log:58: trailing whitespace.
+✔ generation rejects missing/extra declared boundary output even when a module emits an incomplete map (1.7382ms)
production/evidence/continuous/20261005-01/b01-repair-01/unit-conformance-01.log:59: trailing whitespace.
+✔ shared type environment rejects unknown identity and permits explicitly registered nominal types without changing core dispatch (0.4546ms)
production/evidence/continuous/20261005-01/b01-repair-01/unit-conformance-01.log:60: trailing whitespace.
+✔ AT-S01-02: endpoints in two real Stage networks cannot be cross-connected (2.5195ms)
production/evidence/continuous/20261005-01/b01-repair-01/unit-conformance-01.log:61: trailing whitespace.
+✔ unknown Stage slots block generation; duplicate slot identities reject before hydration (3.746ms)
production/evidence/continuous/20261005-01/b01-repair-01/unit-conformance-01.log:62: trailing whitespace.
+✔ M1 reviewer counterexample: float 1e21 generates a valid GLSL floating constant (1.8962ms)
production/evidence/continuous/20261005-01/b01-repair-01/unit-conformance-01.log:63: trailing whitespace.
+✔ M1 reviewer counterexample: multiply 1e21 generates a valid GLSL floating constant (1.7469ms)
production/evidence/continuous/20261005-01/b01-repair-01/unit-conformance-01.log:64: trailing whitespace.
+✔ M1 literal grammar and value roundtrip cover integers, decimals, signs and exponent-form values (0.2251ms)
production/evidence/continuous/20261005-01/b01-repair-01/unit-conformance-01.log:65: trailing whitespace.
+✔ M1 all finite float32 exponent bins and representative mantissas have legal value-preserving literals (1.6883ms)
production/evidence/continuous/20261005-01/b01-repair-01/unit-conformance-01.log:66: trailing whitespace.
+✔ M1 admitted boundary/representative values remain editable and compile through both production literal paths (24.3644ms)
production/evidence/continuous/20261005-01/b01-repair-01/unit-conformance-01.log:67: trailing whitespace.
+✔ AT-S01-05: document identity, complete content, new lifetime/empty history and semantic regeneration (2.307ms)
production/evidence/continuous/20261005-01/b01-repair-01/unit-conformance-01.log:68: trailing whitespace.
+✔ AT-S01-07: ACK of A never marks B saved, rejection and SAVE_BUSY retain baseline; download is separate (3.2446ms)
production/evidence/continuous/20261005-01/b01-repair-01/unit-conformance-01.log:69: trailing whitespace.
+✔ old saved handle cannot attach to same persistent IDs after reload (2.3462ms)
production/evidence/continuous/20261005-01/b01-repair-01/unit-conformance-01.log:70: trailing whitespace.
+✔ wire unknown structure, unsupported version/operation/tag, malformed known data precedence and original retention (2.0616ms)
production/evidence/continuous/20261005-01/b01-repair-01/unit-conformance-01.log:71: trailing whitespace.
+✔ writer refuses executable/hidden values, sparse arrays, nonfinite numbers and altered prototypes without invoking getters (1.4563ms)
production/evidence/continuous/20261005-01/b01-repair-01/unit-conformance-01.log:72: trailing whitespace.
+✔ missing exact module preserves opaque state and last port policy; loss payload is never activated (3.4225ms)
production/evidence/continuous/20261005-01/b01-repair-01/unit-conformance-01.log:73: trailing whitespace.
+✔ forged stored conversion remains saveable but cannot generate (2.028ms)
production/evidence/continuous/20261005-01/b01-repair-01/unit-conformance-01.log:74: trailing whitespace.
+✔ prototype-named unknown structural keys and non-JSON whitespace are not silently accepted (1.9933ms)
production/evidence/continuous/20261005-01/b01-repair-01/unit-conformance-01.log:75: trailing whitespace.
+✔ unrelated edits preserve forged connection evidence rather than silently repairing it (2.2562ms)
production/evidence/continuous/20261005-01/b01-repair-01/unit-conformance-01.log:76: trailing whitespace.
+✔ pending storage open cannot replace a newer edit or document lifetime (1.8343ms)
production/evidence/continuous/20261005-01/b01-repair-01/unit-conformance-01.log:77: trailing whitespace.
+✔ unrelated edits retain explicit invalid-edge evidence even when its stored plan is structurally valid (2.0338ms)
production/evidence/continuous/20261005-01/b01-repair-01/unit-conformance-01.log:78: trailing whitespace.
+✔ AT-S02-04 PNG: CRC oracle, roundtrip, repeated wrapping and unowned chunks preserve bytes (7.4752ms)
production/evidence/continuous/20261005-01/b01-repair-01/unit-conformance-01.log:79: trailing whitespace.
+✔ AT-S02-04 PNG: malformed CRC, missing metadata, duplicate metadata, compression and malformed envelope are named rejections (3.6309ms)
production/evidence/continuous/20261005-01/b01-repair-01/unit-conformance-01.log:80: trailing whitespace.
+✔ AT-S02-04 PNG: structural boundaries, file/chunk/metadata limits and invalid UTF-8 never decode pixels or compressed text (84.2076ms)
production/evidence/continuous/20261005-01/b01-repair-01/unit-conformance-01.log:81: trailing whitespace.
+✔ AT-S02-04 PNG: ASCII/CJK/non-BMP budgets match text intake and preserve canonical graph (126.6875ms)
production/evidence/continuous/20261005-01/b01-repair-01/unit-conformance-01.log:82: trailing whitespace.
+✔ AT-S02-01: detached inspection/cancel/raw retention and one atomic replacement with Context continuity and Undo/Redo (10.1317ms)
production/evidence/continuous/20261005-01/b01-repair-01/unit-conformance-01.log:83: trailing whitespace.
+✔ AT-S02-01: base revision, content, lifetime, readonly, busy and fabricated review fences (16.5761ms)
production/evidence/continuous/20261005-01/b01-repair-01/unit-conformance-01.log:84: trailing whitespace.
+✔ AT-S02-01: invalid/future/duplicate IDs/unknown structure have explicit outcomes and never publish (6.4878ms)
production/evidence/continuous/20261005-01/b01-repair-01/unit-conformance-01.log:85: trailing whitespace.
+✔ AT-S02-01: only explicit layout repair yields a candidate; unknown endpoints/references are never guessed (9.1998ms)
production/evidence/continuous/20261005-01/b01-repair-01/unit-conformance-01.log:86: trailing whitespace.
+✔ AT-S02-01: mismatched exact pins cannot replace the destination; failed replacement is atomic (2.3162ms)
production/evidence/continuous/20261005-01/b01-repair-01/unit-conformance-01.log:87: trailing whitespace.
+✔ AT-S02-02: missing exact module survives move/rename/save/reopen; exact restoration invokes codec and never substitutes latest (7.4318ms)
production/evidence/continuous/20261005-01/b01-repair-01/unit-conformance-01.log:88: trailing whitespace.
+✔ AT-S02-03 boundary: foreign/legacy input is retained with explicit unresolved Gate, never implicit conversion or archive execution (0.6836ms)
production/evidence/continuous/20261005-01/b01-repair-01/unit-conformance-01.log:89: trailing whitespace.
+✔ AT-S02-04: ASCII/CJK/non-BMP UTF-8 exact byte budget produces deterministic results without truncation (24.7213ms)
production/evidence/continuous/20261005-01/b01-repair-01/unit-conformance-01.log:90: trailing whitespace.
+✔ AT-S02-04: network budgets, duplicate JSON keys, unknown nested structure and opaque fields are independently checked (11.8932ms)
production/evidence/continuous/20261005-01/b01-repair-01/unit-conformance-01.log:91: trailing whitespace.
+✔ S03 Group17 retains a draft, compilation rejects per-direction limit, Undo restores original (47.2502ms)
production/evidence/continuous/20261005-01/b01-repair-01/unit-conformance-01.log:92: trailing whitespace.
+✔ S03 64-definition destination rejects independence and imported 65th atomically (1078.8835ms)
production/evidence/continuous/20261005-01/b01-repair-01/unit-conformance-01.log:93: trailing whitespace.
+✔ S03 nested nodes overflow rejects before paste publication (18.0157ms)
production/evidence/continuous/20261005-01/b01-repair-01/unit-conformance-01.log:94: trailing whitespace.
+✔ S03 nested edges overflow rejects before paste publication (18.6911ms)
production/evidence/continuous/20261005-01/b01-repair-01/unit-conformance-01.log:95: trailing whitespace.
+✔ S03 symbolic extents require int/uint sources, only outer dimension and pure compilation (4.278ms)
production/evidence/continuous/20261005-01/b01-repair-01/unit-conformance-01.log:96: trailing whitespace.
+✔ S03 New may retain a 257-node draft; generation and save reject it without losing the draft (96.5249ms)
production/evidence/continuous/20261005-01/b01-repair-01/unit-conformance-01.log:97: trailing whitespace.
+✔ S03 partial frames stay outside clipboard; pasted relative positions retain a common offset (4.5335ms)
production/evidence/continuous/20261005-01/b01-repair-01/unit-conformance-01.log:98: trailing whitespace.
+✔ S03 persisted nested source is preserved while new nested source admission remains rejected (6.4498ms)
production/evidence/continuous/20261005-01/b01-repair-01/unit-conformance-01.log:99: trailing whitespace.
+✔ S03 scalar/vector/matrix sources transfer; composite source reuses only within its source lifetime (22.5493ms)
production/evidence/continuous/20261005-01/b01-repair-01/unit-conformance-01.log:100: trailing whitespace.
+✔ S03 FR01 admitted nested Structure arrays fail ES300 profile without artifacts; one dimension succeeds (6.0262ms)
production/evidence/continuous/20261005-01/b01-repair-01/unit-conformance-01.log:101: trailing whitespace.
+✔ S03 FR02 independence remaps mixed parent and shared child owner references with Undo/Redo (39.3777ms)
production/evidence/continuous/20261005-01/b01-repair-01/unit-conformance-01.log:102: trailing whitespace.
+✔ S03 FR02 independence remaps mixed parent and cloned child owner references with Undo/Redo (42.2756ms)
production/evidence/continuous/20261005-01/b01-repair-01/unit-conformance-01.log:103: trailing whitespace.
+✔ S03 FR02 incomplete shared-child node address rejects independence atomically (9.4857ms)
production/evidence/continuous/20261005-01/b01-repair-01/unit-conformance-01.log:104: trailing whitespace.
+✔ S03 FR03 editing inner Structure validates dependent depth16 and preserves Redo on depth17 rejection (17.1183ms)
production/evidence/continuous/20261005-01/b01-repair-01/unit-conformance-01.log:105: trailing whitespace.
+✔ S03 FR03 affected dependent expansion and vector component budgets reject atomically (3.4281ms)
production/evidence/continuous/20261005-01/b01-repair-01/unit-conformance-01.log:106: trailing whitespace.
+✔ S03 EG01 native array constructor2048, clipboard2048 boundary and same-load reuse (4.8533ms)
production/evidence/continuous/20261005-01/b01-repair-01/unit-conformance-01.log:107: trailing whitespace.
+✔ S03 EG01 native array constructor2049, clipboard2048 boundary and same-load reuse (5.8813ms)
production/evidence/continuous/20261005-01/b01-repair-01/unit-conformance-01.log:108: trailing whitespace.
+✔ S03 EG01 native array constructor4096, clipboard2048 boundary and same-load reuse (6.1119ms)
production/evidence/continuous/20261005-01/b01-repair-01/unit-conformance-01.log:109: trailing whitespace.
+✔ S03 EG01 native array constructor4097 rejects atomically (2.0893ms)
production/evidence/continuous/20261005-01/b01-repair-01/unit-conformance-01.log:110: trailing whitespace.
+✔ S03 EG01 sampler clipboard path2048 admission (3.247ms)
production/evidence/continuous/20261005-01/b01-repair-01/unit-conformance-01.log:111: trailing whitespace.
+✔ S03 EG01 sampler clipboard path2049 admission (3.4786ms)
production/evidence/continuous/20261005-01/b01-repair-01/unit-conformance-01.log:112: trailing whitespace.
+✔ S03 EG01 native arrays admit float/vec2/vec3/vec4 and remap symbolic length closure (19.6992ms)
production/evidence/continuous/20261005-01/b01-repair-01/unit-conformance-01.log:113: trailing whitespace.
+✔ S03 EG01 native arrays reject matrix/nested/expressions and invalid length owner types (8.4542ms)
production/evidence/continuous/20261005-01/b01-repair-01/unit-conformance-01.log:114: trailing whitespace.
+✔ S03 EG01 TOP declarations clone while source+origin slots reuse, defaults persist, and Undo/Redo/save preserve identity (14.4697ms)
production/evidence/continuous/20261005-01/b01-repair-01/unit-conformance-01.log:115: trailing whitespace.
+✔ S03 EG01 specialization import allocates minimal vacant ID0,2 ->1 (4.355ms)
production/evidence/continuous/20261005-01/b01-repair-01/unit-conformance-01.log:116: trailing whitespace.
+✔ S03 EG01 unsupported target, unavailable owner and throwing owner reject without publication (5.3222ms)
production/evidence/continuous/20261005-01/b01-repair-01/unit-conformance-01.log:117: trailing whitespace.
+✔ S03 EG01 numeric uniform scalar/vector/matrix transfer remains independent and generation is explicit unavailable (13.1046ms)
production/evidence/continuous/20261005-01/b01-repair-01/unit-conformance-01.log:118: trailing whitespace.
+✔ S03 FR03 registered resource types cannot become Structure fields (2.0368ms)
production/evidence/continuous/20261005-01/b01-repair-01/unit-conformance-01.log:119: trailing whitespace.
+✔ S03 EG01 exact provider/target ownership and imported descriptor failures stay atomic (4.3994ms)
production/evidence/continuous/20261005-01/b01-repair-01/unit-conformance-01.log:120: trailing whitespace.
+✔ S03 EG01 round2 implicit constant array@["glsl.float",2] preserves same-load reuse and rejects real cross-Graph and fresh-load publication (13.1501ms)
production/evidence/continuous/20261005-01/b01-repair-01/unit-conformance-01.log:121: trailing whitespace.
+✔ S03 EG01 round2 constant array@["glsl.float",2] preserves same-load reuse and rejects real cross-Graph and fresh-load publication (12.185ms)
production/evidence/continuous/20261005-01/b01-repair-01/unit-conformance-01.log:122: trailing whitespace.
+✔ S03 EG01 round2 uniform array@["glsl.float",2] preserves same-load reuse and rejects real cross-Graph and fresh-load publication (9.0609ms)
production/evidence/continuous/20261005-01/b01-repair-01/unit-conformance-01.log:123: trailing whitespace.
+✔ S03 EG01 round2 implicit constant array@["glsl.vec2",2] preserves same-load reuse and rejects real cross-Graph and fresh-load publication (8.9015ms)
production/evidence/continuous/20261005-01/b01-repair-01/unit-conformance-01.log:124: trailing whitespace.
+✔ S03 EG01 round2 constant array@["glsl.vec2",2] preserves same-load reuse and rejects real cross-Graph and fresh-load publication (8.9794ms)
production/evidence/continuous/20261005-01/b01-repair-01/unit-conformance-01.log:125: trailing whitespace.
+✔ S03 EG01 round2 uniform array@["glsl.vec2",2] preserves same-load reuse and rejects real cross-Graph and fresh-load publication (9.8285ms)
production/evidence/continuous/20261005-01/b01-repair-01/unit-conformance-01.log:126: trailing whitespace.
+✔ S03 EG01 round2 scalar/vector/matrix constants and uniforms still cross actual Graph and fresh load (52.5266ms)
production/evidence/continuous/20261005-01/b01-repair-01/unit-conformance-01.log:127: trailing whitespace.
+✔ S03 custom declared/state closure same-Graph remaps identities only and Undo/Redo (11.7559ms)
production/evidence/continuous/20261005-01/b01-repair-01/unit-conformance-01.log:128: trailing whitespace.
+✔ S03 custom declared/state closure cross-Graph remaps identities only and Undo/Redo (9.8713ms)
production/evidence/continuous/20261005-01/b01-repair-01/unit-conformance-01.log:129: trailing whitespace.
+✔ S03 grouping an existing caller preserves child-owned frame node addresses (10.0178ms)
production/evidence/continuous/20261005-01/b01-repair-01/unit-conformance-01.log:130: trailing whitespace.
+✔ S03 owner collect/remap throws and escaping/incomplete references reject atomically with Redo preserved (7.735ms)
production/evidence/continuous/20261005-01/b01-repair-01/unit-conformance-01.log:131: trailing whitespace.
+✔ S03 custom resources follow encapsulation and direct independence, ordinary dependencies remain shared (15.6149ms)
production/evidence/continuous/20261005-01/b01-repair-01/unit-conformance-01.log:132: trailing whitespace.
+✔ S03 encapsulation deduplicates crossing interfaces, shared generation is pure, Undo restores all references (5.5249ms)
production/evidence/continuous/20261005-01/b01-repair-01/unit-conformance-01.log:133: trailing whitespace.
+✔ S03 interface rename/reorder/type/removal reconciles every caller once and Undo restores values/invalid edges/loss (10.533ms)
production/evidence/continuous/20261005-01/b01-repair-01/unit-conformance-01.log:134: trailing whitespace.
+✔ S03 nested resource callers including unused ancestors reconcile child interface (10.6897ms)
production/evidence/continuous/20261005-01/b01-repair-01/unit-conformance-01.log:135: trailing whitespace.
+✔ S03 library position keeps identity, semantic edit forks target and library ancestors and local refs atomically (19.5722ms)
production/evidence/continuous/20261005-01/b01-repair-01/unit-conformance-01.log:136: trailing whitespace.
+✔ S03 direct make independent clones direct definition, shares dependencies and remaps own boundary (18.6022ms)
production/evidence/continuous/20261005-01/b01-repair-01/unit-conformance-01.log:137: trailing whitespace.
+✔ S03 same-load clipboard reuses current source; cross-graph remaps resources and preserves text (6.9921ms)
production/evidence/continuous/20261005-01/b01-repair-01/unit-conformance-01.log:138: trailing whitespace.
+✔ S03 clipboard typed native symbolic array closure remaps only semantic references (4.548ms)
production/evidence/continuous/20261005-01/b01-repair-01/unit-conformance-01.log:139: trailing whitespace.
+✔ S03 late bad edge, escaping refs, forbidden source and missing closure reject without nodes/resources/history/notifications (5.2101ms)
production/evidence/continuous/20261005-01/b01-repair-01/unit-conformance-01.log:140: trailing whitespace.
+✔ S03 source selection stays outside encapsulation; boundary-only grouping is no-op and preserves redo (3.3002ms)
production/evidence/continuous/20261005-01/b01-repair-01/unit-conformance-01.log:141: trailing whitespace.
+✔ S03 structure drafts retain stable fields, reject recursion and block deletion while referenced (1.9564ms)
production/evidence/continuous/20261005-01/b01-repair-01/unit-conformance-01.log:142: trailing whitespace.
+✔ S03 contexts distinguish occurrences; nested scoped targets never revive after navigation and Undo (11.8837ms)
production/evidence/continuous/20261005-01/b01-repair-01/unit-conformance-01.log:143: trailing whitespace.
+✔ S03 library snapshot position edit retains origin, first semantic edit forks and old source remains immutable (6.91ms)
production/evidence/continuous/20261005-01/b01-repair-01/unit-conformance-01.log:144: trailing whitespace.
+✔ S03 nested delete and required boundary protection use the canonical Graph (4.6483ms)
production/evidence/continuous/20261005-01/b01-repair-01/unit-conformance-01.log:145: trailing whitespace.
+✔ S03 library ancestor traversal crosses local parents (26.5267ms)
production/evidence/continuous/20261005-01/b01-repair-01/unit-conformance-01.log:146: trailing whitespace.
+✔ S03 spare-port creation and first edge are one Undo entry with stable keys (6.2562ms)
production/evidence/continuous/20261005-01/b01-repair-01/unit-conformance-01.log:147: trailing whitespace.
+✔ S03 whole frames travel through grouping and cross-Graph clipboard with fresh identities (8.4348ms)
production/evidence/continuous/20261005-01/b01-repair-01/unit-conformance-01.log:148: trailing whitespace.
+✔ S03 vector/matrix reshape retains override components and defaults follow interface defaults (5.2459ms)
production/evidence/continuous/20261005-01/b01-repair-01/unit-conformance-01.log:149: trailing whitespace.
+✔ S03 malformed resource envelopes, missing boundaries and nominal conflicts reject atomically (6.4881ms)
production/evidence/continuous/20261005-01/b01-repair-01/unit-conformance-01.log:150: trailing whitespace.
+✔ S03 source admission cannot be bypassed by nested add, grouping or pasted nodes (4.1ms)
production/evidence/continuous/20261005-01/b01-repair-01/unit-conformance-01.log:151: trailing whitespace.
+✔ S03 layout proposal rejects navigation ABA, semantic fork and Undo (7.9038ms)
production/evidence/continuous/20261005-01/b01-repair-01/unit-conformance-01.log:152: trailing whitespace.
+✔ S03 clipboard rejects forged hydrated plans and invalid edge evidence (2.7978ms)
production/evidence/continuous/20261005-01/b01-repair-01/unit-conformance-01.log:153: trailing whitespace.
+✔ S03 empty library paste preserves origin, selection-independent History and Redo (7.8317ms)
production/evidence/continuous/20261005-01/b01-repair-01/unit-conformance-01.log:154: trailing whitespace.
+✔ S03 packet-wide network identity collisions and malformed reused resource envelopes reject (5.4058ms)
production/evidence/continuous/20261005-01/b01-repair-01/unit-conformance-01.log:155: trailing whitespace.
+✔ S03 source transfer uses actual load identity and reopened documents cannot forge same-load reuse (2.7021ms)
production/evidence/continuous/20261005-01/b01-repair-01/unit-conformance-01.log:156: trailing whitespace.
+✔ S03 structure emission is read-only, nominally declared once, field deletion preserves invalid edges and Undo (5.2786ms)
production/evidence/continuous/20261005-01/b01-repair-01/unit-conformance-01.log:157: trailing whitespace.
+✔ S03 accepted paste requires a valid destination and direct whole frames survive clipboard (3.9585ms)
production/evidence/continuous/20261005-01/b01-repair-01/unit-conformance-01.log:158: trailing whitespace.
+✔ S03 scoped parameters and proposals from identical persistent IDs expire across a new load (7.9466ms)
production/evidence/continuous/20261005-01/b01-repair-01/unit-conformance-01.log:159: trailing whitespace.
+✔ S03 library grouping resolves the forked canonical network (8.1048ms)
production/evidence/continuous/20261005-01/b01-repair-01/unit-conformance-01.log:160: trailing whitespace.
+(node:56160) ExperimentalWarning: Transform Types is an experimental feature and might change at any time
production/evidence/continuous/20261005-01/b01-repair-01/unit-conformance-01.log:161: trailing whitespace.
+(Use `node --trace-warnings ...` to show where the warning was created)
production/evidence/continuous/20261005-01/b01-repair-01/unit-conformance-01.log:162: trailing whitespace.
+✔ S03 local child semantic edit forks its library ancestor (19.3058ms)
production/evidence/continuous/20261005-01/b01-repair-01/unit-conformance-01.log:163: trailing whitespace.
+✔ S03 explicit override equal to default survives interface defaults and save/reload (12.4286ms)
production/evidence/continuous/20261005-01/b01-repair-01/unit-conformance-01.log:164: trailing whitespace.
+✔ S03 direct independence preserves nonowned state, declared references and typed frame resources (13.1136ms)
production/evidence/continuous/20261005-01/b01-repair-01/unit-conformance-01.log:165: trailing whitespace.
+✔ S03 encapsulation rejects cross-scope node references despite matching local IDs (1.674ms)
production/evidence/continuous/20261005-01/b01-repair-01/unit-conformance-01.log:166: trailing whitespace.
+✔ S03 New creates Value vec4 passthrough; shared rename retains instance names and no-op keeps library identity (11.7594ms)
production/evidence/continuous/20261005-01/b01-repair-01/unit-conformance-01.log:167: trailing whitespace.
+✔ S03 explicit interface Add stops at16 per direction without erasing preserved oversized draft (13.6025ms)
production/evidence/continuous/20261005-01/b01-repair-01/unit-conformance-01.log:168: trailing whitespace.
+✔ S03 structure authoring validates count, names, description, nested fixed arrays, recursion/depth and expansion (386.8161ms)
production/evidence/continuous/20261005-01/b01-repair-01/unit-conformance-01.log:169: trailing whitespace.
+✔ S03 large external array declarations survive metadata edits; materialization remains bounded (3.2725ms)
production/evidence/continuous/20261005-01/b01-repair-01/unit-conformance-01.log:170: trailing whitespace.
+✔ S03 type tokens retain eight dimensions and reject extra tuple fields (1.6488ms)
production/evidence/continuous/20261005-01/b01-repair-01/unit-conformance-01.log:171: trailing whitespace.
+✔ S03 disconnected output boundary follows shared output defaults (7.0792ms)
production/evidence/continuous/20261005-01/b01-repair-01/unit-conformance-01.log:172: trailing whitespace.
+✔ S03 inline array construction and same-load reuse allow2049 elements; cross-Graph clipboard rejects composites (17.3582ms)
production/evidence/continuous/20261005-01/b01-repair-01/unit-conformance-01.log:173: trailing whitespace.
+✔ S03 nested input link ABA invalidates old edit tokens without changing History on rejection (15.067ms)
production/evidence/continuous/20261005-01/b01-repair-01/unit-conformance-01.log:174: trailing whitespace.
+✔ S03 shared same-key type changes reject stale caller tokens and removed handles never revive (9.7693ms)
production/evidence/continuous/20261005-01/b01-repair-01/unit-conformance-01.log:175: trailing whitespace.
+✔ S03 cross-Graph nominal closure remaps nested structures and Undo removes the full insertion (4.8804ms)
production/evidence/continuous/20261005-01/b01-repair-01/unit-conformance-01.log:176: trailing whitespace.
+✔ S03 reusable definition cycles reject atomically including unused dependencies (10.7379ms)
production/evidence/continuous/20261005-01/b01-repair-01/unit-conformance-01.log:177: trailing whitespace.
+✔ S04 Personal complete owner payload and typed references survive reuse fork and absent Library source (49.7548ms)
production/evidence/continuous/20261005-01/b01-repair-01/unit-conformance-01.log:178: trailing whitespace.
+✔ S04 DEC004 same-name destination sources retain distinct identity and changed imported bindings regenerate (445.4026ms)
production/evidence/continuous/20261005-01/b01-repair-01/unit-conformance-01.log:179: trailing whitespace.
+✔ S04 Personal malformed envelope checksum and unsupported owner reject before provider writes; list deduplicates renamed files (32.6111ms)
production/evidence/continuous/20261005-01/b01-repair-01/unit-conformance-01.log:180: trailing whitespace.
+✔ S04 DEC002 one-source fanout does not mutate source or existing conversions and pad failures agree (17.8688ms)
production/evidence/continuous/20261005-01/b01-repair-01/unit-conformance-01.log:181: trailing whitespace.
+✔ S04 Personal root owner remap and input-bound Independent retain complete typed scope (87.7483ms)
production/evidence/continuous/20261005-01/b01-repair-01/unit-conformance-01.log:182: trailing whitespace.
+✔ S04 stored inherited v2 and pad plans retain complete extensions through Personal shared import and reopen (27.2476ms)
production/evidence/continuous/20261005-01/b01-repair-01/unit-conformance-01.log:183: trailing whitespace.
+✔ S04 shipped basic Library snapshot compiles after semantic fork and Personal roundtrip (11.2053ms)
production/evidence/continuous/20261005-01/b01-repair-01/unit-conformance-01.log:184: trailing whitespace.
+✔ S04 Personal canonical package preserves snapshots, same-version reuse, independent and collision-safe filenames (28.0847ms)
production/evidence/continuous/20261005-01/b01-repair-01/unit-conformance-01.log:185: trailing whitespace.
+✔ S04 DEC002 all16 default float plans, version fences and current ImageOutput compile (1.2138ms)
production/evidence/continuous/20261005-01/b01-repair-01/unit-conformance-01.log:186: trailing whitespace.
+✔ S04 AC001 additive envelope upgrade retains exact pins and inactive evidence, fences v2 under2.0 (1.196ms)
production/evidence/continuous/20261005-01/b01-repair-01/unit-conformance-01.log:187: trailing whitespace.
+✔ S04 DEC004 literal Personal typed closure survives canonical export import save reopen generation (29.21ms)
production/evidence/continuous/20261005-01/b01-repair-01/unit-conformance-01.log:188: trailing whitespace.
+✔ S04 DEC004 source Personal typed closure survives canonical export import save reopen generation (72.8913ms)
production/evidence/continuous/20261005-01/b01-repair-01/unit-conformance-01.log:189: trailing whitespace.
+✔ S04 DEC004 direct-source Personal typed closure survives canonical export import save reopen generation (34.9449ms)
production/evidence/continuous/20261005-01/b01-repair-01/unit-conformance-01.log:190: trailing whitespace.
+✔ S04 DEC004 input Personal typed closure survives canonical export import save reopen generation (75.7776ms)
production/evidence/continuous/20261005-01/b01-repair-01/unit-conformance-01.log:191: trailing whitespace.
+✔ S04 DEC004 input-bound length uses caller override and rejects conflicting caller sources (21.5653ms)
production/evidence/continuous/20261005-01/b01-repair-01/unit-conformance-01.log:192: trailing whitespace.
+✔ S04 DEC004 nested shared input bindings remap through Personal and remain independent after semantic fork and reinsert (343.8641ms)
production/evidence/continuous/20261005-01/b01-repair-01/unit-conformance-01.log:193: trailing whitespace.
+✔ S04 AC001 inactive owner network resources and unknown wrapper versions preserve the version fence (5.3612ms)
production/evidence/continuous/20261005-01/b01-repair-01/unit-conformance-01.log:194: trailing whitespace.
+✔ S04 DEC004 rejected literal/source/input/nested candidates are atomic through Application with valid checksums (191.9831ms)
production/evidence/continuous/20261005-01/b01-repair-01/unit-conformance-01.log:195: trailing whitespace.
+✔ S04 Personal Library per-file isolation, safe names, duplicate-at-capacity and provider failures leave existing assets unchanged (35.9837ms)
production/evidence/continuous/20261005-01/b01-repair-01/unit-conformance-01.log:196: trailing whitespace.
+✔ S04 AC001 unchanged accepted reader and exact old/new definition boundaries (2.725ms)
production/evidence/continuous/20261005-01/b01-repair-01/unit-conformance-01.log:197: trailing whitespace.
+✔ S04 inherited v2 plans preserve extensions across hydration move clipboard nested and Personal (12.7389ms)
production/evidence/continuous/20261005-01/b01-repair-01/unit-conformance-01.log:198: trailing whitespace.
+✔ S04 current exact source owner supports new image descriptors without retargeting legacy owner (0.8002ms)
production/evidence/continuous/20261005-01/b01-repair-01/unit-conformance-01.log:199: trailing whitespace.
+✔ S04 DEC004 required int length input qualifies with an actual constant supply and changed caller defaults regenerate (89.8175ms)
production/evidence/continuous/20261005-01/b01-repair-01/unit-conformance-01.log:200: trailing whitespace.
+✔ S05 drag repair root reads one fresh snapshot and retains immutable earlier projections (2.6107ms)
production/evidence/continuous/20261005-01/b01-repair-01/unit-conformance-01.log:201: trailing whitespace.
+✔ S05 drag repair nested reads one fresh snapshot and retains immutable earlier projections (8.7075ms)
production/evidence/continuous/20261005-01/b01-repair-01/unit-conformance-01.log:202: trailing whitespace.
+✔ S05 drag repair preserves readonly and busy notification values while movement keeps field token (3.2116ms)
production/evidence/continuous/20261005-01/b01-repair-01/unit-conformance-01.log:203: trailing whitespace.
+✔ S05 replacement eligibility keeps source validity separate and exact mismatch refusal atomic (11.6044ms)
production/evidence/continuous/20261005-01/b01-repair-01/unit-conformance-01.log:204: trailing whitespace.
+✔ S05 matching replacement preserves Graph load and Context identity with one full-content Undo Redo (11.6631ms)
production/evidence/continuous/20261005-01/b01-repair-01/unit-conformance-01.log:205: trailing whitespace.
+✔ S05 replacement eligibility and command retain stale cancelled invalid readonly and fabricated guards (25.8945ms)
production/evidence/continuous/20261005-01/b01-repair-01/unit-conformance-01.log:206: trailing whitespace.
+✔ S05 model preflight and publication share exact kind and ordered-pin refusal without History (3.6821ms)
production/evidence/continuous/20261005-01/b01-repair-01/unit-conformance-01.log:207: trailing whitespace.
+✔ S05-FR-001 complete program preserves distinct and reversed shared Uniform identity in all emission modes (491.5101ms)
production/evidence/continuous/20261005-01/b01-repair-01/unit-conformance-01.log:208: trailing whitespace.
+✔ S05-FR-001 same-stage same resource type conflict fails without artifacts or Graph changes (14.6972ms)
production/evidence/continuous/20261005-01/b01-repair-01/unit-conformance-01.log:209: trailing whitespace.
+✔ S05-FR-001 same-stage same resource default conflict fails without artifacts or Graph changes (13.5123ms)
production/evidence/continuous/20261005-01/b01-repair-01/unit-conformance-01.log:210: trailing whitespace.
+✔ S05-FR-001 cross-stage same resource type conflict fails without artifacts or Graph changes (13.9377ms)
production/evidence/continuous/20261005-01/b01-repair-01/unit-conformance-01.log:211: trailing whitespace.
+✔ S05-FR-001 cross-stage same resource default conflict fails without artifacts or Graph changes (12.8031ms)
production/evidence/continuous/20261005-01/b01-repair-01/unit-conformance-01.log:212: trailing whitespace.
+✔ S05 fixed float: literals inside Function stay constant while formal and result are runtime (33.4341ms)
production/evidence/continuous/20261005-01/b01-repair-01/unit-conformance-01.log:213: trailing whitespace.
+✔ S05 fixed float: defaults fixed schema every stage and mode with pure generation and roundtrip (222.8018ms)
production/evidence/continuous/20261005-01/b01-repair-01/unit-conformance-01.log:214: trailing whitespace.
+✔ S05 fixed float: bad payloads unused errors atomic commands fixed source and constant distinction (3.2168ms)
production/evidence/continuous/20261005-01/b01-repair-01/unit-conformance-01.log:215: trailing whitespace.
+✔ S05 fixed float: scoped two-context edits one Undo and stale token preserve History (6.2172ms)
production/evidence/continuous/20261005-01/b01-repair-01/unit-conformance-01.log:216: trailing whitespace.
+✔ S05 fixed float: shared Function and Personal owner closure retain exact values (17.9961ms)
production/evidence/continuous/20261005-01/b01-repair-01/unit-conformance-01.log:217: trailing whitespace.
+✔ S05 fixed vec2: literals inside Function stay constant while formal and result are runtime (30.8854ms)
production/evidence/continuous/20261005-01/b01-repair-01/unit-conformance-01.log:218: trailing whitespace.
+✔ S05 fixed vec2: defaults fixed schema every stage and mode with pure generation and roundtrip (231.4013ms)
production/evidence/continuous/20261005-01/b01-repair-01/unit-conformance-01.log:219: trailing whitespace.
+✔ S05 fixed vec2: bad payloads unused errors atomic commands fixed source and constant distinction (4.3275ms)
production/evidence/continuous/20261005-01/b01-repair-01/unit-conformance-01.log:220: trailing whitespace.
+✔ S05 fixed vec2: scoped two-context edits one Undo and stale token preserve History (6.3515ms)
production/evidence/continuous/20261005-01/b01-repair-01/unit-conformance-01.log:221: trailing whitespace.
+✔ S05 fixed vec2: shared Function and Personal owner closure retain exact values (18.9379ms)
production/evidence/continuous/20261005-01/b01-repair-01/unit-conformance-01.log:222: trailing whitespace.
+✔ S05 fixed vec3: literals inside Function stay constant while formal and result are runtime (30.7355ms)
production/evidence/continuous/20261005-01/b01-repair-01/unit-conformance-01.log:223: trailing whitespace.
+✔ S05 fixed vec3: defaults fixed schema every stage and mode with pure generation and roundtrip (232.7725ms)
production/evidence/continuous/20261005-01/b01-repair-01/unit-conformance-01.log:224: trailing whitespace.
+✔ S05 fixed vec3: bad payloads unused errors atomic commands fixed source and constant distinction (4.3619ms)
production/evidence/continuous/20261005-01/b01-repair-01/unit-conformance-01.log:225: trailing whitespace.
+✔ S05 fixed vec3: scoped two-context edits one Undo and stale token preserve History (6.0193ms)
production/evidence/continuous/20261005-01/b01-repair-01/unit-conformance-01.log:226: trailing whitespace.
+✔ S05 fixed vec3: shared Function and Personal owner closure retain exact values (19.124ms)
production/evidence/continuous/20261005-01/b01-repair-01/unit-conformance-01.log:227: trailing whitespace.
+✔ S05 fixed color: literals inside Function stay constant while formal and result are runtime (31.6728ms)
production/evidence/continuous/20261005-01/b01-repair-01/unit-conformance-01.log:228: trailing whitespace.
+✔ S05 fixed color: defaults fixed schema every stage and mode with pure generation and roundtrip (234.7396ms)
production/evidence/continuous/20261005-01/b01-repair-01/unit-conformance-01.log:229: trailing whitespace.
+✔ S05 fixed color: bad payloads unused errors atomic commands fixed source and constant distinction (3.9359ms)
production/evidence/continuous/20261005-01/b01-repair-01/unit-conformance-01.log:230: trailing whitespace.
+✔ S05 fixed color: scoped two-context edits one Undo and stale token preserve History (6.0915ms)
production/evidence/continuous/20261005-01/b01-repair-01/unit-conformance-01.log:231: trailing whitespace.
+✔ S05 fixed color: shared Function and Personal owner closure retain exact values (18.6286ms)
production/evidence/continuous/20261005-01/b01-repair-01/unit-conformance-01.log:232: trailing whitespace.
+✔ S05 AT03 source/literal shape extents stay fixed; input-bound scalar extent cannot specialize a function (74.6595ms)
production/evidence/continuous/20261005-01/b01-repair-01/unit-conformance-01.log:233: trailing whitespace.
+✔ S05 AT04 pre-existing malformed constant edge and authored losses are preserved (15.4448ms)
production/evidence/continuous/20261005-01/b01-repair-01/unit-conformance-01.log:234: trailing whitespace.
+✔ S05 AT04 AT05 unused shared dependent definitions localize and detach atomically with Redo exact (56.3644ms)
production/evidence/continuous/20261005-01/b01-repair-01/unit-conformance-01.log:235: trailing whitespace.
+✔ S05 AT08 multioutput and unconsumed nested effects have one evaluation per occurrence and stage-local helpers (37.8019ms)
production/evidence/continuous/20261005-01/b01-repair-01/unit-conformance-01.log:236: trailing whitespace.
+✔ S05 AT08 two live depth writer occurrences reject even when one helper body is deduplicated (16.6186ms)
production/evidence/continuous/20261005-01/b01-repair-01/unit-conformance-01.log:237: trailing whitespace.
+✔ S05 AT01 definition default shared mode independent and no-op History (24.8374ms)
production/evidence/continuous/20261005-01/b01-repair-01/unit-conformance-01.log:238: trailing whitespace.
+✔ S05 AT02 one helper per definition and distinct caller arguments; nested helpers are dependency ordered (30.1747ms)
production/evidence/continuous/20261005-01/b01-repair-01/unit-conformance-01.log:239: trailing whitespace.
+✔ S05 AT03 ordinary inputs are runtime even when all callers pass constants; dead constant uses reject atomically (22.8647ms)
production/evidence/continuous/20261005-01/b01-repair-01/unit-conformance-01.log:240: trailing whitespace.
+✔ S05 AT03 Uniform parameter binding is runtime; ordinary connection rejects constant receiver without publication (15.1589ms)
production/evidence/continuous/20261005-01/b01-repair-01/unit-conformance-01.log:241: trailing whitespace.
+✔ S05 AT04 AT05 transitive newly-invalid consumer edges detach once with losses, Undo/Redo and required error (26.1062ms)
production/evidence/continuous/20261005-01/b01-repair-01/unit-conformance-01.log:242: trailing whitespace.
+✔ S05 AT06 function Personal roundtrip reuses mode, localizes once and preserves source bytes (62.3194ms)
production/evidence/continuous/20261005-01/b01-repair-01/unit-conformance-01.log:243: trailing whitespace.
+✔ S05 AT06 DEC004 upgraded literal source input and nested Personal retain selected eligible modes through exchange (460.1885ms)
production/evidence/continuous/20261005-01/b01-repair-01/unit-conformance-01.log:244: trailing whitespace.
+✔ S05 AT07 explicit owner upgrade preserves old pins/body/origin and unknown mode never defaults (7.9587ms)
production/evidence/continuous/20261005-01/b01-repair-01/unit-conformance-01.log:245: trailing whitespace.
+✔ S05 AT09 later invalid edit and load retain function mode; diagnostic names shared definition and related calls (17.5622ms)
production/evidence/continuous/20261005-01/b01-repair-01/unit-conformance-01.log:246: trailing whitespace.
+✔ S05 AT10 body/mode/profile changes create fresh artifacts and old snapshot is immutable (44.929ms)
production/evidence/continuous/20261005-01/b01-repair-01/unit-conformance-01.log:247: trailing whitespace.
+✔ S05 HTTP provider SHA256 canonical bytes known vectors and secure UUIDv4 fail-closed (37.0258ms)
production/evidence/continuous/20261005-01/b01-repair-01/unit-conformance-01.log:248: trailing whitespace.
+✔ OC01 zero ImageOutput is additive and empty new document compiles and roundtrips (1.6679ms)
production/evidence/continuous/20261005-01/b01-repair-01/unit-conformance-01.log:249: trailing whitespace.
+✔ OC01 old exact ImageOutput pins retain required inputs and missing definitions never fall forward (0.8981ms)
production/evidence/continuous/20261005-01/b01-repair-01/unit-conformance-01.log:250: trailing whitespace.
+✔ OC01 explicit exact kind upgrade preserves IDs edges plans inactive evidence and makes new lifetime (13.2566ms)
production/evidence/continuous/20261005-01/b01-repair-01/unit-conformance-01.log:251: trailing whitespace.
+✔ OC01 upgrade missing destination readonly busy malformed source and owner throws reject atomically (1.5322ms)
production/evidence/continuous/20261005-01/b01-repair-01/unit-conformance-01.log:252: trailing whitespace.
+✔ OC01 new source owner delegates exact image descriptor admission without relaxing old owner (1.2767ms)
production/evidence/continuous/20261005-01/b01-repair-01/unit-conformance-01.log:253: trailing whitespace.
+✔ OC08 shared wire geometry has horizontal endpoints and distance-aware controls for both directions (0.1777ms)
production/evidence/continuous/20261005-01/b01-repair-01/unit-conformance-01.log:254: trailing whitespace.
+✔ OC01 new exact source descriptor closure supports TOP sampler native array construction and cross-load transfer (7.561ms)
production/evidence/continuous/20261005-01/b01-repair-01/unit-conformance-01.log:255: trailing whitespace.
+✔ OC01 owner migration refuses active gesture and throwing callback; source document remains unchanged (1.3676ms)
production/evidence/continuous/20261005-01/b01-repair-01/unit-conformance-01.log:256: trailing whitespace.
+✔ S06 catalog is a detached read over exact document pins and current occurrence stage (3.0481ms)
production/evidence/continuous/20261005-01/b01-repair-01/unit-conformance-01.log:257: trailing whitespace.
+✔ S06 source/name/category literal rank uses NFKC, aliases and all terms without regular expressions (2.3307ms)
production/evidence/continuous/20261005-01/b01-repair-01/unit-conformance-01.log:258: trailing whitespace.
+✔ S06 stale creation proposals reject revision, navigation ABA, load and readonly without model or History writes (10.6274ms)
production/evidence/continuous/20261005-01/b01-repair-01/unit-conformance-01.log:259: trailing whitespace.
+✔ S06 connected creation replaces an occupied exact input atomically and Undo restores it (19.6837ms)
production/evidence/continuous/20261005-01/b01-repair-01/unit-conformance-01.log:260: trailing whitespace.
+✔ S06 query disposable IDs do not collide with admitted persistent IDs and consume no canonical identity (4.6401ms)
production/evidence/continuous/20261005-01/b01-repair-01/unit-conformance-01.log:261: trailing whitespace.
+✔ S06 forged reference and mismatched matching-port proposals reject before any model publication (39.7653ms)
production/evidence/continuous/20261005-01/b01-repair-01/unit-conformance-01.log:262: trailing whitespace.
+✔ S06 reference catalog excludes nested source admission without publishing query changes (19.0697ms)
production/evidence/continuous/20261005-01/b01-repair-01/unit-conformance-01.log:263: trailing whitespace.
+✔ S06 configured Compose preview and published schema/edge agree in one transaction and one Undo/Redo (65.1782ms)
production/evidence/continuous/20261005-01/b01-repair-01/unit-conformance-01.log:264: trailing whitespace.
+✔ S06 configured creation rejects invalid missing and non-choice parameters atomically preserving Redo and expired Draft (2.796ms)
production/evidence/continuous/20261005-01/b01-repair-01/unit-conformance-01.log:265: trailing whitespace.
+✔ S06 configured creation preserves library fork/reference atomicity and rolls back a rejected choice (6.648ms)
production/evidence/continuous/20261005-01/b01-repair-01/unit-conformance-01.log:266: trailing whitespace.
+✔ S06 configured creation keeps initializer descriptor, owner codec and reference validation before publication (2.5368ms)
production/evidence/continuous/20261005-01/b01-repair-01/unit-conformance-01.log:267: trailing whitespace.
+✔ S06 configured creation followed by failed connection rolls back the full batch (0.6362ms)
production/evidence/continuous/20261005-01/b01-repair-01/unit-conformance-01.log:268: trailing whitespace.
+✔ M1: missing-module boundary x rename rejects save before ACK without data loss (17.7076ms)
production/evidence/continuous/20261005-01/b01-repair-01/unit-conformance-01.log:269: trailing whitespace.
+✔ M1: missing-module boundary 中 rename rejects save before ACK without data loss (12.6736ms)
production/evidence/continuous/20261005-01/b01-repair-01/unit-conformance-01.log:270: trailing whitespace.
+✔ M1: missing-module boundary 🍇 rename rejects save before ACK without data loss (20.8363ms)
production/evidence/continuous/20261005-01/b01-repair-01/unit-conformance-01.log:271: trailing whitespace.
+✔ M1: compact fallback validates actual emitted bytes at and beyond the budget (9.2965ms)
production/evidence/continuous/20261005-01/b01-repair-01/unit-conformance-01.log:272: trailing whitespace.
+✔ M1: nodes at/beyond network limit obey save/reopen invariant (18.6553ms)
production/evidence/continuous/20261005-01/b01-repair-01/unit-conformance-01.log:273: trailing whitespace.
+✔ M1: edges at/beyond network limit obey save/reopen invariant (35.2385ms)
production/evidence/continuous/20261005-01/b01-repair-01/unit-conformance-01.log:274: trailing whitespace.
+✔ M1: editing beyond network capacity cannot acknowledge a save or erase the previous saved document (83.4933ms)
production/evidence/continuous/20261005-01/b01-repair-01/unit-conformance-01.log:275: trailing whitespace.
+ℹ tests 268
production/evidence/continuous/20261005-01/b01-repair-01/unit-conformance-01.log:276: trailing whitespace.
+ℹ suites 0
production/evidence/continuous/20261005-01/b01-repair-01/unit-conformance-01.log:277: trailing whitespace.
+ℹ pass 268
production/evidence/continuous/20261005-01/b01-repair-01/unit-conformance-01.log:278: trailing whitespace.
+ℹ fail 0
production/evidence/continuous/20261005-01/b01-repair-01/unit-conformance-01.log:279: trailing whitespace.
+ℹ cancelled 0
production/evidence/continuous/20261005-01/b01-repair-01/unit-conformance-01.log:280: trailing whitespace.
+ℹ skipped 0
production/evidence/continuous/20261005-01/b01-repair-01/unit-conformance-01.log:281: trailing whitespace.
+ℹ todo 0
production/evidence/continuous/20261005-01/b01-repair-01/unit-conformance-01.log:282: trailing whitespace.
+ℹ duration_ms 8958.6794
production/evidence/continuous/20261005-01/b01-repair-01/unit-conformance-01.log:283: trailing whitespace.
+npm notice
production/evidence/continuous/20261005-01/b01-repair-01/unit-conformance-01.log:284: trailing whitespace.
+npm notice New minor version of npm available! 11.8.0 -> 11.21.0
production/evidence/continuous/20261005-01/b01-repair-01/unit-conformance-01.log:285: trailing whitespace.
+npm notice Changelog: https://github.com/npm/cli/releases/tag/v11.21.0
production/evidence/continuous/20261005-01/b01-repair-01/unit-conformance-01.log:286: trailing whitespace.
+npm notice To update run: npm install -g npm@11.21.0
production/evidence/continuous/20261005-01/b01-repair-01/unit-conformance-01.log:287: trailing whitespace.
+npm notice
production/evidence/continuous/20261005-01/b01-repair-01/unit-conformance-02.log:1: trailing whitespace.
+
production/evidence/continuous/20261005-01/b01-repair-01/unit-conformance-02.log:2: trailing whitespace.
+> grape-s01@0.1.0 test
production/evidence/continuous/20261005-01/b01-repair-01/unit-conformance-02.log:3: trailing whitespace.
+> node tools/runtime.mjs && node --experimental-transform-types --test --test-isolation=none tests/unit/*.test.ts tests/conformance/*.test.ts
production/evidence/continuous/20261005-01/b01-repair-01/unit-conformance-02.log:4: trailing whitespace.
+
production/evidence/continuous/20261005-01/b01-repair-01/unit-conformance-02.log:5: trailing whitespace.
+✔ production ownership manifest covers every source and rejects mutation/platform/extension violations (1266.9885ms)
production/evidence/continuous/20261005-01/b01-repair-01/unit-conformance-02.log:6: trailing whitespace.
+✔ S02 conformance: replacement uses one public Graph batch, isolates observers and retains two Context identities (12.053ms)
production/evidence/continuous/20261005-01/b01-repair-01/unit-conformance-02.log:7: trailing whitespace.
+✔ S02 conformance: direct replacement rejects model Error without modifying document/history (2.617ms)
production/evidence/continuous/20261005-01/b01-repair-01/unit-conformance-02.log:8: trailing whitespace.
+✔ M2: direct replacement atomically rejects malformed position component before publication (1.9129ms)
production/evidence/continuous/20261005-01/b01-repair-01/unit-conformance-02.log:9: trailing whitespace.
+✔ M2: direct replacement atomically rejects malformed position length before publication (1.7004ms)
production/evidence/continuous/20261005-01/b01-repair-01/unit-conformance-02.log:10: trailing whitespace.
+✔ M2: direct replacement atomically rejects duplicate recovery IDs before publication (1.9087ms)
production/evidence/continuous/20261005-01/b01-repair-01/unit-conformance-02.log:11: trailing whitespace.
+✔ M2: direct replacement atomically rejects unknown envelope field before publication (2.3744ms)
production/evidence/continuous/20261005-01/b01-repair-01/unit-conformance-02.log:12: trailing whitespace.
+✔ M2: direct replacement atomically rejects unknown node field before publication (1.853ms)
production/evidence/continuous/20261005-01/b01-repair-01/unit-conformance-02.log:13: trailing whitespace.
+✔ M2: direct replacement atomically rejects unknown endpoint field before publication (1.6211ms)
production/evidence/continuous/20261005-01/b01-repair-01/unit-conformance-02.log:14: trailing whitespace.
+✔ M2: catching invalid replacement cannot publish earlier edits in the same batch (5.2199ms)
production/evidence/continuous/20261005-01/b01-repair-01/unit-conformance-02.log:15: trailing whitespace.
+✔ M2: valid detached replacement publishes once and retains exact Undo/Redo content (4.6977ms)
production/evidence/continuous/20261005-01/b01-repair-01/unit-conformance-02.log:16: trailing whitespace.
+✔ L10N exact owner, parent/default/inline fallback and plain interpolation leave model/history/generation unchanged (2.1434ms)
production/evidence/continuous/20261005-01/b01-repair-01/unit-conformance-02.log:17: trailing whitespace.
+✔ L10N atomic duplicate/malformed rejection, revision CAS and immutable detached catalogs (0.5516ms)
production/evidence/continuous/20261005-01/b01-repair-01/unit-conformance-02.log:18: trailing whitespace.
+✔ L10N observer errors/reentry are isolated, cleanup cancels later delivery, disposed service rejects (0.2593ms)
production/evidence/continuous/20261005-01/b01-repair-01/unit-conformance-02.log:19: trailing whitespace.
+✔ PC authority: declaration is not grant; render/async/outside event denied, same mounted event succeeds (4.4862ms)
production/evidence/continuous/20261005-01/b01-repair-01/unit-conformance-02.log:20: trailing whitespace.
+✔ PC gesture: origin guard, one operation, cross-Panel lease rejection and latest lease required (5.2331ms)
production/evidence/continuous/20261005-01/b01-repair-01/unit-conformance-02.log:21: trailing whitespace.
+✔ PC move/hide cancel pointer gesture and drain new leases before workspace action returns (9.1215ms)
production/evidence/continuous/20261005-01/b01-repair-01/unit-conformance-02.log:22: trailing whitespace.
+✔ PC render failure cancels only unfinished operation after publication, with no reentrant mutation (2.6997ms)
production/evidence/continuous/20261005-01/b01-repair-01/unit-conformance-02.log:23: trailing whitespace.
+✔ PC same ID reuse and old scope registrations remain revoked (1.8503ms)
production/evidence/continuous/20261005-01/b01-repair-01/unit-conformance-02.log:24: trailing whitespace.
+✔ VM resources: cleanup in reverse order, failure isolation, stale async tickets, no render reentrancy (0.2467ms)
production/evidence/continuous/20261005-01/b01-repair-01/unit-conformance-02.log:25: trailing whitespace.
+✔ two independently registered Panels and two Widget view shapes share lifecycle without feature dispatch (0.9568ms)
production/evidence/continuous/20261005-01/b01-repair-01/unit-conformance-02.log:26: trailing whitespace.
+✔ VM mount/capture/update reentrancy revokes scope and preserves placeholder; explicit retry recovers (0.3327ms)
production/evidence/continuous/20261005-01/b01-repair-01/unit-conformance-02.log:27: trailing whitespace.
+✔ VM subscription failure releases acquired subscriptions and cannot pretend to mount (0.1975ms)
production/evidence/continuous/20261005-01/b01-repair-01/unit-conformance-02.log:28: trailing whitespace.
+✔ PC application denies every editing command while readonly or history busy; field binding invalidates (4.6442ms)
production/evidence/continuous/20261005-01/b01-repair-01/unit-conformance-02.log:29: trailing whitespace.
+✔ B01 same-pane movement revokes old scope before placement publication and retains contribution (1.7504ms)
production/evidence/continuous/20261005-01/b01-repair-01/unit-conformance-02.log:30: trailing whitespace.
+✔ B01 PanelRenderer subscription failure rebuilds contribution on explicit retry (0.7694ms)
production/evidence/continuous/20261005-01/b01-repair-01/unit-conformance-02.log:31: trailing whitespace.
+✔ B01 FR02 retry replaces same-ID mount once, rejects stale events and keeps fresh command authority (2.7632ms)
production/evidence/continuous/20261005-01/b01-repair-01/unit-conformance-02.log:32: trailing whitespace.
+✔ B01 group0, positive groups and fixed Canvas routes distinguish activation, hide and close (3.3939ms)
production/evidence/continuous/20261005-01/b01-repair-01/unit-conformance-02.log:33: trailing whitespace.
+✔ B01 direct Context changes and revision update routed targets, unchanged placement does not repeat receive (2.6437ms)
production/evidence/continuous/20261005-01/b01-repair-01/unit-conformance-02.log:34: trailing whitespace.
+✔ B01 close and retarget veto keep logical instances and placement intact (1.75ms)
production/evidence/continuous/20261005-01/b01-repair-01/unit-conformance-02.log:35: trailing whitespace.
+✔ B01 provider borrowing guards direct disposal; closing releases borrow without deleting Context (0.7946ms)
production/evidence/continuous/20261005-01/b01-repair-01/unit-conformance-02.log:36: trailing whitespace.
+✔ B01 move, float, collapse, hide/show preserve Panel and exported draft; upper slot returns prior owner to dock (1.0717ms)
production/evidence/continuous/20261005-01/b01-repair-01/unit-conformance-02.log:37: trailing whitespace.
+✔ B01 save/restore mints Context and leases, preserves inert identities and no runtime activation (2.8703ms)
production/evidence/continuous/20261005-01/b01-repair-01/unit-conformance-02.log:38: trailing whitespace.
+✔ B01 application restore resolves exact graph/stage/occurrence, never names or first stage (0.9224ms)
production/evidence/continuous/20261005-01/b01-repair-01/unit-conformance-02.log:39: trailing whitespace.
+✔ B01 missing type/version and unresolved target retain opaque data with retry using one registry (1.9115ms)
production/evidence/continuous/20261005-01/b01-repair-01/unit-conformance-02.log:40: trailing whitespace.
+✔ B01 full layout validation refuses malformed candidates before any factory or live mutation (3.2069ms)
production/evidence/continuous/20261005-01/b01-repair-01/unit-conformance-02.log:41: trailing whitespace.
+✔ B01 invalid open/move route does not call factory or change tabs; reentry rejected in factory (1.1575ms)
production/evidence/continuous/20261005-01/b01-repair-01/unit-conformance-02.log:42: trailing whitespace.
+✔ B01 export callback failure is whole-save failure without graph/history changes (1.0861ms)
production/evidence/continuous/20261005-01/b01-repair-01/unit-conformance-02.log:43: trailing whitespace.
+✔ B01 same-ID close/reopen rejects old services and restores detached state only (1.3465ms)
production/evidence/continuous/20261005-01/b01-repair-01/unit-conformance-02.log:44: trailing whitespace.
+✔ B01 tab and group ordering revokes placement while preserving live Panel identity (1.2817ms)
production/evidence/continuous/20261005-01/b01-repair-01/unit-conformance-02.log:45: trailing whitespace.
+✔ B01 restored owned Context survives same-target retarget and receive retry then closes (1.7451ms)
production/evidence/continuous/20261005-01/b01-repair-01/unit-conformance-02.log:46: trailing whitespace.
+✔ B01 FR02 retry guards every lifecycle mutation and isolates observer exceptions (1.4422ms)
production/evidence/continuous/20261005-01/b01-repair-01/unit-conformance-02.log:47: trailing whitespace.
+✔ B01 FR02 failed and successful retry retain owned Context and revoke old services (1.8818ms)
production/evidence/continuous/20261005-01/b01-repair-01/unit-conformance-02.log:48: trailing whitespace.
+✔ B01 FR03 every valid JSON export including null survives layout roundtrip (2.1085ms)
production/evidence/continuous/20261005-01/b01-repair-01/unit-conformance-02.log:49: trailing whitespace.
+✔ B01 FR03 opaque fallback retains null and invalid live exports refuse the complete save (1.7829ms)
production/evidence/continuous/20261005-01/b01-repair-01/unit-conformance-02.log:50: trailing whitespace.
+✔ AT-S01-01: Float × Multiply → Compose emits pinned host-free GLSL without mutation (3.3901ms)
production/evidence/continuous/20261005-01/b01-repair-01/unit-conformance-02.log:51: trailing whitespace.
+✔ AT-S01-02: direction, cross-network, occupied input, cycle and type failures are atomic (2.3792ms)
production/evidence/continuous/20261005-01/b01-repair-01/unit-conformance-02.log:52: trailing whitespace.
+✔ AT-S01-03: mode change captures complete prior ports, edge plans and loss; undo/redo and reload (7.9534ms)
production/evidence/continuous/20261005-01/b01-repair-01/unit-conformance-02.log:53: trailing whitespace.
+✔ AT-S01-04: multi-batch operation, cancel/no-op redo, expired draft and async draft (6.0108ms)
production/evidence/continuous/20261005-01/b01-repair-01/unit-conformance-02.log:54: trailing whitespace.
+✔ AT-S01-08: projection before observers, reentrant writes reject and throwing observer does not roll back (1.8139ms)
production/evidence/continuous/20261005-01/b01-repair-01/unit-conformance-02.log:55: trailing whitespace.
+✔ AT-S01-06: contexts share model and clean selection before external observation (2.7426ms)
production/evidence/continuous/20261005-01/b01-repair-01/unit-conformance-02.log:56: trailing whitespace.
+✔ scoped field token rejects value ABA, busy, connected and dead targets; unrelated movement preserves token (5.1781ms)
production/evidence/continuous/20261005-01/b01-repair-01/unit-conformance-02.log:57: trailing whitespace.
+✔ all model errors including unused nodes block generation; fixed definitions and boundaries remain protected (2.5973ms)
production/evidence/continuous/20261005-01/b01-repair-01/unit-conformance-02.log:58: trailing whitespace.
+✔ generation rejects missing/extra declared boundary output even when a module emits an incomplete map (2.6955ms)
production/evidence/continuous/20261005-01/b01-repair-01/unit-conformance-02.log:59: trailing whitespace.
+✔ shared type environment rejects unknown identity and permits explicitly registered nominal types without changing core dispatch (0.4621ms)
production/evidence/continuous/20261005-01/b01-repair-01/unit-conformance-02.log:60: trailing whitespace.
+✔ AT-S01-02: endpoints in two real Stage networks cannot be cross-connected (2.1583ms)
production/evidence/continuous/20261005-01/b01-repair-01/unit-conformance-02.log:61: trailing whitespace.
+✔ unknown Stage slots block generation; duplicate slot identities reject before hydration (3.9711ms)
production/evidence/continuous/20261005-01/b01-repair-01/unit-conformance-02.log:62: trailing whitespace.
+✔ M1 reviewer counterexample: float 1e21 generates a valid GLSL floating constant (2.5504ms)
production/evidence/continuous/20261005-01/b01-repair-01/unit-conformance-02.log:63: trailing whitespace.
+✔ M1 reviewer counterexample: multiply 1e21 generates a valid GLSL floating constant (2.2382ms)
production/evidence/continuous/20261005-01/b01-repair-01/unit-conformance-02.log:64: trailing whitespace.
+✔ M1 literal grammar and value roundtrip cover integers, decimals, signs and exponent-form values (0.3304ms)
production/evidence/continuous/20261005-01/b01-repair-01/unit-conformance-02.log:65: trailing whitespace.
+✔ M1 all finite float32 exponent bins and representative mantissas have legal value-preserving literals (2.3094ms)
production/evidence/continuous/20261005-01/b01-repair-01/unit-conformance-02.log:66: trailing whitespace.
+✔ M1 admitted boundary/representative values remain editable and compile through both production literal paths (30.6553ms)
production/evidence/continuous/20261005-01/b01-repair-01/unit-conformance-02.log:67: trailing whitespace.
+✔ AT-S01-05: document identity, complete content, new lifetime/empty history and semantic regeneration (3.1433ms)
production/evidence/continuous/20261005-01/b01-repair-01/unit-conformance-02.log:68: trailing whitespace.
+✔ AT-S01-07: ACK of A never marks B saved, rejection and SAVE_BUSY retain baseline; download is separate (3.8255ms)
production/evidence/continuous/20261005-01/b01-repair-01/unit-conformance-02.log:69: trailing whitespace.
+✔ old saved handle cannot attach to same persistent IDs after reload (2.2051ms)
production/evidence/continuous/20261005-01/b01-repair-01/unit-conformance-02.log:70: trailing whitespace.
+✔ wire unknown structure, unsupported version/operation/tag, malformed known data precedence and original retention (2.1533ms)
production/evidence/continuous/20261005-01/b01-repair-01/unit-conformance-02.log:71: trailing whitespace.
+✔ writer refuses executable/hidden values, sparse arrays, nonfinite numbers and altered prototypes without invoking getters (1.5205ms)
production/evidence/continuous/20261005-01/b01-repair-01/unit-conformance-02.log:72: trailing whitespace.
+✔ missing exact module preserves opaque state and last port policy; loss payload is never activated (4.0054ms)
production/evidence/continuous/20261005-01/b01-repair-01/unit-conformance-02.log:73: trailing whitespace.
+✔ forged stored conversion remains saveable but cannot generate (3.3733ms)
production/evidence/continuous/20261005-01/b01-repair-01/unit-conformance-02.log:74: trailing whitespace.
+✔ prototype-named unknown structural keys and non-JSON whitespace are not silently accepted (2.3078ms)
production/evidence/continuous/20261005-01/b01-repair-01/unit-conformance-02.log:75: trailing whitespace.
+✔ unrelated edits preserve forged connection evidence rather than silently repairing it (2.5778ms)
production/evidence/continuous/20261005-01/b01-repair-01/unit-conformance-02.log:76: trailing whitespace.
+✔ pending storage open cannot replace a newer edit or document lifetime (3.019ms)
production/evidence/continuous/20261005-01/b01-repair-01/unit-conformance-02.log:77: trailing whitespace.
+✔ unrelated edits retain explicit invalid-edge evidence even when its stored plan is structurally valid (2.3363ms)
production/evidence/continuous/20261005-01/b01-repair-01/unit-conformance-02.log:78: trailing whitespace.
+✔ AT-S02-04 PNG: CRC oracle, roundtrip, repeated wrapping and unowned chunks preserve bytes (9.2075ms)
production/evidence/continuous/20261005-01/b01-repair-01/unit-conformance-02.log:79: trailing whitespace.
+✔ AT-S02-04 PNG: malformed CRC, missing metadata, duplicate metadata, compression and malformed envelope are named rejections (3.8429ms)
production/evidence/continuous/20261005-01/b01-repair-01/unit-conformance-02.log:80: trailing whitespace.
+✔ AT-S02-04 PNG: structural boundaries, file/chunk/metadata limits and invalid UTF-8 never decode pixels or compressed text (90.5619ms)
production/evidence/continuous/20261005-01/b01-repair-01/unit-conformance-02.log:81: trailing whitespace.
+✔ AT-S02-04 PNG: ASCII/CJK/non-BMP budgets match text intake and preserve canonical graph (136.0003ms)
production/evidence/continuous/20261005-01/b01-repair-01/unit-conformance-02.log:82: trailing whitespace.
+✔ AT-S02-01: detached inspection/cancel/raw retention and one atomic replacement with Context continuity and Undo/Redo (10.5528ms)
production/evidence/continuous/20261005-01/b01-repair-01/unit-conformance-02.log:83: trailing whitespace.
+✔ AT-S02-01: base revision, content, lifetime, readonly, busy and fabricated review fences (18.4196ms)
production/evidence/continuous/20261005-01/b01-repair-01/unit-conformance-02.log:84: trailing whitespace.
+✔ AT-S02-01: invalid/future/duplicate IDs/unknown structure have explicit outcomes and never publish (6.9285ms)
production/evidence/continuous/20261005-01/b01-repair-01/unit-conformance-02.log:85: trailing whitespace.
+✔ AT-S02-01: only explicit layout repair yields a candidate; unknown endpoints/references are never guessed (9.4776ms)
production/evidence/continuous/20261005-01/b01-repair-01/unit-conformance-02.log:86: trailing whitespace.
+✔ AT-S02-01: mismatched exact pins cannot replace the destination; failed replacement is atomic (2.5037ms)
production/evidence/continuous/20261005-01/b01-repair-01/unit-conformance-02.log:87: trailing whitespace.
+✔ AT-S02-02: missing exact module survives move/rename/save/reopen; exact restoration invokes codec and never substitutes latest (8.4738ms)
production/evidence/continuous/20261005-01/b01-repair-01/unit-conformance-02.log:88: trailing whitespace.
+✔ AT-S02-03 boundary: foreign/legacy input is retained with explicit unresolved Gate, never implicit conversion or archive execution (0.806ms)
production/evidence/continuous/20261005-01/b01-repair-01/unit-conformance-02.log:89: trailing whitespace.
+✔ AT-S02-04: ASCII/CJK/non-BMP UTF-8 exact byte budget produces deterministic results without truncation (27.4593ms)
production/evidence/continuous/20261005-01/b01-repair-01/unit-conformance-02.log:90: trailing whitespace.
+✔ AT-S02-04: network budgets, duplicate JSON keys, unknown nested structure and opaque fields are independently checked (12.6729ms)
production/evidence/continuous/20261005-01/b01-repair-01/unit-conformance-02.log:91: trailing whitespace.
+✔ S03 Group17 retains a draft, compilation rejects per-direction limit, Undo restores original (52.6902ms)
production/evidence/continuous/20261005-01/b01-repair-01/unit-conformance-02.log:92: trailing whitespace.
+✔ S03 64-definition destination rejects independence and imported 65th atomically (1169.1769ms)
production/evidence/continuous/20261005-01/b01-repair-01/unit-conformance-02.log:93: trailing whitespace.
+✔ S03 nested nodes overflow rejects before paste publication (17.1086ms)
production/evidence/continuous/20261005-01/b01-repair-01/unit-conformance-02.log:94: trailing whitespace.
+✔ S03 nested edges overflow rejects before paste publication (20.1917ms)
production/evidence/continuous/20261005-01/b01-repair-01/unit-conformance-02.log:95: trailing whitespace.
+✔ S03 symbolic extents require int/uint sources, only outer dimension and pure compilation (5.5852ms)
production/evidence/continuous/20261005-01/b01-repair-01/unit-conformance-02.log:96: trailing whitespace.
+✔ S03 New may retain a 257-node draft; generation and save reject it without losing the draft (103.84ms)
production/evidence/continuous/20261005-01/b01-repair-01/unit-conformance-02.log:97: trailing whitespace.
+✔ S03 partial frames stay outside clipboard; pasted relative positions retain a common offset (4.8682ms)
production/evidence/continuous/20261005-01/b01-repair-01/unit-conformance-02.log:98: trailing whitespace.
+✔ S03 persisted nested source is preserved while new nested source admission remains rejected (6.0876ms)
production/evidence/continuous/20261005-01/b01-repair-01/unit-conformance-02.log:99: trailing whitespace.
+✔ S03 scalar/vector/matrix sources transfer; composite source reuses only within its source lifetime (22.4539ms)
production/evidence/continuous/20261005-01/b01-repair-01/unit-conformance-02.log:100: trailing whitespace.
+✔ S03 FR01 admitted nested Structure arrays fail ES300 profile without artifacts; one dimension succeeds (6.1035ms)
production/evidence/continuous/20261005-01/b01-repair-01/unit-conformance-02.log:101: trailing whitespace.
+✔ S03 FR02 independence remaps mixed parent and shared child owner references with Undo/Redo (42.6179ms)
production/evidence/continuous/20261005-01/b01-repair-01/unit-conformance-02.log:102: trailing whitespace.
+✔ S03 FR02 independence remaps mixed parent and cloned child owner references with Undo/Redo (48.6282ms)
production/evidence/continuous/20261005-01/b01-repair-01/unit-conformance-02.log:103: trailing whitespace.
+✔ S03 FR02 incomplete shared-child node address rejects independence atomically (9.8722ms)
production/evidence/continuous/20261005-01/b01-repair-01/unit-conformance-02.log:104: trailing whitespace.
+✔ S03 FR03 editing inner Structure validates dependent depth16 and preserves Redo on depth17 rejection (16.0975ms)
production/evidence/continuous/20261005-01/b01-repair-01/unit-conformance-02.log:105: trailing whitespace.
+✔ S03 FR03 affected dependent expansion and vector component budgets reject atomically (3.4152ms)
production/evidence/continuous/20261005-01/b01-repair-01/unit-conformance-02.log:106: trailing whitespace.
+✔ S03 EG01 native array constructor2048, clipboard2048 boundary and same-load reuse (4.9072ms)
production/evidence/continuous/20261005-01/b01-repair-01/unit-conformance-02.log:107: trailing whitespace.
+✔ S03 EG01 native array constructor2049, clipboard2048 boundary and same-load reuse (5.7155ms)
production/evidence/continuous/20261005-01/b01-repair-01/unit-conformance-02.log:108: trailing whitespace.
+✔ S03 EG01 native array constructor4096, clipboard2048 boundary and same-load reuse (5.5186ms)
production/evidence/continuous/20261005-01/b01-repair-01/unit-conformance-02.log:109: trailing whitespace.
+✔ S03 EG01 native array constructor4097 rejects atomically (2.3854ms)
production/evidence/continuous/20261005-01/b01-repair-01/unit-conformance-02.log:110: trailing whitespace.
+✔ S03 EG01 sampler clipboard path2048 admission (4.3383ms)
production/evidence/continuous/20261005-01/b01-repair-01/unit-conformance-02.log:111: trailing whitespace.
+✔ S03 EG01 sampler clipboard path2049 admission (3.4177ms)
production/evidence/continuous/20261005-01/b01-repair-01/unit-conformance-02.log:112: trailing whitespace.
+✔ S03 EG01 native arrays admit float/vec2/vec3/vec4 and remap symbolic length closure (20.6485ms)
production/evidence/continuous/20261005-01/b01-repair-01/unit-conformance-02.log:113: trailing whitespace.
+✔ S03 EG01 native arrays reject matrix/nested/expressions and invalid length owner types (8.2322ms)
production/evidence/continuous/20261005-01/b01-repair-01/unit-conformance-02.log:114: trailing whitespace.
+✔ S03 EG01 TOP declarations clone while source+origin slots reuse, defaults persist, and Undo/Redo/save preserve identity (15.3445ms)
production/evidence/continuous/20261005-01/b01-repair-01/unit-conformance-02.log:115: trailing whitespace.
+✔ S03 EG01 specialization import allocates minimal vacant ID0,2 ->1 (4.5018ms)
production/evidence/continuous/20261005-01/b01-repair-01/unit-conformance-02.log:116: trailing whitespace.
+✔ S03 EG01 unsupported target, unavailable owner and throwing owner reject without publication (5.5776ms)
production/evidence/continuous/20261005-01/b01-repair-01/unit-conformance-02.log:117: trailing whitespace.
+✔ S03 EG01 numeric uniform scalar/vector/matrix transfer remains independent and generation is explicit unavailable (14.7638ms)
production/evidence/continuous/20261005-01/b01-repair-01/unit-conformance-02.log:118: trailing whitespace.
+✔ S03 FR03 registered resource types cannot become Structure fields (1.9299ms)
production/evidence/continuous/20261005-01/b01-repair-01/unit-conformance-02.log:119: trailing whitespace.
+✔ S03 EG01 exact provider/target ownership and imported descriptor failures stay atomic (4.4875ms)
production/evidence/continuous/20261005-01/b01-repair-01/unit-conformance-02.log:120: trailing whitespace.
+✔ S03 EG01 round2 implicit constant array@["glsl.float",2] preserves same-load reuse and rejects real cross-Graph and fresh-load publication (9.5049ms)
production/evidence/continuous/20261005-01/b01-repair-01/unit-conformance-02.log:121: trailing whitespace.
+✔ S03 EG01 round2 constant array@["glsl.float",2] preserves same-load reuse and rejects real cross-Graph and fresh-load publication (9.382ms)
production/evidence/continuous/20261005-01/b01-repair-01/unit-conformance-02.log:122: trailing whitespace.
+✔ S03 EG01 round2 uniform array@["glsl.float",2] preserves same-load reuse and rejects real cross-Graph and fresh-load publication (11.1627ms)
production/evidence/continuous/20261005-01/b01-repair-01/unit-conformance-02.log:123: trailing whitespace.
+✔ S03 EG01 round2 implicit constant array@["glsl.vec2",2] preserves same-load reuse and rejects real cross-Graph and fresh-load publication (9.2926ms)
production/evidence/continuous/20261005-01/b01-repair-01/unit-conformance-02.log:124: trailing whitespace.
+✔ S03 EG01 round2 constant array@["glsl.vec2",2] preserves same-load reuse and rejects real cross-Graph and fresh-load publication (9.1161ms)
production/evidence/continuous/20261005-01/b01-repair-01/unit-conformance-02.log:125: trailing whitespace.
+✔ S03 EG01 round2 uniform array@["glsl.vec2",2] preserves same-load reuse and rejects real cross-Graph and fresh-load publication (9.4841ms)
production/evidence/continuous/20261005-01/b01-repair-01/unit-conformance-02.log:126: trailing whitespace.
+✔ S03 EG01 round2 scalar/vector/matrix constants and uniforms still cross actual Graph and fresh load (52.9111ms)
production/evidence/continuous/20261005-01/b01-repair-01/unit-conformance-02.log:127: trailing whitespace.
+✔ S03 custom declared/state closure same-Graph remaps identities only and Undo/Redo (9.013ms)
production/evidence/continuous/20261005-01/b01-repair-01/unit-conformance-02.log:128: trailing whitespace.
+✔ S03 custom declared/state closure cross-Graph remaps identities only and Undo/Redo (7.9909ms)
production/evidence/continuous/20261005-01/b01-repair-01/unit-conformance-02.log:129: trailing whitespace.
+✔ S03 grouping an existing caller preserves child-owned frame node addresses (10.5461ms)
production/evidence/continuous/20261005-01/b01-repair-01/unit-conformance-02.log:130: trailing whitespace.
+✔ S03 owner collect/remap throws and escaping/incomplete references reject atomically with Redo preserved (8.1103ms)
production/evidence/continuous/20261005-01/b01-repair-01/unit-conformance-02.log:131: trailing whitespace.
+✔ S03 custom resources follow encapsulation and direct independence, ordinary dependencies remain shared (17.2033ms)
production/evidence/continuous/20261005-01/b01-repair-01/unit-conformance-02.log:132: trailing whitespace.
+✔ S03 encapsulation deduplicates crossing interfaces, shared generation is pure, Undo restores all references (6.4816ms)
production/evidence/continuous/20261005-01/b01-repair-01/unit-conformance-02.log:133: trailing whitespace.
+✔ S03 interface rename/reorder/type/removal reconciles every caller once and Undo restores values/invalid edges/loss (10.9505ms)
production/evidence/continuous/20261005-01/b01-repair-01/unit-conformance-02.log:134: trailing whitespace.
+✔ S03 nested resource callers including unused ancestors reconcile child interface (12.3252ms)
production/evidence/continuous/20261005-01/b01-repair-01/unit-conformance-02.log:135: trailing whitespace.
+✔ S03 library position keeps identity, semantic edit forks target and library ancestors and local refs atomically (24.3965ms)
production/evidence/continuous/20261005-01/b01-repair-01/unit-conformance-02.log:136: trailing whitespace.
+✔ S03 direct make independent clones direct definition, shares dependencies and remaps own boundary (17.5243ms)
production/evidence/continuous/20261005-01/b01-repair-01/unit-conformance-02.log:137: trailing whitespace.
+✔ S03 same-load clipboard reuses current source; cross-graph remaps resources and preserves text (6.307ms)
production/evidence/continuous/20261005-01/b01-repair-01/unit-conformance-02.log:138: trailing whitespace.
+✔ S03 clipboard typed native symbolic array closure remaps only semantic references (5.3388ms)
production/evidence/continuous/20261005-01/b01-repair-01/unit-conformance-02.log:139: trailing whitespace.
+✔ S03 late bad edge, escaping refs, forbidden source and missing closure reject without nodes/resources/history/notifications (6.6578ms)
production/evidence/continuous/20261005-01/b01-repair-01/unit-conformance-02.log:140: trailing whitespace.
+✔ S03 source selection stays outside encapsulation; boundary-only grouping is no-op and preserves redo (3.4729ms)
production/evidence/continuous/20261005-01/b01-repair-01/unit-conformance-02.log:141: trailing whitespace.
+✔ S03 structure drafts retain stable fields, reject recursion and block deletion while referenced (2.147ms)
production/evidence/continuous/20261005-01/b01-repair-01/unit-conformance-02.log:142: trailing whitespace.
+✔ S03 contexts distinguish occurrences; nested scoped targets never revive after navigation and Undo (13.2724ms)
production/evidence/continuous/20261005-01/b01-repair-01/unit-conformance-02.log:143: trailing whitespace.
+✔ S03 library snapshot position edit retains origin, first semantic edit forks and old source remains immutable (8.1164ms)
production/evidence/continuous/20261005-01/b01-repair-01/unit-conformance-02.log:144: trailing whitespace.
+✔ S03 nested delete and required boundary protection use the canonical Graph (5.071ms)
production/evidence/continuous/20261005-01/b01-repair-01/unit-conformance-02.log:145: trailing whitespace.
+✔ S03 library ancestor traversal crosses local parents (27.904ms)
production/evidence/continuous/20261005-01/b01-repair-01/unit-conformance-02.log:146: trailing whitespace.
+✔ S03 spare-port creation and first edge are one Undo entry with stable keys (7.4094ms)
production/evidence/continuous/20261005-01/b01-repair-01/unit-conformance-02.log:147: trailing whitespace.
+✔ S03 whole frames travel through grouping and cross-Graph clipboard with fresh identities (9.702ms)
production/evidence/continuous/20261005-01/b01-repair-01/unit-conformance-02.log:148: trailing whitespace.
+✔ S03 vector/matrix reshape retains override components and defaults follow interface defaults (6.6029ms)
production/evidence/continuous/20261005-01/b01-repair-01/unit-conformance-02.log:149: trailing whitespace.
+✔ S03 malformed resource envelopes, missing boundaries and nominal conflicts reject atomically (6.7096ms)
production/evidence/continuous/20261005-01/b01-repair-01/unit-conformance-02.log:150: trailing whitespace.
+✔ S03 source admission cannot be bypassed by nested add, grouping or pasted nodes (5.387ms)
production/evidence/continuous/20261005-01/b01-repair-01/unit-conformance-02.log:151: trailing whitespace.
+✔ S03 layout proposal rejects navigation ABA, semantic fork and Undo (8.3198ms)
production/evidence/continuous/20261005-01/b01-repair-01/unit-conformance-02.log:152: trailing whitespace.
+✔ S03 clipboard rejects forged hydrated plans and invalid edge evidence (3.4251ms)
production/evidence/continuous/20261005-01/b01-repair-01/unit-conformance-02.log:153: trailing whitespace.
+✔ S03 empty library paste preserves origin, selection-independent History and Redo (7.7481ms)
production/evidence/continuous/20261005-01/b01-repair-01/unit-conformance-02.log:154: trailing whitespace.
+✔ S03 packet-wide network identity collisions and malformed reused resource envelopes reject (5.4591ms)
production/evidence/continuous/20261005-01/b01-repair-01/unit-conformance-02.log:155: trailing whitespace.
+✔ S03 source transfer uses actual load identity and reopened documents cannot forge same-load reuse (2.9112ms)
production/evidence/continuous/20261005-01/b01-repair-01/unit-conformance-02.log:156: trailing whitespace.
+✔ S03 structure emission is read-only, nominally declared once, field deletion preserves invalid edges and Undo (6.8006ms)
production/evidence/continuous/20261005-01/b01-repair-01/unit-conformance-02.log:157: trailing whitespace.
+✔ S03 accepted paste requires a valid destination and direct whole frames survive clipboard (6.0045ms)
production/evidence/continuous/20261005-01/b01-repair-01/unit-conformance-02.log:158: trailing whitespace.
+✔ S03 scoped parameters and proposals from identical persistent IDs expire across a new load (10.6343ms)
production/evidence/continuous/20261005-01/b01-repair-01/unit-conformance-02.log:159: trailing whitespace.
+✔ S03 library grouping resolves the forked canonical network (6.6233ms)
production/evidence/continuous/20261005-01/b01-repair-01/unit-conformance-02.log:160: trailing whitespace.
+(node:52756) ExperimentalWarning: Transform Types is an experimental feature and might change at any time
production/evidence/continuous/20261005-01/b01-repair-01/unit-conformance-02.log:161: trailing whitespace.
+(Use `node --trace-warnings ...` to show where the warning was created)
production/evidence/continuous/20261005-01/b01-repair-01/unit-conformance-02.log:162: trailing whitespace.
+✔ S03 local child semantic edit forks its library ancestor (17.1856ms)
production/evidence/continuous/20261005-01/b01-repair-01/unit-conformance-02.log:163: trailing whitespace.
+✔ S03 explicit override equal to default survives interface defaults and save/reload (13.7705ms)
production/evidence/continuous/20261005-01/b01-repair-01/unit-conformance-02.log:164: trailing whitespace.
+✔ S03 direct independence preserves nonowned state, declared references and typed frame resources (10.7101ms)
production/evidence/continuous/20261005-01/b01-repair-01/unit-conformance-02.log:165: trailing whitespace.
+✔ S03 encapsulation rejects cross-scope node references despite matching local IDs (1.5854ms)
production/evidence/continuous/20261005-01/b01-repair-01/unit-conformance-02.log:166: trailing whitespace.
+✔ S03 New creates Value vec4 passthrough; shared rename retains instance names and no-op keeps library identity (12.3992ms)
production/evidence/continuous/20261005-01/b01-repair-01/unit-conformance-02.log:167: trailing whitespace.
+✔ S03 explicit interface Add stops at16 per direction without erasing preserved oversized draft (12.1866ms)
production/evidence/continuous/20261005-01/b01-repair-01/unit-conformance-02.log:168: trailing whitespace.
+✔ S03 structure authoring validates count, names, description, nested fixed arrays, recursion/depth and expansion (393.8945ms)
production/evidence/continuous/20261005-01/b01-repair-01/unit-conformance-02.log:169: trailing whitespace.
+✔ S03 large external array declarations survive metadata edits; materialization remains bounded (3.1818ms)
production/evidence/continuous/20261005-01/b01-repair-01/unit-conformance-02.log:170: trailing whitespace.
+✔ S03 type tokens retain eight dimensions and reject extra tuple fields (1.7797ms)
production/evidence/continuous/20261005-01/b01-repair-01/unit-conformance-02.log:171: trailing whitespace.
+✔ S03 disconnected output boundary follows shared output defaults (7.9422ms)
production/evidence/continuous/20261005-01/b01-repair-01/unit-conformance-02.log:172: trailing whitespace.
+✔ S03 inline array construction and same-load reuse allow2049 elements; cross-Graph clipboard rejects composites (19.1917ms)
production/evidence/continuous/20261005-01/b01-repair-01/unit-conformance-02.log:173: trailing whitespace.
+✔ S03 nested input link ABA invalidates old edit tokens without changing History on rejection (17.7887ms)
production/evidence/continuous/20261005-01/b01-repair-01/unit-conformance-02.log:174: trailing whitespace.
+✔ S03 shared same-key type changes reject stale caller tokens and removed handles never revive (10.891ms)
production/evidence/continuous/20261005-01/b01-repair-01/unit-conformance-02.log:175: trailing whitespace.
+✔ S03 cross-Graph nominal closure remaps nested structures and Undo removes the full insertion (5.8926ms)
production/evidence/continuous/20261005-01/b01-repair-01/unit-conformance-02.log:176: trailing whitespace.
+✔ S03 reusable definition cycles reject atomically including unused dependencies (10.3658ms)
production/evidence/continuous/20261005-01/b01-repair-01/unit-conformance-02.log:177: trailing whitespace.
+✔ S04 Personal complete owner payload and typed references survive reuse fork and absent Library source (49.0823ms)
production/evidence/continuous/20261005-01/b01-repair-01/unit-conformance-02.log:178: trailing whitespace.
+✔ S04 DEC004 same-name destination sources retain distinct identity and changed imported bindings regenerate (439.5247ms)
production/evidence/continuous/20261005-01/b01-repair-01/unit-conformance-02.log:179: trailing whitespace.
+✔ S04 Personal malformed envelope checksum and unsupported owner reject before provider writes; list deduplicates renamed files (31.2896ms)
production/evidence/continuous/20261005-01/b01-repair-01/unit-conformance-02.log:180: trailing whitespace.
+✔ S04 DEC002 one-source fanout does not mutate source or existing conversions and pad failures agree (17.4698ms)
production/evidence/continuous/20261005-01/b01-repair-01/unit-conformance-02.log:181: trailing whitespace.
+✔ S04 Personal root owner remap and input-bound Independent retain complete typed scope (79.3677ms)
production/evidence/continuous/20261005-01/b01-repair-01/unit-conformance-02.log:182: trailing whitespace.
+✔ S04 stored inherited v2 and pad plans retain complete extensions through Personal shared import and reopen (25.6369ms)
production/evidence/continuous/20261005-01/b01-repair-01/unit-conformance-02.log:183: trailing whitespace.
+✔ S04 shipped basic Library snapshot compiles after semantic fork and Personal roundtrip (11.1667ms)
production/evidence/continuous/20261005-01/b01-repair-01/unit-conformance-02.log:184: trailing whitespace.
+✔ S04 Personal canonical package preserves snapshots, same-version reuse, independent and collision-safe filenames (27.349ms)
production/evidence/continuous/20261005-01/b01-repair-01/unit-conformance-02.log:185: trailing whitespace.
+✔ S04 DEC002 all16 default float plans, version fences and current ImageOutput compile (1.2759ms)
production/evidence/continuous/20261005-01/b01-repair-01/unit-conformance-02.log:186: trailing whitespace.
+✔ S04 AC001 additive envelope upgrade retains exact pins and inactive evidence, fences v2 under2.0 (1.1446ms)
production/evidence/continuous/20261005-01/b01-repair-01/unit-conformance-02.log:187: trailing whitespace.
+✔ S04 DEC004 literal Personal typed closure survives canonical export import save reopen generation (28.788ms)
production/evidence/continuous/20261005-01/b01-repair-01/unit-conformance-02.log:188: trailing whitespace.
+✔ S04 DEC004 source Personal typed closure survives canonical export import save reopen generation (72.7062ms)
production/evidence/continuous/20261005-01/b01-repair-01/unit-conformance-02.log:189: trailing whitespace.
+✔ S04 DEC004 direct-source Personal typed closure survives canonical export import save reopen generation (35.1528ms)
production/evidence/continuous/20261005-01/b01-repair-01/unit-conformance-02.log:190: trailing whitespace.
+✔ S04 DEC004 input Personal typed closure survives canonical export import save reopen generation (76.8242ms)
production/evidence/continuous/20261005-01/b01-repair-01/unit-conformance-02.log:191: trailing whitespace.
+✔ S04 DEC004 input-bound length uses caller override and rejects conflicting caller sources (21.3975ms)
production/evidence/continuous/20261005-01/b01-repair-01/unit-conformance-02.log:192: trailing whitespace.
+✔ S04 DEC004 nested shared input bindings remap through Personal and remain independent after semantic fork and reinsert (342.9333ms)
production/evidence/continuous/20261005-01/b01-repair-01/unit-conformance-02.log:193: trailing whitespace.
+✔ S04 AC001 inactive owner network resources and unknown wrapper versions preserve the version fence (5.4604ms)
production/evidence/continuous/20261005-01/b01-repair-01/unit-conformance-02.log:194: trailing whitespace.
+✔ S04 DEC004 rejected literal/source/input/nested candidates are atomic through Application with valid checksums (210.805ms)
production/evidence/continuous/20261005-01/b01-repair-01/unit-conformance-02.log:195: trailing whitespace.
+✔ S04 Personal Library per-file isolation, safe names, duplicate-at-capacity and provider failures leave existing assets unchanged (41.3995ms)
production/evidence/continuous/20261005-01/b01-repair-01/unit-conformance-02.log:196: trailing whitespace.
+✔ S04 AC001 unchanged accepted reader and exact old/new definition boundaries (3.2594ms)
production/evidence/continuous/20261005-01/b01-repair-01/unit-conformance-02.log:197: trailing whitespace.
+✔ S04 inherited v2 plans preserve extensions across hydration move clipboard nested and Personal (15.5512ms)
production/evidence/continuous/20261005-01/b01-repair-01/unit-conformance-02.log:198: trailing whitespace.
+✔ S04 current exact source owner supports new image descriptors without retargeting legacy owner (1.0452ms)
production/evidence/continuous/20261005-01/b01-repair-01/unit-conformance-02.log:199: trailing whitespace.
+✔ S04 DEC004 required int length input qualifies with an actual constant supply and changed caller defaults regenerate (97.7825ms)
production/evidence/continuous/20261005-01/b01-repair-01/unit-conformance-02.log:200: trailing whitespace.
+✔ S05 drag repair root reads one fresh snapshot and retains immutable earlier projections (2.9763ms)
production/evidence/continuous/20261005-01/b01-repair-01/unit-conformance-02.log:201: trailing whitespace.
+✔ S05 drag repair nested reads one fresh snapshot and retains immutable earlier projections (8.7377ms)
production/evidence/continuous/20261005-01/b01-repair-01/unit-conformance-02.log:202: trailing whitespace.
+✔ S05 drag repair preserves readonly and busy notification values while movement keeps field token (3.3878ms)
production/evidence/continuous/20261005-01/b01-repair-01/unit-conformance-02.log:203: trailing whitespace.
+✔ S05 replacement eligibility keeps source validity separate and exact mismatch refusal atomic (11.8877ms)
production/evidence/continuous/20261005-01/b01-repair-01/unit-conformance-02.log:204: trailing whitespace.
+✔ S05 matching replacement preserves Graph load and Context identity with one full-content Undo Redo (11.5136ms)
production/evidence/continuous/20261005-01/b01-repair-01/unit-conformance-02.log:205: trailing whitespace.
+✔ S05 replacement eligibility and command retain stale cancelled invalid readonly and fabricated guards (26.7438ms)
production/evidence/continuous/20261005-01/b01-repair-01/unit-conformance-02.log:206: trailing whitespace.
+✔ S05 model preflight and publication share exact kind and ordered-pin refusal without History (3.6746ms)
production/evidence/continuous/20261005-01/b01-repair-01/unit-conformance-02.log:207: trailing whitespace.
+✔ S05-FR-001 complete program preserves distinct and reversed shared Uniform identity in all emission modes (501.7971ms)
production/evidence/continuous/20261005-01/b01-repair-01/unit-conformance-02.log:208: trailing whitespace.
+✔ S05-FR-001 same-stage same resource type conflict fails without artifacts or Graph changes (14.7472ms)
production/evidence/continuous/20261005-01/b01-repair-01/unit-conformance-02.log:209: trailing whitespace.
+✔ S05-FR-001 same-stage same resource default conflict fails without artifacts or Graph changes (14.5041ms)
production/evidence/continuous/20261005-01/b01-repair-01/unit-conformance-02.log:210: trailing whitespace.
+✔ S05-FR-001 cross-stage same resource type conflict fails without artifacts or Graph changes (13.5403ms)
production/evidence/continuous/20261005-01/b01-repair-01/unit-conformance-02.log:211: trailing whitespace.
+✔ S05-FR-001 cross-stage same resource default conflict fails without artifacts or Graph changes (13.3549ms)
production/evidence/continuous/20261005-01/b01-repair-01/unit-conformance-02.log:212: trailing whitespace.
+✔ S05 fixed float: literals inside Function stay constant while formal and result are runtime (32.7313ms)
production/evidence/continuous/20261005-01/b01-repair-01/unit-conformance-02.log:213: trailing whitespace.
+✔ S05 fixed float: defaults fixed schema every stage and mode with pure generation and roundtrip (268.5591ms)
production/evidence/continuous/20261005-01/b01-repair-01/unit-conformance-02.log:214: trailing whitespace.
+✔ S05 fixed float: bad payloads unused errors atomic commands fixed source and constant distinction (4.0519ms)
production/evidence/continuous/20261005-01/b01-repair-01/unit-conformance-02.log:215: trailing whitespace.
+✔ S05 fixed float: scoped two-context edits one Undo and stale token preserve History (6.487ms)
production/evidence/continuous/20261005-01/b01-repair-01/unit-conformance-02.log:216: trailing whitespace.
+✔ S05 fixed float: shared Function and Personal owner closure retain exact values (19.2114ms)
production/evidence/continuous/20261005-01/b01-repair-01/unit-conformance-02.log:217: trailing whitespace.
+✔ S05 fixed vec2: literals inside Function stay constant while formal and result are runtime (35.1709ms)
production/evidence/continuous/20261005-01/b01-repair-01/unit-conformance-02.log:218: trailing whitespace.
+✔ S05 fixed vec2: defaults fixed schema every stage and mode with pure generation and roundtrip (248.4151ms)
production/evidence/continuous/20261005-01/b01-repair-01/unit-conformance-02.log:219: trailing whitespace.
+✔ S05 fixed vec2: bad payloads unused errors atomic commands fixed source and constant distinction (4.5089ms)
production/evidence/continuous/20261005-01/b01-repair-01/unit-conformance-02.log:220: trailing whitespace.
+✔ S05 fixed vec2: scoped two-context edits one Undo and stale token preserve History (6.3385ms)
production/evidence/continuous/20261005-01/b01-repair-01/unit-conformance-02.log:221: trailing whitespace.
+✔ S05 fixed vec2: shared Function and Personal owner closure retain exact values (19.9728ms)
production/evidence/continuous/20261005-01/b01-repair-01/unit-conformance-02.log:222: trailing whitespace.
+✔ S05 fixed vec3: literals inside Function stay constant while formal and result are runtime (31.9773ms)
production/evidence/continuous/20261005-01/b01-repair-01/unit-conformance-02.log:223: trailing whitespace.
+✔ S05 fixed vec3: defaults fixed schema every stage and mode with pure generation and roundtrip (239.1629ms)
production/evidence/continuous/20261005-01/b01-repair-01/unit-conformance-02.log:224: trailing whitespace.
+✔ S05 fixed vec3: bad payloads unused errors atomic commands fixed source and constant distinction (4.8076ms)
production/evidence/continuous/20261005-01/b01-repair-01/unit-conformance-02.log:225: trailing whitespace.
+✔ S05 fixed vec3: scoped two-context edits one Undo and stale token preserve History (6.8478ms)
production/evidence/continuous/20261005-01/b01-repair-01/unit-conformance-02.log:226: trailing whitespace.
+✔ S05 fixed vec3: shared Function and Personal owner closure retain exact values (20.4673ms)
production/evidence/continuous/20261005-01/b01-repair-01/unit-conformance-02.log:227: trailing whitespace.
+✔ S05 fixed color: literals inside Function stay constant while formal and result are runtime (31.0301ms)
production/evidence/continuous/20261005-01/b01-repair-01/unit-conformance-02.log:228: trailing whitespace.
+✔ S05 fixed color: defaults fixed schema every stage and mode with pure generation and roundtrip (247.0052ms)
production/evidence/continuous/20261005-01/b01-repair-01/unit-conformance-02.log:229: trailing whitespace.
+✔ S05 fixed color: bad payloads unused errors atomic commands fixed source and constant distinction (3.9202ms)
production/evidence/continuous/20261005-01/b01-repair-01/unit-conformance-02.log:230: trailing whitespace.
+✔ S05 fixed color: scoped two-context edits one Undo and stale token preserve History (6.3075ms)
production/evidence/continuous/20261005-01/b01-repair-01/unit-conformance-02.log:231: trailing whitespace.
+✔ S05 fixed color: shared Function and Personal owner closure retain exact values (18.7789ms)
production/evidence/continuous/20261005-01/b01-repair-01/unit-conformance-02.log:232: trailing whitespace.
+✔ S05 AT03 source/literal shape extents stay fixed; input-bound scalar extent cannot specialize a function (74.9529ms)
production/evidence/continuous/20261005-01/b01-repair-01/unit-conformance-02.log:233: trailing whitespace.
+✔ S05 AT04 pre-existing malformed constant edge and authored losses are preserved (15.4039ms)
production/evidence/continuous/20261005-01/b01-repair-01/unit-conformance-02.log:234: trailing whitespace.
+✔ S05 AT04 AT05 unused shared dependent definitions localize and detach atomically with Redo exact (56.6611ms)
production/evidence/continuous/20261005-01/b01-repair-01/unit-conformance-02.log:235: trailing whitespace.
+✔ S05 AT08 multioutput and unconsumed nested effects have one evaluation per occurrence and stage-local helpers (38.8361ms)
production/evidence/continuous/20261005-01/b01-repair-01/unit-conformance-02.log:236: trailing whitespace.
+✔ S05 AT08 two live depth writer occurrences reject even when one helper body is deduplicated (16.2395ms)
production/evidence/continuous/20261005-01/b01-repair-01/unit-conformance-02.log:237: trailing whitespace.
+✔ S05 AT01 definition default shared mode independent and no-op History (30.2039ms)
production/evidence/continuous/20261005-01/b01-repair-01/unit-conformance-02.log:238: trailing whitespace.
+✔ S05 AT02 one helper per definition and distinct caller arguments; nested helpers are dependency ordered (31.1819ms)
production/evidence/continuous/20261005-01/b01-repair-01/unit-conformance-02.log:239: trailing whitespace.
+✔ S05 AT03 ordinary inputs are runtime even when all callers pass constants; dead constant uses reject atomically (23.2317ms)
production/evidence/continuous/20261005-01/b01-repair-01/unit-conformance-02.log:240: trailing whitespace.
+✔ S05 AT03 Uniform parameter binding is runtime; ordinary connection rejects constant receiver without publication (15.7143ms)
production/evidence/continuous/20261005-01/b01-repair-01/unit-conformance-02.log:241: trailing whitespace.
+✔ S05 AT04 AT05 transitive newly-invalid consumer edges detach once with losses, Undo/Redo and required error (26.7504ms)
production/evidence/continuous/20261005-01/b01-repair-01/unit-conformance-02.log:242: trailing whitespace.
+✔ S05 AT06 function Personal roundtrip reuses mode, localizes once and preserves source bytes (62.7772ms)
production/evidence/continuous/20261005-01/b01-repair-01/unit-conformance-02.log:243: trailing whitespace.
+✔ S05 AT06 DEC004 upgraded literal source input and nested Personal retain selected eligible modes through exchange (462.5193ms)
production/evidence/continuous/20261005-01/b01-repair-01/unit-conformance-02.log:244: trailing whitespace.
+✔ S05 AT07 explicit owner upgrade preserves old pins/body/origin and unknown mode never defaults (7.8483ms)
production/evidence/continuous/20261005-01/b01-repair-01/unit-conformance-02.log:245: trailing whitespace.
+✔ S05 AT09 later invalid edit and load retain function mode; diagnostic names shared definition and related calls (16.9473ms)
production/evidence/continuous/20261005-01/b01-repair-01/unit-conformance-02.log:246: trailing whitespace.
+✔ S05 AT10 body/mode/profile changes create fresh artifacts and old snapshot is immutable (49.4942ms)
production/evidence/continuous/20261005-01/b01-repair-01/unit-conformance-02.log:247: trailing whitespace.
+✔ S05 HTTP provider SHA256 canonical bytes known vectors and secure UUIDv4 fail-closed (35.3687ms)
production/evidence/continuous/20261005-01/b01-repair-01/unit-conformance-02.log:248: trailing whitespace.
+✔ OC01 zero ImageOutput is additive and empty new document compiles and roundtrips (1.7373ms)
production/evidence/continuous/20261005-01/b01-repair-01/unit-conformance-02.log:249: trailing whitespace.
+✔ OC01 old exact ImageOutput pins retain required inputs and missing definitions never fall forward (0.9171ms)
production/evidence/continuous/20261005-01/b01-repair-01/unit-conformance-02.log:250: trailing whitespace.
+✔ OC01 explicit exact kind upgrade preserves IDs edges plans inactive evidence and makes new lifetime (12.2603ms)
production/evidence/continuous/20261005-01/b01-repair-01/unit-conformance-02.log:251: trailing whitespace.
+✔ OC01 upgrade missing destination readonly busy malformed source and owner throws reject atomically (1.3165ms)
production/evidence/continuous/20261005-01/b01-repair-01/unit-conformance-02.log:252: trailing whitespace.
+✔ OC01 new source owner delegates exact image descriptor admission without relaxing old owner (1.2108ms)
production/evidence/continuous/20261005-01/b01-repair-01/unit-conformance-02.log:253: trailing whitespace.
+✔ OC08 shared wire geometry has horizontal endpoints and distance-aware controls for both directions (0.1747ms)
production/evidence/continuous/20261005-01/b01-repair-01/unit-conformance-02.log:254: trailing whitespace.
+✔ OC01 new exact source descriptor closure supports TOP sampler native array construction and cross-load transfer (6.7777ms)
production/evidence/continuous/20261005-01/b01-repair-01/unit-conformance-02.log:255: trailing whitespace.
+✔ OC01 owner migration refuses active gesture and throwing callback; source document remains unchanged (1.3864ms)
production/evidence/continuous/20261005-01/b01-repair-01/unit-conformance-02.log:256: trailing whitespace.
+✔ S06 catalog is a detached read over exact document pins and current occurrence stage (3.3258ms)
production/evidence/continuous/20261005-01/b01-repair-01/unit-conformance-02.log:257: trailing whitespace.
+✔ S06 source/name/category literal rank uses NFKC, aliases and all terms without regular expressions (2.3559ms)
production/evidence/continuous/20261005-01/b01-repair-01/unit-conformance-02.log:258: trailing whitespace.
+✔ S06 stale creation proposals reject revision, navigation ABA, load and readonly without model or History writes (9.7501ms)
production/evidence/continuous/20261005-01/b01-repair-01/unit-conformance-02.log:259: trailing whitespace.
+✔ S06 connected creation replaces an occupied exact input atomically and Undo restores it (18.6767ms)
production/evidence/continuous/20261005-01/b01-repair-01/unit-conformance-02.log:260: trailing whitespace.
+✔ S06 query disposable IDs do not collide with admitted persistent IDs and consume no canonical identity (4.2471ms)
production/evidence/continuous/20261005-01/b01-repair-01/unit-conformance-02.log:261: trailing whitespace.
+✔ S06 forged reference and mismatched matching-port proposals reject before any model publication (39.762ms)
production/evidence/continuous/20261005-01/b01-repair-01/unit-conformance-02.log:262: trailing whitespace.
+✔ S06 reference catalog excludes nested source admission without publishing query changes (19.0029ms)
production/evidence/continuous/20261005-01/b01-repair-01/unit-conformance-02.log:263: trailing whitespace.
+✔ S06 configured Compose preview and published schema/edge agree in one transaction and one Undo/Redo (59.8664ms)
production/evidence/continuous/20261005-01/b01-repair-01/unit-conformance-02.log:264: trailing whitespace.
+✔ S06 configured creation rejects invalid missing and non-choice parameters atomically preserving Redo and expired Draft (2.2584ms)
production/evidence/continuous/20261005-01/b01-repair-01/unit-conformance-02.log:265: trailing whitespace.
+✔ S06 configured creation preserves library fork/reference atomicity and rolls back a rejected choice (6.7898ms)
production/evidence/continuous/20261005-01/b01-repair-01/unit-conformance-02.log:266: trailing whitespace.
+✔ S06 configured creation keeps initializer descriptor, owner codec and reference validation before publication (2.6958ms)
production/evidence/continuous/20261005-01/b01-repair-01/unit-conformance-02.log:267: trailing whitespace.
+✔ S06 configured creation followed by failed connection rolls back the full batch (0.6188ms)
production/evidence/continuous/20261005-01/b01-repair-01/unit-conformance-02.log:268: trailing whitespace.
+✔ M1: missing-module boundary x rename rejects save before ACK without data loss (16.2453ms)
production/evidence/continuous/20261005-01/b01-repair-01/unit-conformance-02.log:269: trailing whitespace.
+✔ M1: missing-module boundary 中 rename rejects save before ACK without data loss (12.8306ms)
production/evidence/continuous/20261005-01/b01-repair-01/unit-conformance-02.log:270: trailing whitespace.
+✔ M1: missing-module boundary 🍇 rename rejects save before ACK without data loss (17.6594ms)
production/evidence/continuous/20261005-01/b01-repair-01/unit-conformance-02.log:271: trailing whitespace.
+✔ M1: compact fallback validates actual emitted bytes at and beyond the budget (9.4213ms)
production/evidence/continuous/20261005-01/b01-repair-01/unit-conformance-02.log:272: trailing whitespace.
+✔ M1: nodes at/beyond network limit obey save/reopen invariant (18.7467ms)
production/evidence/continuous/20261005-01/b01-repair-01/unit-conformance-02.log:273: trailing whitespace.
+✔ M1: edges at/beyond network limit obey save/reopen invariant (34.6971ms)
production/evidence/continuous/20261005-01/b01-repair-01/unit-conformance-02.log:274: trailing whitespace.
+✔ M1: editing beyond network capacity cannot acknowledge a save or erase the previous saved document (81.8668ms)
production/evidence/continuous/20261005-01/b01-repair-01/unit-conformance-02.log:275: trailing whitespace.
+ℹ tests 268
production/evidence/continuous/20261005-01/b01-repair-01/unit-conformance-02.log:276: trailing whitespace.
+ℹ suites 0
production/evidence/continuous/20261005-01/b01-repair-01/unit-conformance-02.log:277: trailing whitespace.
+ℹ pass 268
production/evidence/continuous/20261005-01/b01-repair-01/unit-conformance-02.log:278: trailing whitespace.
+ℹ fail 0
production/evidence/continuous/20261005-01/b01-repair-01/unit-conformance-02.log:279: trailing whitespace.
+ℹ cancelled 0
production/evidence/continuous/20261005-01/b01-repair-01/unit-conformance-02.log:280: trailing whitespace.
+ℹ skipped 0
production/evidence/continuous/20261005-01/b01-repair-01/unit-conformance-02.log:281: trailing whitespace.
+ℹ todo 0
production/evidence/continuous/20261005-01/b01-repair-01/unit-conformance-02.log:282: trailing whitespace.
+ℹ duration_ms 9572.9125
production/evidence/continuous/20261005-01/b01-repair-01/unit-conformance-02.log:283: trailing whitespace.
+npm notice
production/evidence/continuous/20261005-01/b01-repair-01/unit-conformance-02.log:284: trailing whitespace.
+npm notice New minor version of npm available! 11.8.0 -> 11.21.0
production/evidence/continuous/20261005-01/b01-repair-01/unit-conformance-02.log:285: trailing whitespace.
+npm notice Changelog: https://github.com/npm/cli/releases/tag/v11.21.0
production/evidence/continuous/20261005-01/b01-repair-01/unit-conformance-02.log:286: trailing whitespace.
+npm notice To update run: npm install -g npm@11.21.0
production/evidence/continuous/20261005-01/b01-repair-01/unit-conformance-02.log:287: trailing whitespace.
+npm notice
production/evidence/continuous/20261005-01/b01-repair-01/unit-final-01.log:1: trailing whitespace.
+
production/evidence/continuous/20261005-01/b01-repair-01/unit-final-01.log:2: trailing whitespace.
+> grape-s01@0.1.0 test
production/evidence/continuous/20261005-01/b01-repair-01/unit-final-01.log:3: trailing whitespace.
+> node tools/runtime.mjs && node --experimental-transform-types --test --test-isolation=none tests/unit/*.test.ts tests/conformance/*.test.ts
production/evidence/continuous/20261005-01/b01-repair-01/unit-final-01.log:4: trailing whitespace.
+
production/evidence/continuous/20261005-01/b01-repair-01/unit-final-01.log:5: trailing whitespace.
+✔ production ownership manifest covers every source and rejects mutation/platform/extension violations (1071.6318ms)
production/evidence/continuous/20261005-01/b01-repair-01/unit-final-01.log:6: trailing whitespace.
+✔ S02 conformance: replacement uses one public Graph batch, isolates observers and retains two Context identities (11.2669ms)
production/evidence/continuous/20261005-01/b01-repair-01/unit-final-01.log:7: trailing whitespace.
+✔ S02 conformance: direct replacement rejects model Error without modifying document/history (2.6313ms)
production/evidence/continuous/20261005-01/b01-repair-01/unit-final-01.log:8: trailing whitespace.
+✔ M2: direct replacement atomically rejects malformed position component before publication (1.8485ms)
production/evidence/continuous/20261005-01/b01-repair-01/unit-final-01.log:9: trailing whitespace.
+✔ M2: direct replacement atomically rejects malformed position length before publication (1.5592ms)
production/evidence/continuous/20261005-01/b01-repair-01/unit-final-01.log:10: trailing whitespace.
+✔ M2: direct replacement atomically rejects duplicate recovery IDs before publication (1.5884ms)
production/evidence/continuous/20261005-01/b01-repair-01/unit-final-01.log:11: trailing whitespace.
+✔ M2: direct replacement atomically rejects unknown envelope field before publication (1.58ms)
production/evidence/continuous/20261005-01/b01-repair-01/unit-final-01.log:12: trailing whitespace.
+✔ M2: direct replacement atomically rejects unknown node field before publication (1.5839ms)
production/evidence/continuous/20261005-01/b01-repair-01/unit-final-01.log:13: trailing whitespace.
+✔ M2: direct replacement atomically rejects unknown endpoint field before publication (1.488ms)
production/evidence/continuous/20261005-01/b01-repair-01/unit-final-01.log:14: trailing whitespace.
+✔ M2: catching invalid replacement cannot publish earlier edits in the same batch (1.47ms)
production/evidence/continuous/20261005-01/b01-repair-01/unit-final-01.log:15: trailing whitespace.
+✔ M2: valid detached replacement publishes once and retains exact Undo/Redo content (2.9779ms)
production/evidence/continuous/20261005-01/b01-repair-01/unit-final-01.log:16: trailing whitespace.
+✔ L10N exact owner, parent/default/inline fallback and plain interpolation leave model/history/generation unchanged (1.4214ms)
production/evidence/continuous/20261005-01/b01-repair-01/unit-final-01.log:17: trailing whitespace.
+✔ L10N atomic duplicate/malformed rejection, revision CAS and immutable detached catalogs (0.3552ms)
production/evidence/continuous/20261005-01/b01-repair-01/unit-final-01.log:18: trailing whitespace.
+✔ L10N observer errors/reentry are isolated, cleanup cancels later delivery, disposed service rejects (0.1685ms)
production/evidence/continuous/20261005-01/b01-repair-01/unit-final-01.log:19: trailing whitespace.
+✔ PC authority: declaration is not grant; render/async/outside event denied, same mounted event succeeds (3.9887ms)
production/evidence/continuous/20261005-01/b01-repair-01/unit-final-01.log:20: trailing whitespace.
+✔ PC gesture: origin guard, one operation, cross-Panel lease rejection and latest lease required (3.8183ms)
production/evidence/continuous/20261005-01/b01-repair-01/unit-final-01.log:21: trailing whitespace.
+✔ PC move/hide cancel pointer gesture and drain new leases before workspace action returns (10.1813ms)
production/evidence/continuous/20261005-01/b01-repair-01/unit-final-01.log:22: trailing whitespace.
+✔ PC render failure cancels only unfinished operation after publication, with no reentrant mutation (2.6819ms)
production/evidence/continuous/20261005-01/b01-repair-01/unit-final-01.log:23: trailing whitespace.
+✔ PC same ID reuse and old scope registrations remain revoked (1.6846ms)
production/evidence/continuous/20261005-01/b01-repair-01/unit-final-01.log:24: trailing whitespace.
+✔ VM resources: cleanup in reverse order, failure isolation, stale async tickets, no render reentrancy (0.2106ms)
production/evidence/continuous/20261005-01/b01-repair-01/unit-final-01.log:25: trailing whitespace.
+✔ two independently registered Panels and two Widget view shapes share lifecycle without feature dispatch (1.0087ms)
production/evidence/continuous/20261005-01/b01-repair-01/unit-final-01.log:26: trailing whitespace.
+✔ VM mount/capture/update reentrancy revokes scope and preserves placeholder; explicit retry recovers (0.2253ms)
production/evidence/continuous/20261005-01/b01-repair-01/unit-final-01.log:27: trailing whitespace.
+✔ VM subscription failure releases acquired subscriptions and cannot pretend to mount (0.0927ms)
production/evidence/continuous/20261005-01/b01-repair-01/unit-final-01.log:28: trailing whitespace.
+✔ PC application denies every editing command while readonly or history busy; field binding invalidates (3.7791ms)
production/evidence/continuous/20261005-01/b01-repair-01/unit-final-01.log:29: trailing whitespace.
+✔ B01 same-pane movement revokes old scope before placement publication and retains contribution (1.4238ms)
production/evidence/continuous/20261005-01/b01-repair-01/unit-final-01.log:30: trailing whitespace.
+✔ B01 PanelRenderer subscription failure rebuilds contribution on explicit retry (0.7287ms)
production/evidence/continuous/20261005-01/b01-repair-01/unit-final-01.log:31: trailing whitespace.
+✔ B01 FR02 retry replaces same-ID mount once, rejects stale events and keeps fresh command authority (2.52ms)
production/evidence/continuous/20261005-01/b01-repair-01/unit-final-01.log:32: trailing whitespace.
+✔ B01 group0, positive groups and fixed Canvas routes distinguish activation, hide and close (3.0031ms)
production/evidence/continuous/20261005-01/b01-repair-01/unit-final-01.log:33: trailing whitespace.
+✔ B01 direct Context changes and revision update routed targets, unchanged placement does not repeat receive (2.493ms)
production/evidence/continuous/20261005-01/b01-repair-01/unit-final-01.log:34: trailing whitespace.
+✔ B01 close and retarget veto keep logical instances and placement intact (1.4405ms)
production/evidence/continuous/20261005-01/b01-repair-01/unit-final-01.log:35: trailing whitespace.
+✔ B01 provider borrowing guards direct disposal; closing releases borrow without deleting Context (0.9177ms)
production/evidence/continuous/20261005-01/b01-repair-01/unit-final-01.log:36: trailing whitespace.
+✔ B01 move, float, collapse, hide/show preserve Panel and exported draft; upper slot returns prior owner to dock (1.1002ms)
production/evidence/continuous/20261005-01/b01-repair-01/unit-final-01.log:37: trailing whitespace.
+✔ B01 save/restore mints Context and leases, preserves inert identities and no runtime activation (2.8236ms)
production/evidence/continuous/20261005-01/b01-repair-01/unit-final-01.log:38: trailing whitespace.
+✔ B01 application restore resolves exact graph/stage/occurrence, never names or first stage (0.9059ms)
production/evidence/continuous/20261005-01/b01-repair-01/unit-final-01.log:39: trailing whitespace.
+✔ B01 missing type/version and unresolved target retain opaque data with retry using one registry (1.6407ms)
production/evidence/continuous/20261005-01/b01-repair-01/unit-final-01.log:40: trailing whitespace.
+✔ B01 full layout validation refuses malformed candidates before any factory or live mutation (2.5681ms)
production/evidence/continuous/20261005-01/b01-repair-01/unit-final-01.log:41: trailing whitespace.
+✔ B01 invalid open/move route does not call factory or change tabs; reentry rejected in factory (0.7879ms)
production/evidence/continuous/20261005-01/b01-repair-01/unit-final-01.log:42: trailing whitespace.
+✔ B01 export callback failure is whole-save failure without graph/history changes (0.6064ms)
production/evidence/continuous/20261005-01/b01-repair-01/unit-final-01.log:43: trailing whitespace.
+✔ B01 same-ID close/reopen rejects old services and restores detached state only (0.8274ms)
production/evidence/continuous/20261005-01/b01-repair-01/unit-final-01.log:44: trailing whitespace.
+✔ B01 tab and group ordering revokes placement while preserving live Panel identity (0.8155ms)
production/evidence/continuous/20261005-01/b01-repair-01/unit-final-01.log:45: trailing whitespace.
+✔ B01 restored owned Context survives same-target retarget and receive retry then closes (1.4832ms)
production/evidence/continuous/20261005-01/b01-repair-01/unit-final-01.log:46: trailing whitespace.
+✔ B01 FR02 retry guards every lifecycle mutation and isolates observer exceptions (1.3041ms)
production/evidence/continuous/20261005-01/b01-repair-01/unit-final-01.log:47: trailing whitespace.
+✔ B01 FR02 failed and successful retry retain owned Context and revoke old services (1.5999ms)
production/evidence/continuous/20261005-01/b01-repair-01/unit-final-01.log:48: trailing whitespace.
+✔ B01 FR03 every valid JSON export including null survives layout roundtrip (1.6624ms)
production/evidence/continuous/20261005-01/b01-repair-01/unit-final-01.log:49: trailing whitespace.
+✔ B01 FR03 opaque fallback retains null and invalid live exports refuse the complete save (1.3102ms)
production/evidence/continuous/20261005-01/b01-repair-01/unit-final-01.log:50: trailing whitespace.
+✔ B01 FR02 FR03 retry and private-state save preserve saved ACK and existing Redo (2.6724ms)
production/evidence/continuous/20261005-01/b01-repair-01/unit-final-01.log:51: trailing whitespace.
+✔ AT-S01-01: Float × Multiply → Compose emits pinned host-free GLSL without mutation (2.5387ms)
production/evidence/continuous/20261005-01/b01-repair-01/unit-final-01.log:52: trailing whitespace.
+✔ AT-S01-02: direction, cross-network, occupied input, cycle and type failures are atomic (1.9656ms)
production/evidence/continuous/20261005-01/b01-repair-01/unit-final-01.log:53: trailing whitespace.
+✔ AT-S01-03: mode change captures complete prior ports, edge plans and loss; undo/redo and reload (4.9107ms)
production/evidence/continuous/20261005-01/b01-repair-01/unit-final-01.log:54: trailing whitespace.
+✔ AT-S01-04: multi-batch operation, cancel/no-op redo, expired draft and async draft (3.6411ms)
production/evidence/continuous/20261005-01/b01-repair-01/unit-final-01.log:55: trailing whitespace.
+✔ AT-S01-08: projection before observers, reentrant writes reject and throwing observer does not roll back (1.6107ms)
production/evidence/continuous/20261005-01/b01-repair-01/unit-final-01.log:56: trailing whitespace.
+✔ AT-S01-06: contexts share model and clean selection before external observation (2.2532ms)
production/evidence/continuous/20261005-01/b01-repair-01/unit-final-01.log:57: trailing whitespace.
+✔ scoped field token rejects value ABA, busy, connected and dead targets; unrelated movement preserves token (3.6924ms)
production/evidence/continuous/20261005-01/b01-repair-01/unit-final-01.log:58: trailing whitespace.
+✔ all model errors including unused nodes block generation; fixed definitions and boundaries remain protected (1.7132ms)
production/evidence/continuous/20261005-01/b01-repair-01/unit-final-01.log:59: trailing whitespace.
+✔ generation rejects missing/extra declared boundary output even when a module emits an incomplete map (1.7255ms)
production/evidence/continuous/20261005-01/b01-repair-01/unit-final-01.log:60: trailing whitespace.
+✔ shared type environment rejects unknown identity and permits explicitly registered nominal types without changing core dispatch (0.4366ms)
production/evidence/continuous/20261005-01/b01-repair-01/unit-final-01.log:61: trailing whitespace.
+✔ AT-S01-02: endpoints in two real Stage networks cannot be cross-connected (1.8412ms)
production/evidence/continuous/20261005-01/b01-repair-01/unit-final-01.log:62: trailing whitespace.
+✔ unknown Stage slots block generation; duplicate slot identities reject before hydration (4.4073ms)
production/evidence/continuous/20261005-01/b01-repair-01/unit-final-01.log:63: trailing whitespace.
+✔ M1 reviewer counterexample: float 1e21 generates a valid GLSL floating constant (1.8195ms)
production/evidence/continuous/20261005-01/b01-repair-01/unit-final-01.log:64: trailing whitespace.
+✔ M1 reviewer counterexample: multiply 1e21 generates a valid GLSL floating constant (1.8188ms)
production/evidence/continuous/20261005-01/b01-repair-01/unit-final-01.log:65: trailing whitespace.
+✔ M1 literal grammar and value roundtrip cover integers, decimals, signs and exponent-form values (0.2219ms)
production/evidence/continuous/20261005-01/b01-repair-01/unit-final-01.log:66: trailing whitespace.
+✔ M1 all finite float32 exponent bins and representative mantissas have legal value-preserving literals (1.7672ms)
production/evidence/continuous/20261005-01/b01-repair-01/unit-final-01.log:67: trailing whitespace.
+✔ M1 admitted boundary/representative values remain editable and compile through both production literal paths (24.3711ms)
production/evidence/continuous/20261005-01/b01-repair-01/unit-final-01.log:68: trailing whitespace.
+✔ AT-S01-05: document identity, complete content, new lifetime/empty history and semantic regeneration (2.1119ms)
production/evidence/continuous/20261005-01/b01-repair-01/unit-final-01.log:69: trailing whitespace.
+✔ AT-S01-07: ACK of A never marks B saved, rejection and SAVE_BUSY retain baseline; download is separate (3.6565ms)
production/evidence/continuous/20261005-01/b01-repair-01/unit-final-01.log:70: trailing whitespace.
+✔ old saved handle cannot attach to same persistent IDs after reload (2.0269ms)
production/evidence/continuous/20261005-01/b01-repair-01/unit-final-01.log:71: trailing whitespace.
+✔ wire unknown structure, unsupported version/operation/tag, malformed known data precedence and original retention (1.8646ms)
production/evidence/continuous/20261005-01/b01-repair-01/unit-final-01.log:72: trailing whitespace.
+✔ writer refuses executable/hidden values, sparse arrays, nonfinite numbers and altered prototypes without invoking getters (1.8166ms)
production/evidence/continuous/20261005-01/b01-repair-01/unit-final-01.log:73: trailing whitespace.
+✔ missing exact module preserves opaque state and last port policy; loss payload is never activated (2.6205ms)
production/evidence/continuous/20261005-01/b01-repair-01/unit-final-01.log:74: trailing whitespace.
+✔ forged stored conversion remains saveable but cannot generate (2.0376ms)
production/evidence/continuous/20261005-01/b01-repair-01/unit-final-01.log:75: trailing whitespace.
+✔ prototype-named unknown structural keys and non-JSON whitespace are not silently accepted (1.8774ms)
production/evidence/continuous/20261005-01/b01-repair-01/unit-final-01.log:76: trailing whitespace.
+✔ unrelated edits preserve forged connection evidence rather than silently repairing it (2.0289ms)
production/evidence/continuous/20261005-01/b01-repair-01/unit-final-01.log:77: trailing whitespace.
+✔ pending storage open cannot replace a newer edit or document lifetime (1.826ms)
production/evidence/continuous/20261005-01/b01-repair-01/unit-final-01.log:78: trailing whitespace.
+✔ unrelated edits retain explicit invalid-edge evidence even when its stored plan is structurally valid (2.7846ms)
production/evidence/continuous/20261005-01/b01-repair-01/unit-final-01.log:79: trailing whitespace.
+✔ AT-S02-04 PNG: CRC oracle, roundtrip, repeated wrapping and unowned chunks preserve bytes (7.334ms)
production/evidence/continuous/20261005-01/b01-repair-01/unit-final-01.log:80: trailing whitespace.
+✔ AT-S02-04 PNG: malformed CRC, missing metadata, duplicate metadata, compression and malformed envelope are named rejections (3.5312ms)
production/evidence/continuous/20261005-01/b01-repair-01/unit-final-01.log:81: trailing whitespace.
+✔ AT-S02-04 PNG: structural boundaries, file/chunk/metadata limits and invalid UTF-8 never decode pixels or compressed text (81.3908ms)
production/evidence/continuous/20261005-01/b01-repair-01/unit-final-01.log:82: trailing whitespace.
+✔ AT-S02-04 PNG: ASCII/CJK/non-BMP budgets match text intake and preserve canonical graph (126.7831ms)
production/evidence/continuous/20261005-01/b01-repair-01/unit-final-01.log:83: trailing whitespace.
+✔ AT-S02-01: detached inspection/cancel/raw retention and one atomic replacement with Context continuity and Undo/Redo (6.5952ms)
production/evidence/continuous/20261005-01/b01-repair-01/unit-final-01.log:84: trailing whitespace.
+✔ AT-S02-01: base revision, content, lifetime, readonly, busy and fabricated review fences (17.1181ms)
production/evidence/continuous/20261005-01/b01-repair-01/unit-final-01.log:85: trailing whitespace.
+✔ AT-S02-01: invalid/future/duplicate IDs/unknown structure have explicit outcomes and never publish (10.0253ms)
production/evidence/continuous/20261005-01/b01-repair-01/unit-final-01.log:86: trailing whitespace.
+✔ AT-S02-01: only explicit layout repair yields a candidate; unknown endpoints/references are never guessed (8.6848ms)
production/evidence/continuous/20261005-01/b01-repair-01/unit-final-01.log:87: trailing whitespace.
+✔ AT-S02-01: mismatched exact pins cannot replace the destination; failed replacement is atomic (2.4685ms)
production/evidence/continuous/20261005-01/b01-repair-01/unit-final-01.log:88: trailing whitespace.
+✔ AT-S02-02: missing exact module survives move/rename/save/reopen; exact restoration invokes codec and never substitutes latest (7.2698ms)
production/evidence/continuous/20261005-01/b01-repair-01/unit-final-01.log:89: trailing whitespace.
+✔ AT-S02-03 boundary: foreign/legacy input is retained with explicit unresolved Gate, never implicit conversion or archive execution (0.6363ms)
production/evidence/continuous/20261005-01/b01-repair-01/unit-final-01.log:90: trailing whitespace.
+✔ AT-S02-04: ASCII/CJK/non-BMP UTF-8 exact byte budget produces deterministic results without truncation (24.0895ms)
production/evidence/continuous/20261005-01/b01-repair-01/unit-final-01.log:91: trailing whitespace.
+✔ AT-S02-04: network budgets, duplicate JSON keys, unknown nested structure and opaque fields are independently checked (14.2689ms)
production/evidence/continuous/20261005-01/b01-repair-01/unit-final-01.log:92: trailing whitespace.
+✔ S03 Group17 retains a draft, compilation rejects per-direction limit, Undo restores original (51.0255ms)
production/evidence/continuous/20261005-01/b01-repair-01/unit-final-01.log:93: trailing whitespace.
+✔ S03 64-definition destination rejects independence and imported 65th atomically (1061.7341ms)
production/evidence/continuous/20261005-01/b01-repair-01/unit-final-01.log:94: trailing whitespace.
+✔ S03 nested nodes overflow rejects before paste publication (16.6719ms)
production/evidence/continuous/20261005-01/b01-repair-01/unit-final-01.log:95: trailing whitespace.
+✔ S03 nested edges overflow rejects before paste publication (19.7073ms)
production/evidence/continuous/20261005-01/b01-repair-01/unit-final-01.log:96: trailing whitespace.
+✔ S03 symbolic extents require int/uint sources, only outer dimension and pure compilation (4.3556ms)
production/evidence/continuous/20261005-01/b01-repair-01/unit-final-01.log:97: trailing whitespace.
+✔ S03 New may retain a 257-node draft; generation and save reject it without losing the draft (98.0446ms)
production/evidence/continuous/20261005-01/b01-repair-01/unit-final-01.log:98: trailing whitespace.
+✔ S03 partial frames stay outside clipboard; pasted relative positions retain a common offset (4.305ms)
production/evidence/continuous/20261005-01/b01-repair-01/unit-final-01.log:99: trailing whitespace.
+✔ S03 persisted nested source is preserved while new nested source admission remains rejected (5.1723ms)
production/evidence/continuous/20261005-01/b01-repair-01/unit-final-01.log:100: trailing whitespace.
+✔ S03 scalar/vector/matrix sources transfer; composite source reuses only within its source lifetime (20.438ms)
production/evidence/continuous/20261005-01/b01-repair-01/unit-final-01.log:101: trailing whitespace.
+✔ S03 FR01 admitted nested Structure arrays fail ES300 profile without artifacts; one dimension succeeds (5.7523ms)
production/evidence/continuous/20261005-01/b01-repair-01/unit-final-01.log:102: trailing whitespace.
+✔ S03 FR02 independence remaps mixed parent and shared child owner references with Undo/Redo (39.5005ms)
production/evidence/continuous/20261005-01/b01-repair-01/unit-final-01.log:103: trailing whitespace.
+✔ S03 FR02 independence remaps mixed parent and cloned child owner references with Undo/Redo (48.9855ms)
production/evidence/continuous/20261005-01/b01-repair-01/unit-final-01.log:104: trailing whitespace.
+✔ S03 FR02 incomplete shared-child node address rejects independence atomically (8.8565ms)
production/evidence/continuous/20261005-01/b01-repair-01/unit-final-01.log:105: trailing whitespace.
+✔ S03 FR03 editing inner Structure validates dependent depth16 and preserves Redo on depth17 rejection (16.4283ms)
production/evidence/continuous/20261005-01/b01-repair-01/unit-final-01.log:106: trailing whitespace.
+✔ S03 FR03 affected dependent expansion and vector component budgets reject atomically (3.208ms)
production/evidence/continuous/20261005-01/b01-repair-01/unit-final-01.log:107: trailing whitespace.
+✔ S03 EG01 native array constructor2048, clipboard2048 boundary and same-load reuse (5.189ms)
production/evidence/continuous/20261005-01/b01-repair-01/unit-final-01.log:108: trailing whitespace.
+✔ S03 EG01 native array constructor2049, clipboard2048 boundary and same-load reuse (6.0944ms)
production/evidence/continuous/20261005-01/b01-repair-01/unit-final-01.log:109: trailing whitespace.
+✔ S03 EG01 native array constructor4096, clipboard2048 boundary and same-load reuse (5.2989ms)
production/evidence/continuous/20261005-01/b01-repair-01/unit-final-01.log:110: trailing whitespace.
+✔ S03 EG01 native array constructor4097 rejects atomically (2.0652ms)
production/evidence/continuous/20261005-01/b01-repair-01/unit-final-01.log:111: trailing whitespace.
+✔ S03 EG01 sampler clipboard path2048 admission (3.1807ms)
production/evidence/continuous/20261005-01/b01-repair-01/unit-final-01.log:112: trailing whitespace.
+✔ S03 EG01 sampler clipboard path2049 admission (3.2118ms)
production/evidence/continuous/20261005-01/b01-repair-01/unit-final-01.log:113: trailing whitespace.
+✔ S03 EG01 native arrays admit float/vec2/vec3/vec4 and remap symbolic length closure (19.1211ms)
production/evidence/continuous/20261005-01/b01-repair-01/unit-final-01.log:114: trailing whitespace.
+✔ S03 EG01 native arrays reject matrix/nested/expressions and invalid length owner types (7.5909ms)
production/evidence/continuous/20261005-01/b01-repair-01/unit-final-01.log:115: trailing whitespace.
+✔ S03 EG01 TOP declarations clone while source+origin slots reuse, defaults persist, and Undo/Redo/save preserve identity (14.0725ms)
production/evidence/continuous/20261005-01/b01-repair-01/unit-final-01.log:116: trailing whitespace.
+✔ S03 EG01 specialization import allocates minimal vacant ID0,2 ->1 (4.42ms)
production/evidence/continuous/20261005-01/b01-repair-01/unit-final-01.log:117: trailing whitespace.
+✔ S03 EG01 unsupported target, unavailable owner and throwing owner reject without publication (6.0881ms)
production/evidence/continuous/20261005-01/b01-repair-01/unit-final-01.log:118: trailing whitespace.
+✔ S03 EG01 numeric uniform scalar/vector/matrix transfer remains independent and generation is explicit unavailable (12.517ms)
production/evidence/continuous/20261005-01/b01-repair-01/unit-final-01.log:119: trailing whitespace.
+✔ S03 FR03 registered resource types cannot become Structure fields (1.8373ms)
production/evidence/continuous/20261005-01/b01-repair-01/unit-final-01.log:120: trailing whitespace.
+✔ S03 EG01 exact provider/target ownership and imported descriptor failures stay atomic (3.9868ms)
production/evidence/continuous/20261005-01/b01-repair-01/unit-final-01.log:121: trailing whitespace.
+✔ S03 EG01 round2 implicit constant array@["glsl.float",2] preserves same-load reuse and rejects real cross-Graph and fresh-load publication (8.823ms)
production/evidence/continuous/20261005-01/b01-repair-01/unit-final-01.log:122: trailing whitespace.
+✔ S03 EG01 round2 constant array@["glsl.float",2] preserves same-load reuse and rejects real cross-Graph and fresh-load publication (8.5616ms)
production/evidence/continuous/20261005-01/b01-repair-01/unit-final-01.log:123: trailing whitespace.
+✔ S03 EG01 round2 uniform array@["glsl.float",2] preserves same-load reuse and rejects real cross-Graph and fresh-load publication (9.3674ms)
production/evidence/continuous/20261005-01/b01-repair-01/unit-final-01.log:124: trailing whitespace.
+✔ S03 EG01 round2 implicit constant array@["glsl.vec2",2] preserves same-load reuse and rejects real cross-Graph and fresh-load publication (8.8533ms)
production/evidence/continuous/20261005-01/b01-repair-01/unit-final-01.log:125: trailing whitespace.
+✔ S03 EG01 round2 constant array@["glsl.vec2",2] preserves same-load reuse and rejects real cross-Graph and fresh-load publication (8.8177ms)
production/evidence/continuous/20261005-01/b01-repair-01/unit-final-01.log:126: trailing whitespace.
+✔ S03 EG01 round2 uniform array@["glsl.vec2",2] preserves same-load reuse and rejects real cross-Graph and fresh-load publication (9.7041ms)
production/evidence/continuous/20261005-01/b01-repair-01/unit-final-01.log:127: trailing whitespace.
+✔ S03 EG01 round2 scalar/vector/matrix constants and uniforms still cross actual Graph and fresh load (48.4755ms)
production/evidence/continuous/20261005-01/b01-repair-01/unit-final-01.log:128: trailing whitespace.
+✔ S03 custom declared/state closure same-Graph remaps identities only and Undo/Redo (7.3358ms)
production/evidence/continuous/20261005-01/b01-repair-01/unit-final-01.log:129: trailing whitespace.
+✔ S03 custom declared/state closure cross-Graph remaps identities only and Undo/Redo (7.4769ms)
production/evidence/continuous/20261005-01/b01-repair-01/unit-final-01.log:130: trailing whitespace.
+✔ S03 grouping an existing caller preserves child-owned frame node addresses (10.0046ms)
production/evidence/continuous/20261005-01/b01-repair-01/unit-final-01.log:131: trailing whitespace.
+✔ S03 owner collect/remap throws and escaping/incomplete references reject atomically with Redo preserved (7.5511ms)
production/evidence/continuous/20261005-01/b01-repair-01/unit-final-01.log:132: trailing whitespace.
+✔ S03 custom resources follow encapsulation and direct independence, ordinary dependencies remain shared (18.9557ms)
production/evidence/continuous/20261005-01/b01-repair-01/unit-final-01.log:133: trailing whitespace.
+✔ S03 encapsulation deduplicates crossing interfaces, shared generation is pure, Undo restores all references (6.8535ms)
production/evidence/continuous/20261005-01/b01-repair-01/unit-final-01.log:134: trailing whitespace.
+✔ S03 interface rename/reorder/type/removal reconciles every caller once and Undo restores values/invalid edges/loss (9.6185ms)
production/evidence/continuous/20261005-01/b01-repair-01/unit-final-01.log:135: trailing whitespace.
+✔ S03 nested resource callers including unused ancestors reconcile child interface (10.1773ms)
production/evidence/continuous/20261005-01/b01-repair-01/unit-final-01.log:136: trailing whitespace.
+✔ S03 library position keeps identity, semantic edit forks target and library ancestors and local refs atomically (26.1931ms)
production/evidence/continuous/20261005-01/b01-repair-01/unit-final-01.log:137: trailing whitespace.
+✔ S03 direct make independent clones direct definition, shares dependencies and remaps own boundary (17.5202ms)
production/evidence/continuous/20261005-01/b01-repair-01/unit-final-01.log:138: trailing whitespace.
+✔ S03 same-load clipboard reuses current source; cross-graph remaps resources and preserves text (5.9153ms)
production/evidence/continuous/20261005-01/b01-repair-01/unit-final-01.log:139: trailing whitespace.
+✔ S03 clipboard typed native symbolic array closure remaps only semantic references (4.9477ms)
production/evidence/continuous/20261005-01/b01-repair-01/unit-final-01.log:140: trailing whitespace.
+✔ S03 late bad edge, escaping refs, forbidden source and missing closure reject without nodes/resources/history/notifications (5.1397ms)
production/evidence/continuous/20261005-01/b01-repair-01/unit-final-01.log:141: trailing whitespace.
+✔ S03 source selection stays outside encapsulation; boundary-only grouping is no-op and preserves redo (3.3191ms)
production/evidence/continuous/20261005-01/b01-repair-01/unit-final-01.log:142: trailing whitespace.
+✔ S03 structure drafts retain stable fields, reject recursion and block deletion while referenced (2.0041ms)
production/evidence/continuous/20261005-01/b01-repair-01/unit-final-01.log:143: trailing whitespace.
+✔ S03 contexts distinguish occurrences; nested scoped targets never revive after navigation and Undo (13.261ms)
production/evidence/continuous/20261005-01/b01-repair-01/unit-final-01.log:144: trailing whitespace.
+✔ S03 library snapshot position edit retains origin, first semantic edit forks and old source remains immutable (8.2943ms)
production/evidence/continuous/20261005-01/b01-repair-01/unit-final-01.log:145: trailing whitespace.
+✔ S03 nested delete and required boundary protection use the canonical Graph (5.019ms)
production/evidence/continuous/20261005-01/b01-repair-01/unit-final-01.log:146: trailing whitespace.
+✔ S03 library ancestor traversal crosses local parents (30.9688ms)
production/evidence/continuous/20261005-01/b01-repair-01/unit-final-01.log:147: trailing whitespace.
+✔ S03 spare-port creation and first edge are one Undo entry with stable keys (6.9517ms)
production/evidence/continuous/20261005-01/b01-repair-01/unit-final-01.log:148: trailing whitespace.
+✔ S03 whole frames travel through grouping and cross-Graph clipboard with fresh identities (8.9318ms)
production/evidence/continuous/20261005-01/b01-repair-01/unit-final-01.log:149: trailing whitespace.
+✔ S03 vector/matrix reshape retains override components and defaults follow interface defaults (6.0719ms)
production/evidence/continuous/20261005-01/b01-repair-01/unit-final-01.log:150: trailing whitespace.
+✔ S03 malformed resource envelopes, missing boundaries and nominal conflicts reject atomically (7.5449ms)
production/evidence/continuous/20261005-01/b01-repair-01/unit-final-01.log:151: trailing whitespace.
+✔ S03 source admission cannot be bypassed by nested add, grouping or pasted nodes (4.1219ms)
production/evidence/continuous/20261005-01/b01-repair-01/unit-final-01.log:152: trailing whitespace.
+✔ S03 layout proposal rejects navigation ABA, semantic fork and Undo (7.3035ms)
production/evidence/continuous/20261005-01/b01-repair-01/unit-final-01.log:153: trailing whitespace.
+✔ S03 clipboard rejects forged hydrated plans and invalid edge evidence (2.7646ms)
production/evidence/continuous/20261005-01/b01-repair-01/unit-final-01.log:154: trailing whitespace.
+✔ S03 empty library paste preserves origin, selection-independent History and Redo (6.3201ms)
production/evidence/continuous/20261005-01/b01-repair-01/unit-final-01.log:155: trailing whitespace.
+✔ S03 packet-wide network identity collisions and malformed reused resource envelopes reject (4.583ms)
production/evidence/continuous/20261005-01/b01-repair-01/unit-final-01.log:156: trailing whitespace.
+✔ S03 source transfer uses actual load identity and reopened documents cannot forge same-load reuse (2.7136ms)
production/evidence/continuous/20261005-01/b01-repair-01/unit-final-01.log:157: trailing whitespace.
+✔ S03 structure emission is read-only, nominally declared once, field deletion preserves invalid edges and Undo (4.8919ms)
production/evidence/continuous/20261005-01/b01-repair-01/unit-final-01.log:158: trailing whitespace.
+✔ S03 accepted paste requires a valid destination and direct whole frames survive clipboard (4.5506ms)
production/evidence/continuous/20261005-01/b01-repair-01/unit-final-01.log:159: trailing whitespace.
+✔ S03 scoped parameters and proposals from identical persistent IDs expire across a new load (7.1964ms)
production/evidence/continuous/20261005-01/b01-repair-01/unit-final-01.log:160: trailing whitespace.
+(node:22932) ExperimentalWarning: Transform Types is an experimental feature and might change at any time
production/evidence/continuous/20261005-01/b01-repair-01/unit-final-01.log:161: trailing whitespace.
+(Use `node --trace-warnings ...` to show where the warning was created)
production/evidence/continuous/20261005-01/b01-repair-01/unit-final-01.log:162: trailing whitespace.
+✔ S03 library grouping resolves the forked canonical network (5.9256ms)
production/evidence/continuous/20261005-01/b01-repair-01/unit-final-01.log:163: trailing whitespace.
+✔ S03 local child semantic edit forks its library ancestor (17.4956ms)
production/evidence/continuous/20261005-01/b01-repair-01/unit-final-01.log:164: trailing whitespace.
+✔ S03 explicit override equal to default survives interface defaults and save/reload (11.0129ms)
production/evidence/continuous/20261005-01/b01-repair-01/unit-final-01.log:165: trailing whitespace.
+✔ S03 direct independence preserves nonowned state, declared references and typed frame resources (11.1153ms)
production/evidence/continuous/20261005-01/b01-repair-01/unit-final-01.log:166: trailing whitespace.
+✔ S03 encapsulation rejects cross-scope node references despite matching local IDs (1.5611ms)
production/evidence/continuous/20261005-01/b01-repair-01/unit-final-01.log:167: trailing whitespace.
+✔ S03 New creates Value vec4 passthrough; shared rename retains instance names and no-op keeps library identity (11.9815ms)
production/evidence/continuous/20261005-01/b01-repair-01/unit-final-01.log:168: trailing whitespace.
+✔ S03 explicit interface Add stops at16 per direction without erasing preserved oversized draft (13.1953ms)
production/evidence/continuous/20261005-01/b01-repair-01/unit-final-01.log:169: trailing whitespace.
+✔ S03 structure authoring validates count, names, description, nested fixed arrays, recursion/depth and expansion (384.1618ms)
production/evidence/continuous/20261005-01/b01-repair-01/unit-final-01.log:170: trailing whitespace.
+✔ S03 large external array declarations survive metadata edits; materialization remains bounded (3.0456ms)
production/evidence/continuous/20261005-01/b01-repair-01/unit-final-01.log:171: trailing whitespace.
+✔ S03 type tokens retain eight dimensions and reject extra tuple fields (1.7458ms)
production/evidence/continuous/20261005-01/b01-repair-01/unit-final-01.log:172: trailing whitespace.
+✔ S03 disconnected output boundary follows shared output defaults (6.4333ms)
production/evidence/continuous/20261005-01/b01-repair-01/unit-final-01.log:173: trailing whitespace.
+✔ S03 inline array construction and same-load reuse allow2049 elements; cross-Graph clipboard rejects composites (17.3453ms)
production/evidence/continuous/20261005-01/b01-repair-01/unit-final-01.log:174: trailing whitespace.
+✔ S03 nested input link ABA invalidates old edit tokens without changing History on rejection (15.4524ms)
production/evidence/continuous/20261005-01/b01-repair-01/unit-final-01.log:175: trailing whitespace.
+✔ S03 shared same-key type changes reject stale caller tokens and removed handles never revive (9.5134ms)
production/evidence/continuous/20261005-01/b01-repair-01/unit-final-01.log:176: trailing whitespace.
+✔ S03 cross-Graph nominal closure remaps nested structures and Undo removes the full insertion (5.2466ms)
production/evidence/continuous/20261005-01/b01-repair-01/unit-final-01.log:177: trailing whitespace.
+✔ S03 reusable definition cycles reject atomically including unused dependencies (9.9231ms)
production/evidence/continuous/20261005-01/b01-repair-01/unit-final-01.log:178: trailing whitespace.
+✔ S04 Personal complete owner payload and typed references survive reuse fork and absent Library source (47.5899ms)
production/evidence/continuous/20261005-01/b01-repair-01/unit-final-01.log:179: trailing whitespace.
+✔ S04 DEC004 same-name destination sources retain distinct identity and changed imported bindings regenerate (430.8031ms)
production/evidence/continuous/20261005-01/b01-repair-01/unit-final-01.log:180: trailing whitespace.
+✔ S04 Personal malformed envelope checksum and unsupported owner reject before provider writes; list deduplicates renamed files (31.5266ms)
production/evidence/continuous/20261005-01/b01-repair-01/unit-final-01.log:181: trailing whitespace.
+✔ S04 DEC002 one-source fanout does not mutate source or existing conversions and pad failures agree (17.1863ms)
production/evidence/continuous/20261005-01/b01-repair-01/unit-final-01.log:182: trailing whitespace.
+✔ S04 Personal root owner remap and input-bound Independent retain complete typed scope (76.1104ms)
production/evidence/continuous/20261005-01/b01-repair-01/unit-final-01.log:183: trailing whitespace.
+✔ S04 stored inherited v2 and pad plans retain complete extensions through Personal shared import and reopen (25.9468ms)
production/evidence/continuous/20261005-01/b01-repair-01/unit-final-01.log:184: trailing whitespace.
+✔ S04 shipped basic Library snapshot compiles after semantic fork and Personal roundtrip (10.9542ms)
production/evidence/continuous/20261005-01/b01-repair-01/unit-final-01.log:185: trailing whitespace.
+✔ S04 Personal canonical package preserves snapshots, same-version reuse, independent and collision-safe filenames (27.7256ms)
production/evidence/continuous/20261005-01/b01-repair-01/unit-final-01.log:186: trailing whitespace.
+✔ S04 DEC002 all16 default float plans, version fences and current ImageOutput compile (1.247ms)
production/evidence/continuous/20261005-01/b01-repair-01/unit-final-01.log:187: trailing whitespace.
+✔ S04 AC001 additive envelope upgrade retains exact pins and inactive evidence, fences v2 under2.0 (1.2685ms)
production/evidence/continuous/20261005-01/b01-repair-01/unit-final-01.log:188: trailing whitespace.
+✔ S04 DEC004 literal Personal typed closure survives canonical export import save reopen generation (28.5683ms)
production/evidence/continuous/20261005-01/b01-repair-01/unit-final-01.log:189: trailing whitespace.
+✔ S04 DEC004 source Personal typed closure survives canonical export import save reopen generation (72.8264ms)
production/evidence/continuous/20261005-01/b01-repair-01/unit-final-01.log:190: trailing whitespace.
+✔ S04 DEC004 direct-source Personal typed closure survives canonical export import save reopen generation (36.3217ms)
production/evidence/continuous/20261005-01/b01-repair-01/unit-final-01.log:191: trailing whitespace.
+✔ S04 DEC004 input Personal typed closure survives canonical export import save reopen generation (79.2734ms)
production/evidence/continuous/20261005-01/b01-repair-01/unit-final-01.log:192: trailing whitespace.
+✔ S04 DEC004 input-bound length uses caller override and rejects conflicting caller sources (20.8335ms)
production/evidence/continuous/20261005-01/b01-repair-01/unit-final-01.log:193: trailing whitespace.
+✔ S04 DEC004 nested shared input bindings remap through Personal and remain independent after semantic fork and reinsert (344.4974ms)
production/evidence/continuous/20261005-01/b01-repair-01/unit-final-01.log:194: trailing whitespace.
+✔ S04 AC001 inactive owner network resources and unknown wrapper versions preserve the version fence (5.1337ms)
production/evidence/continuous/20261005-01/b01-repair-01/unit-final-01.log:195: trailing whitespace.
+✔ S04 DEC004 rejected literal/source/input/nested candidates are atomic through Application with valid checksums (195.1781ms)
production/evidence/continuous/20261005-01/b01-repair-01/unit-final-01.log:196: trailing whitespace.
+✔ S04 Personal Library per-file isolation, safe names, duplicate-at-capacity and provider failures leave existing assets unchanged (34.0137ms)
production/evidence/continuous/20261005-01/b01-repair-01/unit-final-01.log:197: trailing whitespace.
+✔ S04 AC001 unchanged accepted reader and exact old/new definition boundaries (2.6378ms)
production/evidence/continuous/20261005-01/b01-repair-01/unit-final-01.log:198: trailing whitespace.
+✔ S04 inherited v2 plans preserve extensions across hydration move clipboard nested and Personal (13.185ms)
production/evidence/continuous/20261005-01/b01-repair-01/unit-final-01.log:199: trailing whitespace.
+✔ S04 current exact source owner supports new image descriptors without retargeting legacy owner (1.4191ms)
production/evidence/continuous/20261005-01/b01-repair-01/unit-final-01.log:200: trailing whitespace.
+✔ S04 DEC004 required int length input qualifies with an actual constant supply and changed caller defaults regenerate (88.7631ms)
production/evidence/continuous/20261005-01/b01-repair-01/unit-final-01.log:201: trailing whitespace.
+✔ S05 drag repair root reads one fresh snapshot and retains immutable earlier projections (2.5099ms)
production/evidence/continuous/20261005-01/b01-repair-01/unit-final-01.log:202: trailing whitespace.
+✔ S05 drag repair nested reads one fresh snapshot and retains immutable earlier projections (8.9477ms)
production/evidence/continuous/20261005-01/b01-repair-01/unit-final-01.log:203: trailing whitespace.
+✔ S05 drag repair preserves readonly and busy notification values while movement keeps field token (3.2877ms)
production/evidence/continuous/20261005-01/b01-repair-01/unit-final-01.log:204: trailing whitespace.
+✔ S05 replacement eligibility keeps source validity separate and exact mismatch refusal atomic (11.8636ms)
production/evidence/continuous/20261005-01/b01-repair-01/unit-final-01.log:205: trailing whitespace.
+✔ S05 matching replacement preserves Graph load and Context identity with one full-content Undo Redo (11.502ms)
production/evidence/continuous/20261005-01/b01-repair-01/unit-final-01.log:206: trailing whitespace.
+✔ S05 replacement eligibility and command retain stale cancelled invalid readonly and fabricated guards (25.9192ms)
production/evidence/continuous/20261005-01/b01-repair-01/unit-final-01.log:207: trailing whitespace.
+✔ S05 model preflight and publication share exact kind and ordered-pin refusal without History (3.5727ms)
production/evidence/continuous/20261005-01/b01-repair-01/unit-final-01.log:208: trailing whitespace.
+✔ S05-FR-001 complete program preserves distinct and reversed shared Uniform identity in all emission modes (472.5895ms)
production/evidence/continuous/20261005-01/b01-repair-01/unit-final-01.log:209: trailing whitespace.
+✔ S05-FR-001 same-stage same resource type conflict fails without artifacts or Graph changes (14.1586ms)
production/evidence/continuous/20261005-01/b01-repair-01/unit-final-01.log:210: trailing whitespace.
+✔ S05-FR-001 same-stage same resource default conflict fails without artifacts or Graph changes (14.3339ms)
production/evidence/continuous/20261005-01/b01-repair-01/unit-final-01.log:211: trailing whitespace.
+✔ S05-FR-001 cross-stage same resource type conflict fails without artifacts or Graph changes (13.3564ms)
production/evidence/continuous/20261005-01/b01-repair-01/unit-final-01.log:212: trailing whitespace.
+✔ S05-FR-001 cross-stage same resource default conflict fails without artifacts or Graph changes (12.9506ms)
production/evidence/continuous/20261005-01/b01-repair-01/unit-final-01.log:213: trailing whitespace.
+✔ S05 fixed float: literals inside Function stay constant while formal and result are runtime (33.421ms)
production/evidence/continuous/20261005-01/b01-repair-01/unit-final-01.log:214: trailing whitespace.
+✔ S05 fixed float: defaults fixed schema every stage and mode with pure generation and roundtrip (227.9666ms)
production/evidence/continuous/20261005-01/b01-repair-01/unit-final-01.log:215: trailing whitespace.
+✔ S05 fixed float: bad payloads unused errors atomic commands fixed source and constant distinction (3.1763ms)
production/evidence/continuous/20261005-01/b01-repair-01/unit-final-01.log:216: trailing whitespace.
+✔ S05 fixed float: scoped two-context edits one Undo and stale token preserve History (5.9978ms)
production/evidence/continuous/20261005-01/b01-repair-01/unit-final-01.log:217: trailing whitespace.
+✔ S05 fixed float: shared Function and Personal owner closure retain exact values (18.5211ms)
production/evidence/continuous/20261005-01/b01-repair-01/unit-final-01.log:218: trailing whitespace.
+✔ S05 fixed vec2: literals inside Function stay constant while formal and result are runtime (31.1468ms)
production/evidence/continuous/20261005-01/b01-repair-01/unit-final-01.log:219: trailing whitespace.
+✔ S05 fixed vec2: defaults fixed schema every stage and mode with pure generation and roundtrip (233.2361ms)
production/evidence/continuous/20261005-01/b01-repair-01/unit-final-01.log:220: trailing whitespace.
+✔ S05 fixed vec2: bad payloads unused errors atomic commands fixed source and constant distinction (4.3807ms)
production/evidence/continuous/20261005-01/b01-repair-01/unit-final-01.log:221: trailing whitespace.
+✔ S05 fixed vec2: scoped two-context edits one Undo and stale token preserve History (6.169ms)
production/evidence/continuous/20261005-01/b01-repair-01/unit-final-01.log:222: trailing whitespace.
+✔ S05 fixed vec2: shared Function and Personal owner closure retain exact values (18.6563ms)
production/evidence/continuous/20261005-01/b01-repair-01/unit-final-01.log:223: trailing whitespace.
+✔ S05 fixed vec3: literals inside Function stay constant while formal and result are runtime (30.958ms)
production/evidence/continuous/20261005-01/b01-repair-01/unit-final-01.log:224: trailing whitespace.
+✔ S05 fixed vec3: defaults fixed schema every stage and mode with pure generation and roundtrip (230.6009ms)
production/evidence/continuous/20261005-01/b01-repair-01/unit-final-01.log:225: trailing whitespace.
+✔ S05 fixed vec3: bad payloads unused errors atomic commands fixed source and constant distinction (4.1678ms)
production/evidence/continuous/20261005-01/b01-repair-01/unit-final-01.log:226: trailing whitespace.
+✔ S05 fixed vec3: scoped two-context edits one Undo and stale token preserve History (6.037ms)
production/evidence/continuous/20261005-01/b01-repair-01/unit-final-01.log:227: trailing whitespace.
+✔ S05 fixed vec3: shared Function and Personal owner closure retain exact values (18.9745ms)
production/evidence/continuous/20261005-01/b01-repair-01/unit-final-01.log:228: trailing whitespace.
+✔ S05 fixed color: literals inside Function stay constant while formal and result are runtime (30.1451ms)
production/evidence/continuous/20261005-01/b01-repair-01/unit-final-01.log:229: trailing whitespace.
+✔ S05 fixed color: defaults fixed schema every stage and mode with pure generation and roundtrip (228.2138ms)
production/evidence/continuous/20261005-01/b01-repair-01/unit-final-01.log:230: trailing whitespace.
+✔ S05 fixed color: bad payloads unused errors atomic commands fixed source and constant distinction (4.0851ms)
production/evidence/continuous/20261005-01/b01-repair-01/unit-final-01.log:231: trailing whitespace.
+✔ S05 fixed color: scoped two-context edits one Undo and stale token preserve History (6.4811ms)
production/evidence/continuous/20261005-01/b01-repair-01/unit-final-01.log:232: trailing whitespace.
+✔ S05 fixed color: shared Function and Personal owner closure retain exact values (18.9091ms)
production/evidence/continuous/20261005-01/b01-repair-01/unit-final-01.log:233: trailing whitespace.
+✔ S05 AT03 source/literal shape extents stay fixed; input-bound scalar extent cannot specialize a function (74.6558ms)
production/evidence/continuous/20261005-01/b01-repair-01/unit-final-01.log:234: trailing whitespace.
+✔ S05 AT04 pre-existing malformed constant edge and authored losses are preserved (15.0366ms)
production/evidence/continuous/20261005-01/b01-repair-01/unit-final-01.log:235: trailing whitespace.
+✔ S05 AT04 AT05 unused shared dependent definitions localize and detach atomically with Redo exact (58.6006ms)
production/evidence/continuous/20261005-01/b01-repair-01/unit-final-01.log:236: trailing whitespace.
+✔ S05 AT08 multioutput and unconsumed nested effects have one evaluation per occurrence and stage-local helpers (39.485ms)
production/evidence/continuous/20261005-01/b01-repair-01/unit-final-01.log:237: trailing whitespace.
+✔ S05 AT08 two live depth writer occurrences reject even when one helper body is deduplicated (17.2737ms)
production/evidence/continuous/20261005-01/b01-repair-01/unit-final-01.log:238: trailing whitespace.
+✔ S05 AT01 definition default shared mode independent and no-op History (24.8661ms)
production/evidence/continuous/20261005-01/b01-repair-01/unit-final-01.log:239: trailing whitespace.
+✔ S05 AT02 one helper per definition and distinct caller arguments; nested helpers are dependency ordered (31.0892ms)
production/evidence/continuous/20261005-01/b01-repair-01/unit-final-01.log:240: trailing whitespace.
+✔ S05 AT03 ordinary inputs are runtime even when all callers pass constants; dead constant uses reject atomically (23.1704ms)
production/evidence/continuous/20261005-01/b01-repair-01/unit-final-01.log:241: trailing whitespace.
+✔ S05 AT03 Uniform parameter binding is runtime; ordinary connection rejects constant receiver without publication (16.076ms)
production/evidence/continuous/20261005-01/b01-repair-01/unit-final-01.log:242: trailing whitespace.
+✔ S05 AT04 AT05 transitive newly-invalid consumer edges detach once with losses, Undo/Redo and required error (25.7687ms)
production/evidence/continuous/20261005-01/b01-repair-01/unit-final-01.log:243: trailing whitespace.
+✔ S05 AT06 function Personal roundtrip reuses mode, localizes once and preserves source bytes (60.8672ms)
production/evidence/continuous/20261005-01/b01-repair-01/unit-final-01.log:244: trailing whitespace.
+✔ S05 AT06 DEC004 upgraded literal source input and nested Personal retain selected eligible modes through exchange (468.6784ms)
production/evidence/continuous/20261005-01/b01-repair-01/unit-final-01.log:245: trailing whitespace.
+✔ S05 AT07 explicit owner upgrade preserves old pins/body/origin and unknown mode never defaults (7.2274ms)
production/evidence/continuous/20261005-01/b01-repair-01/unit-final-01.log:246: trailing whitespace.
+✔ S05 AT09 later invalid edit and load retain function mode; diagnostic names shared definition and related calls (19.5628ms)
production/evidence/continuous/20261005-01/b01-repair-01/unit-final-01.log:247: trailing whitespace.
+✔ S05 AT10 body/mode/profile changes create fresh artifacts and old snapshot is immutable (46.3036ms)
production/evidence/continuous/20261005-01/b01-repair-01/unit-final-01.log:248: trailing whitespace.
+✔ S05 HTTP provider SHA256 canonical bytes known vectors and secure UUIDv4 fail-closed (34.2938ms)
production/evidence/continuous/20261005-01/b01-repair-01/unit-final-01.log:249: trailing whitespace.
+✔ OC01 zero ImageOutput is additive and empty new document compiles and roundtrips (1.608ms)
production/evidence/continuous/20261005-01/b01-repair-01/unit-final-01.log:250: trailing whitespace.
+✔ OC01 old exact ImageOutput pins retain required inputs and missing definitions never fall forward (0.9136ms)
production/evidence/continuous/20261005-01/b01-repair-01/unit-final-01.log:251: trailing whitespace.
+✔ OC01 explicit exact kind upgrade preserves IDs edges plans inactive evidence and makes new lifetime (11.3754ms)
production/evidence/continuous/20261005-01/b01-repair-01/unit-final-01.log:252: trailing whitespace.
+✔ OC01 upgrade missing destination readonly busy malformed source and owner throws reject atomically (1.4512ms)
production/evidence/continuous/20261005-01/b01-repair-01/unit-final-01.log:253: trailing whitespace.
+✔ OC01 new source owner delegates exact image descriptor admission without relaxing old owner (1.2419ms)
production/evidence/continuous/20261005-01/b01-repair-01/unit-final-01.log:254: trailing whitespace.
+✔ OC08 shared wire geometry has horizontal endpoints and distance-aware controls for both directions (0.2458ms)
production/evidence/continuous/20261005-01/b01-repair-01/unit-final-01.log:255: trailing whitespace.
+✔ OC01 new exact source descriptor closure supports TOP sampler native array construction and cross-load transfer (6.7738ms)
production/evidence/continuous/20261005-01/b01-repair-01/unit-final-01.log:256: trailing whitespace.
+✔ OC01 owner migration refuses active gesture and throwing callback; source document remains unchanged (1.314ms)
production/evidence/continuous/20261005-01/b01-repair-01/unit-final-01.log:257: trailing whitespace.
+✔ S06 catalog is a detached read over exact document pins and current occurrence stage (2.9751ms)
production/evidence/continuous/20261005-01/b01-repair-01/unit-final-01.log:258: trailing whitespace.
+✔ S06 source/name/category literal rank uses NFKC, aliases and all terms without regular expressions (2.5329ms)
production/evidence/continuous/20261005-01/b01-repair-01/unit-final-01.log:259: trailing whitespace.
+✔ S06 stale creation proposals reject revision, navigation ABA, load and readonly without model or History writes (12.3648ms)
production/evidence/continuous/20261005-01/b01-repair-01/unit-final-01.log:260: trailing whitespace.
+✔ S06 connected creation replaces an occupied exact input atomically and Undo restores it (18.8714ms)
production/evidence/continuous/20261005-01/b01-repair-01/unit-final-01.log:261: trailing whitespace.
+✔ S06 query disposable IDs do not collide with admitted persistent IDs and consume no canonical identity (4.3754ms)
production/evidence/continuous/20261005-01/b01-repair-01/unit-final-01.log:262: trailing whitespace.
+✔ S06 forged reference and mismatched matching-port proposals reject before any model publication (41.6166ms)
production/evidence/continuous/20261005-01/b01-repair-01/unit-final-01.log:263: trailing whitespace.
+✔ S06 reference catalog excludes nested source admission without publishing query changes (18.5656ms)
production/evidence/continuous/20261005-01/b01-repair-01/unit-final-01.log:264: trailing whitespace.
+✔ S06 configured Compose preview and published schema/edge agree in one transaction and one Undo/Redo (58.2994ms)
production/evidence/continuous/20261005-01/b01-repair-01/unit-final-01.log:265: trailing whitespace.
+✔ S06 configured creation rejects invalid missing and non-choice parameters atomically preserving Redo and expired Draft (2.1623ms)
production/evidence/continuous/20261005-01/b01-repair-01/unit-final-01.log:266: trailing whitespace.
+✔ S06 configured creation preserves library fork/reference atomicity and rolls back a rejected choice (6.4605ms)
production/evidence/continuous/20261005-01/b01-repair-01/unit-final-01.log:267: trailing whitespace.
+✔ S06 configured creation keeps initializer descriptor, owner codec and reference validation before publication (2.7064ms)
production/evidence/continuous/20261005-01/b01-repair-01/unit-final-01.log:268: trailing whitespace.
+✔ S06 configured creation followed by failed connection rolls back the full batch (0.5916ms)
production/evidence/continuous/20261005-01/b01-repair-01/unit-final-01.log:269: trailing whitespace.
+✔ M1: missing-module boundary x rename rejects save before ACK without data loss (14.0338ms)
production/evidence/continuous/20261005-01/b01-repair-01/unit-final-01.log:270: trailing whitespace.
+✔ M1: missing-module boundary 中 rename rejects save before ACK without data loss (12.7977ms)
production/evidence/continuous/20261005-01/b01-repair-01/unit-final-01.log:271: trailing whitespace.
+✔ M1: missing-module boundary 🍇 rename rejects save before ACK without data loss (17.0382ms)
production/evidence/continuous/20261005-01/b01-repair-01/unit-final-01.log:272: trailing whitespace.
+✔ M1: compact fallback validates actual emitted bytes at and beyond the budget (9.297ms)
production/evidence/continuous/20261005-01/b01-repair-01/unit-final-01.log:273: trailing whitespace.
+✔ M1: nodes at/beyond network limit obey save/reopen invariant (18.2855ms)
production/evidence/continuous/20261005-01/b01-repair-01/unit-final-01.log:274: trailing whitespace.
+✔ M1: edges at/beyond network limit obey save/reopen invariant (35.3998ms)
production/evidence/continuous/20261005-01/b01-repair-01/unit-final-01.log:275: trailing whitespace.
+✔ M1: editing beyond network capacity cannot acknowledge a save or erase the previous saved document (81.3775ms)
production/evidence/continuous/20261005-01/b01-repair-01/unit-final-01.log:276: trailing whitespace.
+ℹ tests 269
production/evidence/continuous/20261005-01/b01-repair-01/unit-final-01.log:277: trailing whitespace.
+ℹ suites 0
production/evidence/continuous/20261005-01/b01-repair-01/unit-final-01.log:278: trailing whitespace.
+ℹ pass 269
production/evidence/continuous/20261005-01/b01-repair-01/unit-final-01.log:279: trailing whitespace.
+ℹ fail 0
production/evidence/continuous/20261005-01/b01-repair-01/unit-final-01.log:280: trailing whitespace.
+ℹ cancelled 0
production/evidence/continuous/20261005-01/b01-repair-01/unit-final-01.log:281: trailing whitespace.
+ℹ skipped 0
production/evidence/continuous/20261005-01/b01-repair-01/unit-final-01.log:282: trailing whitespace.
+ℹ todo 0
production/evidence/continuous/20261005-01/b01-repair-01/unit-final-01.log:283: trailing whitespace.
+ℹ duration_ms 8892.3938
production/evidence/continuous/20261005-01/b01-repair-01/unit-final-01.log:284: trailing whitespace.
+npm notice
production/evidence/continuous/20261005-01/b01-repair-01/unit-final-01.log:285: trailing whitespace.
+npm notice New minor version of npm available! 11.8.0 -> 11.21.0
production/evidence/continuous/20261005-01/b01-repair-01/unit-final-01.log:286: trailing whitespace.
+npm notice Changelog: https://github.com/npm/cli/releases/tag/v11.21.0
production/evidence/continuous/20261005-01/b01-repair-01/unit-final-01.log:287: trailing whitespace.
+npm notice To update run: npm install -g npm@11.21.0
production/evidence/continuous/20261005-01/b01-repair-01/unit-final-01.log:288: trailing whitespace.
+npm notice
production/evidence/continuous/20261005-01/b01-repair-01/unit-focus-01.log:1: trailing whitespace.
+✔ B01 group0, positive groups and fixed Canvas routes distinguish activation, hide and close (7.7227ms)
production/evidence/continuous/20261005-01/b01-repair-01/unit-focus-01.log:2: trailing whitespace.
+✔ B01 direct Context changes and revision update routed targets, unchanged placement does not repeat receive (7.5703ms)
production/evidence/continuous/20261005-01/b01-repair-01/unit-focus-01.log:3: trailing whitespace.
+✔ B01 close and retarget veto keep logical instances and placement intact (2.2668ms)
production/evidence/continuous/20261005-01/b01-repair-01/unit-focus-01.log:4: trailing whitespace.
+✔ B01 provider borrowing guards direct disposal; closing releases borrow without deleting Context (0.9879ms)
production/evidence/continuous/20261005-01/b01-repair-01/unit-focus-01.log:5: trailing whitespace.
+✔ B01 move, float, collapse, hide/show preserve Panel and exported draft; upper slot returns prior owner to dock (1.2963ms)
production/evidence/continuous/20261005-01/b01-repair-01/unit-focus-01.log:6: trailing whitespace.
+✔ B01 save/restore mints Context and leases, preserves inert identities and no runtime activation (3.4128ms)
production/evidence/continuous/20261005-01/b01-repair-01/unit-focus-01.log:7: trailing whitespace.
+✔ B01 application restore resolves exact graph/stage/occurrence, never names or first stage (1.4027ms)
production/evidence/continuous/20261005-01/b01-repair-01/unit-focus-01.log:8: trailing whitespace.
+✔ B01 missing type/version and unresolved target retain opaque data with retry using one registry (2.366ms)
production/evidence/continuous/20261005-01/b01-repair-01/unit-focus-01.log:9: trailing whitespace.
+✔ B01 full layout validation refuses malformed candidates before any factory or live mutation (3.3926ms)
production/evidence/continuous/20261005-01/b01-repair-01/unit-focus-01.log:10: trailing whitespace.
+(node:45380) ExperimentalWarning: Transform Types is an experimental feature and might change at any time
production/evidence/continuous/20261005-01/b01-repair-01/unit-focus-01.log:11: trailing whitespace.
+(Use `node --trace-warnings ...` to show where the warning was created)
production/evidence/continuous/20261005-01/b01-repair-01/unit-focus-01.log:12: trailing whitespace.
+✔ B01 invalid open/move route does not call factory or change tabs; reentry rejected in factory (1.0133ms)
production/evidence/continuous/20261005-01/b01-repair-01/unit-focus-01.log:13: trailing whitespace.
+✔ B01 export callback failure is whole-save failure without graph/history changes (0.739ms)
production/evidence/continuous/20261005-01/b01-repair-01/unit-focus-01.log:14: trailing whitespace.
+✔ B01 same-ID close/reopen rejects old services and restores detached state only (0.9186ms)
production/evidence/continuous/20261005-01/b01-repair-01/unit-focus-01.log:15: trailing whitespace.
+✔ B01 tab and group ordering revokes placement while preserving live Panel identity (0.9416ms)
production/evidence/continuous/20261005-01/b01-repair-01/unit-focus-01.log:16: trailing whitespace.
+✔ B01 restored owned Context survives same-target retarget and receive retry then closes (1.9334ms)
production/evidence/continuous/20261005-01/b01-repair-01/unit-focus-01.log:17: trailing whitespace.
+✔ B01 FR02 retry guards every lifecycle mutation and isolates observer exceptions (1.2708ms)
production/evidence/continuous/20261005-01/b01-repair-01/unit-focus-01.log:18: trailing whitespace.
+✔ B01 FR02 failed and successful retry retain owned Context and revoke old services (1.5898ms)
production/evidence/continuous/20261005-01/b01-repair-01/unit-focus-01.log:19: trailing whitespace.
+✔ B01 FR03 every valid JSON export including null survives layout roundtrip (2.1892ms)
production/evidence/continuous/20261005-01/b01-repair-01/unit-focus-01.log:20: trailing whitespace.
+✔ B01 FR03 opaque fallback retains null and invalid live exports refuse the complete save (1.8682ms)
production/evidence/continuous/20261005-01/b01-repair-01/unit-focus-01.log:21: trailing whitespace.
+ℹ tests 18
production/evidence/continuous/20261005-01/b01-repair-01/unit-focus-01.log:22: trailing whitespace.
+ℹ suites 0
production/evidence/continuous/20261005-01/b01-repair-01/unit-focus-01.log:23: trailing whitespace.
+ℹ pass 18
production/evidence/continuous/20261005-01/b01-repair-01/unit-focus-01.log:24: trailing whitespace.
+ℹ fail 0
production/evidence/continuous/20261005-01/b01-repair-01/unit-focus-01.log:25: trailing whitespace.
+ℹ cancelled 0
production/evidence/continuous/20261005-01/b01-repair-01/unit-focus-01.log:26: trailing whitespace.
+ℹ skipped 0
production/evidence/continuous/20261005-01/b01-repair-01/unit-focus-01.log:27: trailing whitespace.
+ℹ todo 0
production/evidence/continuous/20261005-01/b01-repair-01/unit-focus-01.log:28: trailing whitespace.
+ℹ duration_ms 163.7937
