production/evidence/coordinator/s05/closeout-20261004-01/maintainer-parent-intent-01.json:1: trailing whitespace.
+{
production/evidence/coordinator/s05/closeout-20261004-01/maintainer-parent-intent-01.json:2: trailing whitespace.
+  "packetType": "PARENT_S05_CLOSEOUT_MAINTAINER_INTENT",
production/evidence/coordinator/s05/closeout-20261004-01/maintainer-parent-intent-01.json:3: trailing whitespace.
+  "recordedAt": "2026-10-04T08:21:14.4053522Z",
production/evidence/coordinator/s05/closeout-20261004-01/maintainer-parent-intent-01.json:4: trailing whitespace.
+  "parentThreadId": "01a0fd87-65fd-7633-9f34-eea1516301ea",
production/evidence/coordinator/s05/closeout-20261004-01/maintainer-parent-intent-01.json:5: trailing whitespace.
+  "actionKey": "yeataro/Grape:S05:bounded-closeout:ed7683d:01",
production/evidence/coordinator/s05/closeout-20261004-01/maintainer-parent-intent-01.json:6: trailing whitespace.
+  "packetId": "S05-BOUNDED-CLOSEOUT-BOOKKEEPING-01",
production/evidence/coordinator/s05/closeout-20261004-01/maintainer-parent-intent-01.json:7: trailing whitespace.
+  "packet": {
production/evidence/coordinator/s05/closeout-20261004-01/maintainer-parent-intent-01.json:8: trailing whitespace.
+    "file": "production/evidence/coordinator/s05/closeout-20261004-01/maintainer-packet-01.json",
production/evidence/coordinator/s05/closeout-20261004-01/maintainer-parent-intent-01.json:9: trailing whitespace.
+    "sha256": "10d6b9c7bf7892fa372ec7c247f3d828f1280fb05dac3b3f390f9bca621ed47d",
production/evidence/coordinator/s05/closeout-20261004-01/maintainer-parent-intent-01.json:10: trailing whitespace.
+    "bytes": 9293
production/evidence/coordinator/s05/closeout-20261004-01/maintainer-parent-intent-01.json:11: trailing whitespace.
+  },
production/evidence/coordinator/s05/closeout-20261004-01/maintainer-parent-intent-01.json:12: trailing whitespace.
+  "expectedWorkHead": "ed7683de5c8836afe6142bab7be46a5cb0a8f389",
production/evidence/coordinator/s05/closeout-20261004-01/maintainer-parent-intent-01.json:13: trailing whitespace.
+  "observedHead": "ed7683de5c8836afe6142bab7be46a5cb0a8f389",
production/evidence/coordinator/s05/closeout-20261004-01/maintainer-parent-intent-01.json:14: trailing whitespace.
+  "PR": "https://github.com/yeataro/Grape/pull/6",
production/evidence/coordinator/s05/closeout-20261004-01/maintainer-parent-intent-01.json:15: trailing whitespace.
+  "remoteFacts": "Packet/Coordinator records main6aa6abb/worked7683d/PR6; writer rechecks read-only before dependent local bookkeeping. PM is sole current remote publisher/merger.",
production/evidence/coordinator/s05/closeout-20261004-01/maintainer-parent-intent-01.json:16: trailing whitespace.
+  "writer": {
production/evidence/coordinator/s05/closeout-20261004-01/maintainer-parent-intent-01.json:17: trailing whitespace.
+    "threadId": "01a0fd8c-081e-7492-8f59-55159462e301",
production/evidence/coordinator/s05/closeout-20261004-01/maintainer-parent-intent-01.json:18: trailing whitespace.
+    "canonicalAgent": "/root/s03_implementer_resume",
production/evidence/coordinator/s05/closeout-20261004-01/maintainer-parent-intent-01.json:19: trailing whitespace.
+    "parentThreadId": "01a0fd87-65fd-7633-9f34-eea1516301ea",
production/evidence/coordinator/s05/closeout-20261004-01/maintainer-parent-intent-01.json:20: trailing whitespace.
+    "status": "STOP_WRITING after B and rejected publication; PM subsequently pushed exact B and created PR6"
production/evidence/coordinator/s05/closeout-20261004-01/maintainer-parent-intent-01.json:21: trailing whitespace.
+  },
production/evidence/coordinator/s05/closeout-20261004-01/maintainer-parent-intent-01.json:22: trailing whitespace.
+  "writerObservation": {
production/evidence/coordinator/s05/closeout-20261004-01/maintainer-parent-intent-01.json:23: trailing whitespace.
+    "tool": "mcp__codex_app__read_thread",
production/evidence/coordinator/s05/closeout-20261004-01/maintainer-parent-intent-01.json:24: trailing whitespace.
+    "status": "idle",
production/evidence/coordinator/s05/closeout-20261004-01/maintainer-parent-intent-01.json:25: trailing whitespace.
+    "lastTurnId": "01a105f2-854e-7f51-afff-3f1a13efc7fe",
production/evidence/coordinator/s05/closeout-20261004-01/maintainer-parent-intent-01.json:26: trailing whitespace.
+    "lastTurnStatus": "completed",
production/evidence/coordinator/s05/closeout-20261004-01/maintainer-parent-intent-01.json:27: trailing whitespace.
+    "finalMessageId": "msg_0f7ea6f2d846c6d3016ac20a84d6c087d09268854cdb810266",
production/evidence/coordinator/s05/closeout-20261004-01/maintainer-parent-intent-01.json:28: trailing whitespace.
+    "historicResult": "B1 prepared, writer publication rejected and STOP_WRITING; laterPM authorized publication independently recorded, no retry requested here"
production/evidence/coordinator/s05/closeout-20261004-01/maintainer-parent-intent-01.json:29: trailing whitespace.
+  },
production/evidence/coordinator/s05/closeout-20261004-01/maintainer-parent-intent-01.json:30: trailing whitespace.
+  "status": "PREPARED_NOT_SENT",
production/evidence/coordinator/s05/closeout-20261004-01/maintainer-parent-intent-01.json:31: trailing whitespace.
+  "attempt": 1,
production/evidence/coordinator/s05/closeout-20261004-01/maintainer-parent-intent-01.json:32: trailing whitespace.
+  "retriesUsed": 0,
production/evidence/coordinator/s05/closeout-20261004-01/maintainer-parent-intent-01.json:33: trailing whitespace.
+  "actualMaintainerDispatchesBefore": 0,
production/evidence/coordinator/s05/closeout-20261004-01/maintainer-parent-intent-01.json:34: trailing whitespace.
+  "authorizationRef": {
production/evidence/coordinator/s05/closeout-20261004-01/maintainer-parent-intent-01.json:35: trailing whitespace.
+    "file": "production/evidence/coordinator/s05/closeout-20261004-01/human-acceptance-01.json",
production/evidence/coordinator/s05/closeout-20261004-01/maintainer-parent-intent-01.json:36: trailing whitespace.
+    "bytes": 4793,
production/evidence/coordinator/s05/closeout-20261004-01/maintainer-parent-intent-01.json:37: trailing whitespace.
+    "sha256": "5aecd3c1c2406b07d4f29115cc0a77fc040cdac0926c74e9716ffa7aeb8e7cd9"
production/evidence/coordinator/s05/closeout-20261004-01/maintainer-parent-intent-01.json:38: trailing whitespace.
+  },
production/evidence/coordinator/s05/closeout-20261004-01/maintainer-parent-intent-01.json:39: trailing whitespace.
+  "review": {
production/evidence/coordinator/s05/closeout-20261004-01/maintainer-parent-intent-01.json:40: trailing whitespace.
+    "sourceRoot": "C:/Users/user/.codex/worktrees/s05-drag-performance-review-01/Grape/.verification/s05-drag-performance-review-01",
production/evidence/coordinator/s05/closeout-20261004-01/maintainer-parent-intent-01.json:41: trailing whitespace.
+    "report": {
production/evidence/coordinator/s05/closeout-20261004-01/maintainer-parent-intent-01.json:42: trailing whitespace.
+      "file": "SCOPED_CLOSEOUT_ASSESSMENT-01.json",
production/evidence/coordinator/s05/closeout-20261004-01/maintainer-parent-intent-01.json:43: trailing whitespace.
+      "bytes": 46889,
production/evidence/coordinator/s05/closeout-20261004-01/maintainer-parent-intent-01.json:44: trailing whitespace.
+      "sha256": "2799350c47ed934ad0b2c4576218f612d2b6d4c12d21ad72c7914d0172da7e15"
production/evidence/coordinator/s05/closeout-20261004-01/maintainer-parent-intent-01.json:45: trailing whitespace.
+    },
production/evidence/coordinator/s05/closeout-20261004-01/maintainer-parent-intent-01.json:46: trailing whitespace.
+    "manifest": {
production/evidence/coordinator/s05/closeout-20261004-01/maintainer-parent-intent-01.json:47: trailing whitespace.
+      "file": "scoped-closeout-supporting-manifest-01.json",
production/evidence/coordinator/s05/closeout-20261004-01/maintainer-parent-intent-01.json:48: trailing whitespace.
+      "bytes": 7440,
production/evidence/coordinator/s05/closeout-20261004-01/maintainer-parent-intent-01.json:49: trailing whitespace.
+      "sha256": "ab0ca11b09d2820373211b2d250d923c14186f232a3c79fce48fe35eb8790f79"
production/evidence/coordinator/s05/closeout-20261004-01/maintainer-parent-intent-01.json:50: trailing whitespace.
+    },
production/evidence/coordinator/s05/closeout-20261004-01/maintainer-parent-intent-01.json:51: trailing whitespace.
+    "newManifestObjects": 20,
production/evidence/coordinator/s05/closeout-20261004-01/maintainer-parent-intent-01.json:52: trailing whitespace.
+    "existingReferencedObjects": 18,
production/evidence/coordinator/s05/closeout-20261004-01/maintainer-parent-intent-01.json:53: trailing whitespace.
+    "coordinatorHashByteChecks": "All38 entries and manifest/report identities match; 354 historicalsupport verified by reviewer",
production/evidence/coordinator/s05/closeout-20261004-01/maintainer-parent-intent-01.json:54: trailing whitespace.
+    "verdict": "PASS scoped local selected delivery; no blocking prerequisites within assessed scope"
production/evidence/coordinator/s05/closeout-20261004-01/maintainer-parent-intent-01.json:55: trailing whitespace.
+  },
production/evidence/coordinator/s05/closeout-20261004-01/maintainer-parent-intent-01.json:56: trailing whitespace.
+  "verification": {
production/evidence/coordinator/s05/closeout-20261004-01/maintainer-parent-intent-01.json:57: trailing whitespace.
+    "packetAndAcceptanceReportManifestHashesMatched": true,
production/evidence/coordinator/s05/closeout-20261004-01/maintainer-parent-intent-01.json:58: trailing whitespace.
+    "newManifestObjects": 20,
production/evidence/coordinator/s05/closeout-20261004-01/maintainer-parent-intent-01.json:59: trailing whitespace.
+    "existingReferencedObjects": 18,
production/evidence/coordinator/s05/closeout-20261004-01/maintainer-parent-intent-01.json:60: trailing whitespace.
+    "all38HashesBytesMatched": true,
production/evidence/coordinator/s05/closeout-20261004-01/maintainer-parent-intent-01.json:61: trailing whitespace.
+    "pathsContained": true,
production/evidence/coordinator/s05/closeout-20261004-01/maintainer-parent-intent-01.json:62: trailing whitespace.
+    "pendingEscapeFiles": 3,
production/evidence/coordinator/s05/closeout-20261004-01/maintainer-parent-intent-01.json:63: trailing whitespace.
+    "indexEmpty": true,
production/evidence/coordinator/s05/closeout-20261004-01/maintainer-parent-intent-01.json:64: trailing whitespace.
+    "trackedDirty": [
production/evidence/coordinator/s05/closeout-20261004-01/maintainer-parent-intent-01.json:65: trailing whitespace.
+      "production/src/features/canvas.ts"
production/evidence/coordinator/s05/closeout-20261004-01/maintainer-parent-intent-01.json:66: trailing whitespace.
+    ]
production/evidence/coordinator/s05/closeout-20261004-01/maintainer-parent-intent-01.json:67: trailing whitespace.
+  },
production/evidence/coordinator/s05/closeout-20261004-01/maintainer-parent-intent-01.json:68: trailing whitespace.
+  "preserveDirty": [
production/evidence/coordinator/s05/closeout-20261004-01/maintainer-parent-intent-01.json:69: trailing whitespace.
+    {
production/evidence/coordinator/s05/closeout-20261004-01/maintainer-parent-intent-01.json:70: trailing whitespace.
+      "file": "production/src/features/canvas.ts",
production/evidence/coordinator/s05/closeout-20261004-01/maintainer-parent-intent-01.json:71: trailing whitespace.
+      "bytes": 43694,
production/evidence/coordinator/s05/closeout-20261004-01/maintainer-parent-intent-01.json:72: trailing whitespace.
+      "sha256": "c5d15f9d08f693f5a30b1cedef983280a7053c850e48ca308389f230a9968dbf"
production/evidence/coordinator/s05/closeout-20261004-01/maintainer-parent-intent-01.json:73: trailing whitespace.
+    },
production/evidence/coordinator/s05/closeout-20261004-01/maintainer-parent-intent-01.json:74: trailing whitespace.
+    {
production/evidence/coordinator/s05/closeout-20261004-01/maintainer-parent-intent-01.json:75: trailing whitespace.
+      "file": "production/tests/browser/s05-escape-flow.ts",
production/evidence/coordinator/s05/closeout-20261004-01/maintainer-parent-intent-01.json:76: trailing whitespace.
+      "bytes": 6070,
production/evidence/coordinator/s05/closeout-20261004-01/maintainer-parent-intent-01.json:77: trailing whitespace.
+      "sha256": "026dfcde6cb0d52ecadbff8dbd98568c7ba225fb32b912d0c8b3c9c35e7c336b"
production/evidence/coordinator/s05/closeout-20261004-01/maintainer-parent-intent-01.json:78: trailing whitespace.
+    },
production/evidence/coordinator/s05/closeout-20261004-01/maintainer-parent-intent-01.json:79: trailing whitespace.
+    {
production/evidence/coordinator/s05/closeout-20261004-01/maintainer-parent-intent-01.json:80: trailing whitespace.
+      "file": "production/tests/browser/s05-escape-focus.spec.ts",
production/evidence/coordinator/s05/closeout-20261004-01/maintainer-parent-intent-01.json:81: trailing whitespace.
+      "bytes": 1068,
production/evidence/coordinator/s05/closeout-20261004-01/maintainer-parent-intent-01.json:82: trailing whitespace.
+      "sha256": "782ff1c3d15ace69184b19f27b771f9481d04b936ae49b342525739e8560a370"
production/evidence/coordinator/s05/closeout-20261004-01/maintainer-parent-intent-01.json:83: trailing whitespace.
+    }
production/evidence/coordinator/s05/closeout-20261004-01/maintainer-parent-intent-01.json:84: trailing whitespace.
+  ],
production/evidence/coordinator/s05/closeout-20261004-01/maintainer-parent-intent-01.json:85: trailing whitespace.
+  "duplicateCheck": "Action matches only Coordinator packet/prepared intent; no parent intent/result, bookkeeping result or target closeout evidence yet",
production/evidence/coordinator/s05/closeout-20261004-01/maintainer-parent-intent-01.json:86: trailing whitespace.
+  "sourceSearchLimit": "Initial rg included absent acceptance/s05 path; other paths searched successfully, explicit target absence verified",
production/evidence/coordinator/s05/closeout-20261004-01/maintainer-parent-intent-01.json:87: trailing whitespace.
+  "requestedAction": "One followup to original writer for bounded local completion bookkeeping and metadata-only B2; no remote actions, noS06",
production/evidence/coordinator/s05/closeout-20261004-01/maintainer-parent-intent-01.json:88: trailing whitespace.
+  "parentAllowedPaths": [
production/evidence/coordinator/s05/closeout-20261004-01/maintainer-parent-intent-01.json:89: trailing whitespace.
+    "production/evidence/coordinator/s05/closeout-20261004-01/maintainer-parent-intent-01.json",
production/evidence/coordinator/s05/closeout-20261004-01/maintainer-parent-intent-01.json:90: trailing whitespace.
+    "production/evidence/coordinator/s05/closeout-20261004-01/maintainer-parent-result-01.json"
production/evidence/coordinator/s05/closeout-20261004-01/maintainer-parent-intent-01.json:91: trailing whitespace.
+  ],
production/evidence/coordinator/s05/closeout-20261004-01/maintainer-parent-intent-01.json:92: trailing whitespace.
+  "requiredHistoricalPreservation": [
production/evidence/coordinator/s05/closeout-20261004-01/maintainer-parent-intent-01.json:93: trailing whitespace.
+    "Original review6 remains BLOCKED/WF_PERMISSION",
production/evidence/coordinator/s05/closeout-20261004-01/maintainer-parent-intent-01.json:94: trailing whitespace.
+    "Escape original remains OPEN/FAIL, expressly deferred by Owner and independently nonblocking for local scoped closeout",
production/evidence/coordinator/s05/closeout-20261004-01/maintainer-parent-intent-01.json:95: trailing whitespace.
+    "LAN/Tailscale two checks remain OPEN/NOT_EXECUTED and still block three-origin/full original review claims",
production/evidence/coordinator/s05/closeout-20261004-01/maintainer-parent-intent-01.json:96: trailing whitespace.
+    "All historical reviews/acceptances and raw hashes unchanged",
production/evidence/coordinator/s05/closeout-20261004-01/maintainer-parent-intent-01.json:97: trailing whitespace.
+    "All uncommitted Escape source/tests/evidence unchanged and excluded from this commit",
production/evidence/coordinator/s05/closeout-20261004-01/maintainer-parent-intent-01.json:98: trailing whitespace.
+    "Other untracked Human/reference/debug data preserved"
production/evidence/coordinator/s05/closeout-20261004-01/maintainer-parent-intent-01.json:99: trailing whitespace.
+  ],
production/evidence/coordinator/s05/closeout-20261004-01/maintainer-parent-intent-01.json:100: trailing whitespace.
+  "findingCounters": {
production/evidence/coordinator/s05/closeout-20261004-01/maintainer-parent-intent-01.json:101: trailing whitespace.
+    "performance": "repair1 unsuccessful0 globalreview6 retained",
production/evidence/coordinator/s05/closeout-20261004-01/maintainer-parent-intent-01.json:102: trailing whitespace.
+    "escape": "repair1 unsuccessful0 deferred, unreviewed repair remains",
production/evidence/coordinator/s05/closeout-20261004-01/maintainer-parent-intent-01.json:103: trailing whitespace.
+    "publication": "writer attempt1 rejected; PM same-gate reevaluation1 rejected then explicitHuman reply and allowed push. Keep all outcomes, no budget reset.",
production/evidence/coordinator/s05/closeout-20261004-01/maintainer-parent-intent-01.json:104: trailing whitespace.
+    "bookkeepingAttempt": 1
production/evidence/coordinator/s05/closeout-20261004-01/maintainer-parent-intent-01.json:105: trailing whitespace.
+  },
production/evidence/coordinator/s05/closeout-20261004-01/maintainer-parent-intent-01.json:106: trailing whitespace.
+  "parentProductWrites": false,
production/evidence/coordinator/s05/closeout-20261004-01/maintainer-parent-intent-01.json:107: trailing whitespace.
+  "parentStateWrites": false,
production/evidence/coordinator/s05/closeout-20261004-01/maintainer-parent-intent-01.json:108: trailing whitespace.
+  "parentGitMutations": [],
production/evidence/coordinator/s05/closeout-20261004-01/maintainer-parent-intent-01.json:109: trailing whitespace.
+  "parentRemoteActions": [],
production/evidence/coordinator/s05/closeout-20261004-01/maintainer-parent-intent-01.json:110: trailing whitespace.
+  "maintainerRemoteWritesAuthorized": false,
production/evidence/coordinator/s05/closeout-20261004-01/maintainer-parent-intent-01.json:111: trailing whitespace.
+  "completion": "NOT_CLAIMED",
production/evidence/coordinator/s05/closeout-20261004-01/maintainer-parent-intent-01.json:112: trailing whitespace.
+  "nextRoute": "Local B2 and delta/checks/relocation/preservation receipt then STOP_WRITING; Coordinator gives concrete delta to PM for guarded publication/merge"
production/evidence/coordinator/s05/closeout-20261004-01/maintainer-parent-intent-01.json:113: trailing whitespace.
+}
production/evidence/coordinator/s05/closeout-20261004-01/maintainer-parent-result-01.json:1: trailing whitespace.
+{
production/evidence/coordinator/s05/closeout-20261004-01/maintainer-parent-result-01.json:2: trailing whitespace.
+  "packetType": "PARENT_S05_CLOSEOUT_MAINTAINER_RESULT",
production/evidence/coordinator/s05/closeout-20261004-01/maintainer-parent-result-01.json:3: trailing whitespace.
+  "recordedAt": "2026-10-04T08:22:04.4217526Z",
production/evidence/coordinator/s05/closeout-20261004-01/maintainer-parent-result-01.json:4: trailing whitespace.
+  "parentThreadId": "01a0fd87-65fd-7633-9f34-eea1516301ea",
production/evidence/coordinator/s05/closeout-20261004-01/maintainer-parent-result-01.json:5: trailing whitespace.
+  "actionKey": "yeataro/Grape:S05:bounded-closeout:ed7683d:01",
production/evidence/coordinator/s05/closeout-20261004-01/maintainer-parent-result-01.json:6: trailing whitespace.
+  "packetId": "S05-BOUNDED-CLOSEOUT-BOOKKEEPING-01",
production/evidence/coordinator/s05/closeout-20261004-01/maintainer-parent-result-01.json:7: trailing whitespace.
+  "packet": {
production/evidence/coordinator/s05/closeout-20261004-01/maintainer-parent-result-01.json:8: trailing whitespace.
+    "file": "production/evidence/coordinator/s05/closeout-20261004-01/maintainer-packet-01.json",
production/evidence/coordinator/s05/closeout-20261004-01/maintainer-parent-result-01.json:9: trailing whitespace.
+    "sha256": "10d6b9c7bf7892fa372ec7c247f3d828f1280fb05dac3b3f390f9bca621ed47d",
production/evidence/coordinator/s05/closeout-20261004-01/maintainer-parent-result-01.json:10: trailing whitespace.
+    "bytes": 9293
production/evidence/coordinator/s05/closeout-20261004-01/maintainer-parent-result-01.json:11: trailing whitespace.
+  },
production/evidence/coordinator/s05/closeout-20261004-01/maintainer-parent-result-01.json:12: trailing whitespace.
+  "intent": {
production/evidence/coordinator/s05/closeout-20261004-01/maintainer-parent-result-01.json:13: trailing whitespace.
+    "file": "production/evidence/coordinator/s05/closeout-20261004-01/maintainer-parent-intent-01.json",
production/evidence/coordinator/s05/closeout-20261004-01/maintainer-parent-result-01.json:14: trailing whitespace.
+    "sha256": "05d26e653889276cac8ec33faca3c47fa7ae44f43d8372dfb34d7a9bbe4068ed"
production/evidence/coordinator/s05/closeout-20261004-01/maintainer-parent-result-01.json:15: trailing whitespace.
+  },
production/evidence/coordinator/s05/closeout-20261004-01/maintainer-parent-result-01.json:16: trailing whitespace.
+  "expectedStartingHead": "ed7683de5c8836afe6142bab7be46a5cb0a8f389",
production/evidence/coordinator/s05/closeout-20261004-01/maintainer-parent-result-01.json:17: trailing whitespace.
+  "observedHeadAfterDispatch": "ed7683de5c8836afe6142bab7be46a5cb0a8f389",
production/evidence/coordinator/s05/closeout-20261004-01/maintainer-parent-result-01.json:18: trailing whitespace.
+  "PR": "https://github.com/yeataro/Grape/pull/6",
production/evidence/coordinator/s05/closeout-20261004-01/maintainer-parent-result-01.json:19: trailing whitespace.
+  "writer": {
production/evidence/coordinator/s05/closeout-20261004-01/maintainer-parent-result-01.json:20: trailing whitespace.
+    "threadId": "01a0fd8c-081e-7492-8f59-55159462e301",
production/evidence/coordinator/s05/closeout-20261004-01/maintainer-parent-result-01.json:21: trailing whitespace.
+    "canonicalAgent": "/root/s03_implementer_resume",
production/evidence/coordinator/s05/closeout-20261004-01/maintainer-parent-result-01.json:22: trailing whitespace.
+    "parentThreadId": "01a0fd87-65fd-7633-9f34-eea1516301ea",
production/evidence/coordinator/s05/closeout-20261004-01/maintainer-parent-result-01.json:23: trailing whitespace.
+    "status": "STOP_WRITING after B and rejected publication; PM subsequently pushed exact B and created PR6"
production/evidence/coordinator/s05/closeout-20261004-01/maintainer-parent-result-01.json:24: trailing whitespace.
+  },
production/evidence/coordinator/s05/closeout-20261004-01/maintainer-parent-result-01.json:25: trailing whitespace.
+  "status": "DISPATCHED_RUNNING_PACKET_READ_ACKNOWLEDGED",
production/evidence/coordinator/s05/closeout-20261004-01/maintainer-parent-result-01.json:26: trailing whitespace.
+  "attempt": 1,
production/evidence/coordinator/s05/closeout-20261004-01/maintainer-parent-result-01.json:27: trailing whitespace.
+  "retriesUsed": 0,
production/evidence/coordinator/s05/closeout-20261004-01/maintainer-parent-result-01.json:28: trailing whitespace.
+  "actualMaintainerDispatches": 1,
production/evidence/coordinator/s05/closeout-20261004-01/maintainer-parent-result-01.json:29: trailing whitespace.
+  "dispatch": {
production/evidence/coordinator/s05/closeout-20261004-01/maintainer-parent-result-01.json:30: trailing whitespace.
+    "tool": "collaboration.followup_task",
production/evidence/coordinator/s05/closeout-20261004-01/maintainer-parent-result-01.json:31: trailing whitespace.
+    "target": "/root/s03_implementer_resume",
production/evidence/coordinator/s05/closeout-20261004-01/maintainer-parent-result-01.json:32: trailing whitespace.
+    "calls": 1,
production/evidence/coordinator/s05/closeout-20261004-01/maintainer-parent-result-01.json:33: trailing whitespace.
+    "outcome": "Returned successfully with no text payload",
production/evidence/coordinator/s05/closeout-20261004-01/maintainer-parent-result-01.json:34: trailing whitespace.
+    "replacementWriterCreated": false
production/evidence/coordinator/s05/closeout-20261004-01/maintainer-parent-result-01.json:35: trailing whitespace.
+  },
production/evidence/coordinator/s05/closeout-20261004-01/maintainer-parent-result-01.json:36: trailing whitespace.
+  "postDispatchObservation": {
production/evidence/coordinator/s05/closeout-20261004-01/maintainer-parent-result-01.json:37: trailing whitespace.
+    "tool": "collaboration.list_agents",
production/evidence/coordinator/s05/closeout-20261004-01/maintainer-parent-result-01.json:38: trailing whitespace.
+    "agentName": "/root/s03_implementer_resume",
production/evidence/coordinator/s05/closeout-20261004-01/maintainer-parent-result-01.json:39: trailing whitespace.
+    "agentStatus": "running",
production/evidence/coordinator/s05/closeout-20261004-01/maintainer-parent-result-01.json:40: trailing whitespace.
+    "staleHelperFinalExcluded": true
production/evidence/coordinator/s05/closeout-20261004-01/maintainer-parent-result-01.json:41: trailing whitespace.
+  },
production/evidence/coordinator/s05/closeout-20261004-01/maintainer-parent-result-01.json:42: trailing whitespace.
+  "consumptionEvidence": {
production/evidence/coordinator/s05/closeout-20261004-01/maintainer-parent-result-01.json:43: trailing whitespace.
+    "tool": "mcp__codex_app__read_thread",
production/evidence/coordinator/s05/closeout-20261004-01/maintainer-parent-result-01.json:44: trailing whitespace.
+    "threadId": "01a0fd8c-081e-7492-8f59-55159462e301",
production/evidence/coordinator/s05/closeout-20261004-01/maintainer-parent-result-01.json:45: trailing whitespace.
+    "turnId": "01a10601-0b9d-7253-92aa-069a8a2ae133",
production/evidence/coordinator/s05/closeout-20261004-01/maintainer-parent-result-01.json:46: trailing whitespace.
+    "turnStatus": "inProgress",
production/evidence/coordinator/s05/closeout-20261004-01/maintainer-parent-result-01.json:47: trailing whitespace.
+    "messageId": "msg_0f7ea6f2d846c6d3016ac20c9044e887d0884a36959320aa06",
production/evidence/coordinator/s05/closeout-20261004-01/maintainer-parent-result-01.json:48: trailing whitespace.
+    "quote": "我會核對新的結案 packet、限定範圍的 PASS 與 Human 驗收紀錄，僅完成本機狀態及證據提交。遠端發布由「Grape PM」負責；待續 Escape 修復、原始審查結論與既有服務都會保留。",
production/evidence/coordinator/s05/closeout-20261004-01/maintainer-parent-result-01.json:49: trailing whitespace.
+    "packetReadCommandId": "exec-df169474-c008-4bd5-9fa7-b350ab72ac18",
production/evidence/coordinator/s05/closeout-20261004-01/maintainer-parent-result-01.json:50: trailing whitespace.
+    "packetReadStatus": "completed",
production/evidence/coordinator/s05/closeout-20261004-01/maintainer-parent-result-01.json:51: trailing whitespace.
+    "packetReadExitCode": 0
production/evidence/coordinator/s05/closeout-20261004-01/maintainer-parent-result-01.json:52: trailing whitespace.
+  },
production/evidence/coordinator/s05/closeout-20261004-01/maintainer-parent-result-01.json:53: trailing whitespace.
+  "verification": {
production/evidence/coordinator/s05/closeout-20261004-01/maintainer-parent-result-01.json:54: trailing whitespace.
+    "packetAndAcceptanceReportManifestHashesMatched": true,
production/evidence/coordinator/s05/closeout-20261004-01/maintainer-parent-result-01.json:55: trailing whitespace.
+    "newManifestObjects": 20,
production/evidence/coordinator/s05/closeout-20261004-01/maintainer-parent-result-01.json:56: trailing whitespace.
+    "existingReferencedObjects": 18,
production/evidence/coordinator/s05/closeout-20261004-01/maintainer-parent-result-01.json:57: trailing whitespace.
+    "all38HashesBytesMatched": true,
production/evidence/coordinator/s05/closeout-20261004-01/maintainer-parent-result-01.json:58: trailing whitespace.
+    "pathsContained": true,
production/evidence/coordinator/s05/closeout-20261004-01/maintainer-parent-result-01.json:59: trailing whitespace.
+    "pendingEscapeFiles": 3,
production/evidence/coordinator/s05/closeout-20261004-01/maintainer-parent-result-01.json:60: trailing whitespace.
+    "indexEmpty": true,
production/evidence/coordinator/s05/closeout-20261004-01/maintainer-parent-result-01.json:61: trailing whitespace.
+    "trackedDirty": [
production/evidence/coordinator/s05/closeout-20261004-01/maintainer-parent-result-01.json:62: trailing whitespace.
+      "production/src/features/canvas.ts"
production/evidence/coordinator/s05/closeout-20261004-01/maintainer-parent-result-01.json:63: trailing whitespace.
+    ]
production/evidence/coordinator/s05/closeout-20261004-01/maintainer-parent-result-01.json:64: trailing whitespace.
+  },
production/evidence/coordinator/s05/closeout-20261004-01/maintainer-parent-result-01.json:65: trailing whitespace.
+  "preserveDirtyAtDispatch": [
production/evidence/coordinator/s05/closeout-20261004-01/maintainer-parent-result-01.json:66: trailing whitespace.
+    {
production/evidence/coordinator/s05/closeout-20261004-01/maintainer-parent-result-01.json:67: trailing whitespace.
+      "file": "production/src/features/canvas.ts",
production/evidence/coordinator/s05/closeout-20261004-01/maintainer-parent-result-01.json:68: trailing whitespace.
+      "bytes": 43694,
production/evidence/coordinator/s05/closeout-20261004-01/maintainer-parent-result-01.json:69: trailing whitespace.
+      "sha256": "c5d15f9d08f693f5a30b1cedef983280a7053c850e48ca308389f230a9968dbf"
production/evidence/coordinator/s05/closeout-20261004-01/maintainer-parent-result-01.json:70: trailing whitespace.
+    },
production/evidence/coordinator/s05/closeout-20261004-01/maintainer-parent-result-01.json:71: trailing whitespace.
+    {
production/evidence/coordinator/s05/closeout-20261004-01/maintainer-parent-result-01.json:72: trailing whitespace.
+      "file": "production/tests/browser/s05-escape-flow.ts",
production/evidence/coordinator/s05/closeout-20261004-01/maintainer-parent-result-01.json:73: trailing whitespace.
+      "bytes": 6070,
production/evidence/coordinator/s05/closeout-20261004-01/maintainer-parent-result-01.json:74: trailing whitespace.
+      "sha256": "026dfcde6cb0d52ecadbff8dbd98568c7ba225fb32b912d0c8b3c9c35e7c336b"
production/evidence/coordinator/s05/closeout-20261004-01/maintainer-parent-result-01.json:75: trailing whitespace.
+    },
production/evidence/coordinator/s05/closeout-20261004-01/maintainer-parent-result-01.json:76: trailing whitespace.
+    {
production/evidence/coordinator/s05/closeout-20261004-01/maintainer-parent-result-01.json:77: trailing whitespace.
+      "file": "production/tests/browser/s05-escape-focus.spec.ts",
production/evidence/coordinator/s05/closeout-20261004-01/maintainer-parent-result-01.json:78: trailing whitespace.
+      "bytes": 1068,
production/evidence/coordinator/s05/closeout-20261004-01/maintainer-parent-result-01.json:79: trailing whitespace.
+      "sha256": "782ff1c3d15ace69184b19f27b771f9481d04b936ae49b342525739e8560a370"
production/evidence/coordinator/s05/closeout-20261004-01/maintainer-parent-result-01.json:80: trailing whitespace.
+    }
production/evidence/coordinator/s05/closeout-20261004-01/maintainer-parent-result-01.json:81: trailing whitespace.
+  ],
production/evidence/coordinator/s05/closeout-20261004-01/maintainer-parent-result-01.json:82: trailing whitespace.
+  "requiredHistoricalPreservation": [
production/evidence/coordinator/s05/closeout-20261004-01/maintainer-parent-result-01.json:83: trailing whitespace.
+    "Original review6 remains BLOCKED/WF_PERMISSION",
production/evidence/coordinator/s05/closeout-20261004-01/maintainer-parent-result-01.json:84: trailing whitespace.
+    "Escape original remains OPEN/FAIL, expressly deferred by Owner and independently nonblocking for local scoped closeout",
production/evidence/coordinator/s05/closeout-20261004-01/maintainer-parent-result-01.json:85: trailing whitespace.
+    "LAN/Tailscale two checks remain OPEN/NOT_EXECUTED and still block three-origin/full original review claims",
production/evidence/coordinator/s05/closeout-20261004-01/maintainer-parent-result-01.json:86: trailing whitespace.
+    "All historical reviews/acceptances and raw hashes unchanged",
production/evidence/coordinator/s05/closeout-20261004-01/maintainer-parent-result-01.json:87: trailing whitespace.
+    "All uncommitted Escape source/tests/evidence unchanged and excluded from this commit",
production/evidence/coordinator/s05/closeout-20261004-01/maintainer-parent-result-01.json:88: trailing whitespace.
+    "Other untracked Human/reference/debug data preserved"
production/evidence/coordinator/s05/closeout-20261004-01/maintainer-parent-result-01.json:89: trailing whitespace.
+  ],
production/evidence/coordinator/s05/closeout-20261004-01/maintainer-parent-result-01.json:90: trailing whitespace.
+  "remoteBoundary": "PM is sole remote publisher/merger; original maintainer local metadata only, no push/PRedit/merge",
production/evidence/coordinator/s05/closeout-20261004-01/maintainer-parent-result-01.json:91: trailing whitespace.
+  "parentActions": {
production/evidence/coordinator/s05/closeout-20261004-01/maintainer-parent-result-01.json:92: trailing whitespace.
+    "newFiles": [
production/evidence/coordinator/s05/closeout-20261004-01/maintainer-parent-result-01.json:93: trailing whitespace.
+      "production/evidence/coordinator/s05/closeout-20261004-01/maintainer-parent-intent-01.json",
production/evidence/coordinator/s05/closeout-20261004-01/maintainer-parent-result-01.json:94: trailing whitespace.
+      "production/evidence/coordinator/s05/closeout-20261004-01/maintainer-parent-result-01.json"
production/evidence/coordinator/s05/closeout-20261004-01/maintainer-parent-result-01.json:95: trailing whitespace.
+    ],
production/evidence/coordinator/s05/closeout-20261004-01/maintainer-parent-result-01.json:96: trailing whitespace.
+    "productWrites": [],
production/evidence/coordinator/s05/closeout-20261004-01/maintainer-parent-result-01.json:97: trailing whitespace.
+    "stateWrites": [],
production/evidence/coordinator/s05/closeout-20261004-01/maintainer-parent-result-01.json:98: trailing whitespace.
+    "gitMutations": [],
production/evidence/coordinator/s05/closeout-20261004-01/maintainer-parent-result-01.json:99: trailing whitespace.
+    "networkActions": [],
production/evidence/coordinator/s05/closeout-20261004-01/maintainer-parent-result-01.json:100: trailing whitespace.
+    "serviceActions": [],
production/evidence/coordinator/s05/closeout-20261004-01/maintainer-parent-result-01.json:101: trailing whitespace.
+    "remoteActions": []
production/evidence/coordinator/s05/closeout-20261004-01/maintainer-parent-result-01.json:102: trailing whitespace.
+  },
production/evidence/coordinator/s05/closeout-20261004-01/maintainer-parent-result-01.json:103: trailing whitespace.
+  "bookkeepingCompletion": "NOT_CLAIMED; dispatch/consumption are not completed B2 or S05 registration",
production/evidence/coordinator/s05/closeout-20261004-01/maintainer-parent-result-01.json:104: trailing whitespace.
+  "S06": "No activation under this packet; subsequent explicit packet only after merged baseline",
production/evidence/coordinator/s05/closeout-20261004-01/maintainer-parent-result-01.json:105: trailing whitespace.
+  "nextRoute": "Same maintainer returns local B2, concrete metadata delta, checks and preservation/relocation receipts then STOP_WRITING; Coordinator supplies delta to PM for guarded publication/merge."
production/evidence/coordinator/s05/closeout-20261004-01/maintainer-parent-result-01.json:106: trailing whitespace.
+}
production/evidence/coordinator/s05/owner-pr-01/publication-raw-whitespace-01.log:3: trailing whitespace.
++{
production/evidence/coordinator/s05/owner-pr-01/publication-raw-whitespace-01.log:5: trailing whitespace.
++  "packetType": "PARENT_ESCAPE_FOCUS_REPAIR_DISPATCH_INTENT",
production/evidence/coordinator/s05/owner-pr-01/publication-raw-whitespace-01.log:7: trailing whitespace.
++  "recordedAt": "2026-10-04T07:57:04.9503031Z",
production/evidence/coordinator/s05/owner-pr-01/publication-raw-whitespace-01.log:9: trailing whitespace.
++  "parentThreadId": "01a0fd87-65fd-7633-9f34-eea1516301ea",
production/evidence/coordinator/s05/owner-pr-01/publication-raw-whitespace-01.log:11: trailing whitespace.
++  "actionKey": "yeataro/Grape:S05:escape-focus-repair:a807a96:01",
production/evidence/coordinator/s05/owner-pr-01/publication-raw-whitespace-01.log:13: trailing whitespace.
++  "packetId": "S05-ESCAPE-FOCUS-REPAIR-01",
production/evidence/coordinator/s05/owner-pr-01/publication-raw-whitespace-01.log:15: trailing whitespace.
++  "packet": {
production/evidence/coordinator/s05/owner-pr-01/publication-raw-whitespace-01.log:17: trailing whitespace.
++    "file": "production/evidence/coordinator/s05/escape-focus-repair-01/repair-packet-01.json",
production/evidence/coordinator/s05/owner-pr-01/publication-raw-whitespace-01.log:19: trailing whitespace.
++    "sha256": "fe1224ada8604c1e186966e0ebf2bc8a28c60298dd4a8d0a807f1b1cf3bd150e",
production/evidence/coordinator/s05/owner-pr-01/publication-raw-whitespace-01.log:21: trailing whitespace.
++    "bytes": 11003
production/evidence/coordinator/s05/owner-pr-01/publication-raw-whitespace-01.log:23: trailing whitespace.
++  },
production/evidence/coordinator/s05/owner-pr-01/publication-raw-whitespace-01.log:25: trailing whitespace.
++  "coordinatorIntent": {
production/evidence/coordinator/s05/owner-pr-01/publication-raw-whitespace-01.log:27: trailing whitespace.
++    "file": "production/evidence/coordinator/s05/escape-focus-repair-01/dispatch-intent-01.json",
production/evidence/coordinator/s05/owner-pr-01/publication-raw-whitespace-01.log:29: trailing whitespace.
++    "sha256": "5a018255807cba191cbbb636ad75bb17767a25bf563f8f980b7073138935baa2"
production/evidence/coordinator/s05/owner-pr-01/publication-raw-whitespace-01.log:31: trailing whitespace.
++  },
production/evidence/coordinator/s05/owner-pr-01/publication-raw-whitespace-01.log:33: trailing whitespace.
++  "expectedWorkHead": "a807a965e88f3254cd198b4b01358a631fb3d5c7",
production/evidence/coordinator/s05/owner-pr-01/publication-raw-whitespace-01.log:35: trailing whitespace.
++  "observedHead": "a807a965e88f3254cd198b4b01358a631fb3d5c7",
production/evidence/coordinator/s05/owner-pr-01/publication-raw-whitespace-01.log:37: trailing whitespace.
++  "writer": {
production/evidence/coordinator/s05/owner-pr-01/publication-raw-whitespace-01.log:39: trailing whitespace.
++    "threadId": "01a0fd8c-081e-7492-8f59-55159462e301",
production/evidence/coordinator/s05/owner-pr-01/publication-raw-whitespace-01.log:41: trailing whitespace.
++    "canonicalAgent": "/root/s03_implementer_resume",
production/evidence/coordinator/s05/owner-pr-01/publication-raw-whitespace-01.log:43: trailing whitespace.
++    "title": "Grape S05 實作與維護",
production/evidence/coordinator/s05/owner-pr-01/publication-raw-whitespace-01.log:45: trailing whitespace.
++    "parentThreadId": "01a0fd87-65fd-7633-9f34-eea1516301ea",
production/evidence/coordinator/s05/owner-pr-01/publication-raw-whitespace-01.log:47: trailing whitespace.
++    "status": "idle/STOP_WRITING verified cursor671"
production/evidence/coordinator/s05/owner-pr-01/publication-raw-whitespace-01.log:49: trailing whitespace.
++  },
production/evidence/coordinator/s05/owner-pr-01/publication-raw-whitespace-01.log:51: trailing whitespace.
++  "writerObservation": {
production/evidence/coordinator/s05/owner-pr-01/publication-raw-whitespace-01.log:53: trailing whitespace.
++    "tool": "mcp__codex_app__read_thread",
production/evidence/coordinator/s05/owner-pr-01/publication-raw-whitespace-01.log:55: trailing whitespace.
++    "status": "idle",
production/evidence/coordinator/s05/owner-pr-01/publication-raw-whitespace-01.log:57: trailing whitespace.
++    "latestTurnId": "01a105db-2738-74f0-abdd-e70ae69ae62d",
production/evidence/coordinator/s05/owner-pr-01/publication-raw-whitespace-01.log:59: trailing whitespace.
++    "latestTurnStatus": "completed",
production/evidence/coordinator/s05/owner-pr-01/publication-raw-whitespace-01.log:61: trailing whitespace.
++    "finalMessageId": "msg_0f7ea6f2d846c6d3016ac2038feaac87d09aaec48ebb4374e5",
production/evidence/coordinator/s05/owner-pr-01/publication-raw-whitespace-01.log:63: trailing whitespace.
++    "result": "P6 metadata preservation complete / STOP_WRITING",
production/evidence/coordinator/s05/owner-pr-01/publication-raw-whitespace-01.log:65: trailing whitespace.
++    "pageRolloutOrdinal": 7899
production/evidence/coordinator/s05/owner-pr-01/publication-raw-whitespace-01.log:67: trailing whitespace.
++  },
production/evidence/coordinator/s05/owner-pr-01/publication-raw-whitespace-01.log:69: trailing whitespace.
++  "status": "PREPARED_NOT_SENT",
production/evidence/coordinator/s05/owner-pr-01/publication-raw-whitespace-01.log:71: trailing whitespace.
++  "dispatchAttempt": 1,
production/evidence/coordinator/s05/owner-pr-01/publication-raw-whitespace-01.log:73: trailing whitespace.
++  "transientRetriesUsed": 0,
production/evidence/coordinator/s05/owner-pr-01/publication-raw-whitespace-01.log:75: trailing whitespace.
++  "actualRepairDispatchesBefore": 0,
production/evidence/coordinator/s05/owner-pr-01/publication-raw-whitespace-01.log:77: trailing whitespace.
++  "findingGroup": {
production/evidence/coordinator/s05/owner-pr-01/publication-raw-whitespace-01.log:79: trailing whitespace.
++    "id": "S05-FG-ESCAPE-FOCUS-01",
production/evidence/coordinator/s05/owner-pr-01/publication-raw-whitespace-01.log:81: trailing whitespace.
++    "findingIds": [
production/evidence/coordinator/s05/owner-pr-01/publication-raw-whitespace-01.log:83: trailing whitespace.
++      "S05-FR-ESCAPE-FOCUS-001"
production/evidence/coordinator/s05/owner-pr-01/publication-raw-whitespace-01.log:85: trailing whitespace.
++    ],
production/evidence/coordinator/s05/owner-pr-01/publication-raw-whitespace-01.log:87: trailing whitespace.
++    "repairAttempt": 1,
production/evidence/coordinator/s05/owner-pr-01/publication-raw-whitespace-01.log:89: trailing whitespace.
++    "unsuccessfulRepairReviewRounds": 0,
production/evidence/coordinator/s05/owner-pr-01/publication-raw-whitespace-01.log:91: trailing whitespace.
++    "initialIndependentFinding": "P2 FAIL",
production/evidence/coordinator/s05/owner-pr-01/publication-raw-whitespace-01.log:93: trailing whitespace.
++    "identityBasis": "Distinct concrete native mouse focus/Canvas event routing defect. Prior drag-performance finding was excessive snapshot cloning in editor.ts. canvas.ts is unchanged from R5; no claim optimization introduced this defect. Prior performance repair1/unsuccessful0/globalreview6 and all earlier counters remain; network permission gap not reset."
production/evidence/coordinator/s05/owner-pr-01/publication-raw-whitespace-01.log:95: trailing whitespace.
++  },
production/evidence/coordinator/s05/owner-pr-01/publication-raw-whitespace-01.log:97: trailing whitespace.
++  "verification": {
production/evidence/coordinator/s05/owner-pr-01/publication-raw-whitespace-01.log:99: trailing whitespace.
++    "directRefs": 7,
production/evidence/coordinator/s05/owner-pr-01/publication-raw-whitespace-01.log:101: trailing whitespace.
++    "rawReviewObjects": 28,
production/evidence/coordinator/s05/owner-pr-01/publication-raw-whitespace-01.log:103: trailing whitespace.
++    "sourceConfigFiles": 131,
production/evidence/coordinator/s05/owner-pr-01/publication-raw-whitespace-01.log:105: trailing whitespace.
++    "hashAndLengthMatched": true,
production/evidence/coordinator/s05/owner-pr-01/publication-raw-whitespace-01.log:107: trailing whitespace.
++    "normalizedRawPathsContainedAndUnique": true,
production/evidence/coordinator/s05/owner-pr-01/publication-raw-whitespace-01.log:109: trailing whitespace.
++    "trackedAndIndexClean": true
production/evidence/coordinator/s05/owner-pr-01/publication-raw-whitespace-01.log:111: trailing whitespace.
++  },
production/evidence/coordinator/s05/owner-pr-01/publication-raw-whitespace-01.log:113: trailing whitespace.
++  "inputRefs": [
production/evidence/coordinator/s05/owner-pr-01/publication-raw-whitespace-01.log:115: trailing whitespace.
++    {
production/evidence/coordinator/s05/owner-pr-01/publication-raw-whitespace-01.log:117: trailing whitespace.
++      "file": "C:/Users/user/.codex/worktrees/s05-drag-performance-review-01/Grape/.verification/s05-drag-performance-review-01/ESCAPE_FOCUS_REVIEW_RESULT-01.json",
production/evidence/coordinator/s05/owner-pr-01/publication-raw-whitespace-01.log:119: trailing whitespace.
++      "bytes": 17706,
production/evidence/coordinator/s05/owner-pr-01/publication-raw-whitespace-01.log:121: trailing whitespace.
++      "sha256": "b90d08ff2b2aee55725102e7020642e81a1c1c70166d5e685a859c71f684447d"
production/evidence/coordinator/s05/owner-pr-01/publication-raw-whitespace-01.log:123: trailing whitespace.
++    },
production/evidence/coordinator/s05/owner-pr-01/publication-raw-whitespace-01.log:125: trailing whitespace.
++    {
production/evidence/coordinator/s05/owner-pr-01/publication-raw-whitespace-01.log:127: trailing whitespace.
++      "file": "C:/Users/user/.codex/worktrees/s05-drag-performance-review-01/Grape/.verification/s05-drag-performance-review-01/escape-focus-supporting-manifest-01.json",
production/evidence/coordinator/s05/owner-pr-01/publication-raw-whitespace-01.log:129: trailing whitespace.
++      "bytes": 5013,
production/evidence/coordinator/s05/owner-pr-01/publication-raw-whitespace-01.log:131: trailing whitespace.
++      "sha256": "5b7b2c676d8fe49eacdf43a4f2035129713434bb8f59a45dba368011c3dcb239"
production/evidence/coordinator/s05/owner-pr-01/publication-raw-whitespace-01.log:133: trailing whitespace.
++    },
production/evidence/coordinator/s05/owner-pr-01/publication-raw-whitespace-01.log:135: trailing whitespace.
++    {
production/evidence/coordinator/s05/owner-pr-01/publication-raw-whitespace-01.log:137: trailing whitespace.
++      "file": "C:/Users/user/.codex/worktrees/s05-drag-performance-review-01/Grape/.verification/s05-drag-performance-review-01/LOCAL_PREVIEW_ASSESSMENT-01.json",
production/evidence/coordinator/s05/owner-pr-01/publication-raw-whitespace-01.log:139: trailing whitespace.
++      "bytes": 7992,
production/evidence/coordinator/s05/owner-pr-01/publication-raw-whitespace-01.log:141: trailing whitespace.
++      "sha256": "32db39509cb0628b997f7f0225012b896073fbeb3aa10c0b3d8146a7e9c734ab"
production/evidence/coordinator/s05/owner-pr-01/publication-raw-whitespace-01.log:143: trailing whitespace.
++    },
production/evidence/coordinator/s05/owner-pr-01/publication-raw-whitespace-01.log:145: trailing whitespace.
++    {
production/evidence/coordinator/s05/owner-pr-01/publication-raw-whitespace-01.log:147: trailing whitespace.
++      "file": "production/src/features/canvas.ts",
production/evidence/coordinator/s05/owner-pr-01/publication-raw-whitespace-01.log:149: trailing whitespace.
++      "bytes": 43586,
production/evidence/coordinator/s05/owner-pr-01/publication-raw-whitespace-01.log:151: trailing whitespace.
++      "sha256": "fdb2a7828c1b55578b73c4c9710239be461ba9c71af6e1c50cff85299b3be8b3"
production/evidence/coordinator/s05/owner-pr-01/publication-raw-whitespace-01.log:153: trailing whitespace.
++    },
production/evidence/coordinator/s05/owner-pr-01/publication-raw-whitespace-01.log:155: trailing whitespace.
++    {
production/evidence/coordinator/s05/owner-pr-01/publication-raw-whitespace-01.log:157: trailing whitespace.
++      "file": "production/evidence/s05/drag-performance-repair-01/source-config-manifest-01.json",
production/evidence/coordinator/s05/owner-pr-01/publication-raw-whitespace-01.log:159: trailing whitespace.
++      "bytes": 22908,
production/evidence/coordinator/s05/owner-pr-01/publication-raw-whitespace-01.log:161: trailing whitespace.
++      "sha256": "1eefe71998b5c195f6bf636a11b7a82d8d3eb25cab78e324b383dd9b28b5a75f"
production/evidence/coordinator/s05/owner-pr-01/publication-raw-whitespace-01.log:163: trailing whitespace.
++    },
production/evidence/coordinator/s05/owner-pr-01/publication-raw-whitespace-01.log:165: trailing whitespace.
++    {
production/evidence/coordinator/s05/owner-pr-01/publication-raw-whitespace-01.log:167: trailing whitespace.
++      "file": "handoff/17_PANEL_COMMAND_CONTRACT.md",
production/evidence/coordinator/s05/owner-pr-01/publication-raw-whitespace-01.log:169: trailing whitespace.
++      "bytes": 8949,
production/evidence/coordinator/s05/owner-pr-01/publication-raw-whitespace-01.log:171: trailing whitespace.
++      "sha256": "49b8feb35f38f8c56ee9ce446c8d230eac7456416706186913fdeb2a71ab6131"
production/evidence/coordinator/s05/owner-pr-01/publication-raw-whitespace-01.log:173: trailing whitespace.
++    }
production/evidence/coordinator/s05/owner-pr-01/publication-raw-whitespace-01.log:175: trailing whitespace.
++  ],
production/evidence/coordinator/s05/owner-pr-01/publication-raw-whitespace-01.log:177: trailing whitespace.
++  "authorizationRef": {
production/evidence/coordinator/s05/owner-pr-01/publication-raw-whitespace-01.log:179: trailing whitespace.
++    "file": "production/evidence/coordinator/s05/activation-20261004-01/human-authorization-01.json",
production/evidence/coordinator/s05/owner-pr-01/publication-raw-whitespace-01.log:181: trailing whitespace.
++    "sha256": "d74d8dd03147b2cf528f79bd2bba1000f179154426bd4d828609971137bed576",
production/evidence/coordinator/s05/owner-pr-01/publication-raw-whitespace-01.log:183: trailing whitespace.
++    "bytes": 2851,
production/evidence/coordinator/s05/owner-pr-01/publication-raw-whitespace-01.log:185: trailing whitespace.
++    "meaning": "Existing active S05 ordinary defect repair; current Human requests usable deployment. No new product semantics or Slice."
production/evidence/coordinator/s05/owner-pr-01/publication-raw-whitespace-01.log:187: trailing whitespace.
++  },
production/evidence/coordinator/s05/owner-pr-01/publication-raw-whitespace-01.log:189: trailing whitespace.
++  "rawPreservation": {
production/evidence/coordinator/s05/owner-pr-01/publication-raw-whitespace-01.log:191: trailing whitespace.
++    "sourceRoot": "C:/Users/user/.codex/worktrees/s05-drag-performance-review-01/Grape/.verification/s05-drag-performance-review-01",
production/evidence/coordinator/s05/owner-pr-01/publication-raw-whitespace-01.log:193: trailing whitespace.
++    "destination": "production/evidence/s05/review-06/escape-focus/",
production/evidence/coordinator/s05/owner-pr-01/publication-raw-whitespace-01.log:195: trailing whitespace.
++    "copy": [
production/evidence/coordinator/s05/owner-pr-01/publication-raw-whitespace-01.log:197: trailing whitespace.
++      {
production/evidence/coordinator/s05/owner-pr-01/publication-raw-whitespace-01.log:199: trailing whitespace.
++        "file": "ESCAPE_FOCUS_REVIEW_RESULT-01.json",
production/evidence/coordinator/s05/owner-pr-01/publication-raw-whitespace-01.log:201: trailing whitespace.
++        "bytes": 17706,
production/evidence/coordinator/s05/owner-pr-01/publication-raw-whitespace-01.log:203: trailing whitespace.
++        "sha256": "b90d08ff2b2aee55725102e7020642e81a1c1c70166d5e685a859c71f684447d"
production/evidence/coordinator/s05/owner-pr-01/publication-raw-whitespace-01.log:205: trailing whitespace.
++      },
production/evidence/coordinator/s05/owner-pr-01/publication-raw-whitespace-01.log:207: trailing whitespace.
++      {
production/evidence/coordinator/s05/owner-pr-01/publication-raw-whitespace-01.log:209: trailing whitespace.
++        "file": "escape-focus-supporting-manifest-01.json",
production/evidence/coordinator/s05/owner-pr-01/publication-raw-whitespace-01.log:211: trailing whitespace.
++        "bytes": 5013,
production/evidence/coordinator/s05/owner-pr-01/publication-raw-whitespace-01.log:213: trailing whitespace.
++        "sha256": "5b7b2c676d8fe49eacdf43a4f2035129713434bb8f59a45dba368011c3dcb239"
production/evidence/coordinator/s05/owner-pr-01/publication-raw-whitespace-01.log:215: trailing whitespace.
++      },
production/evidence/coordinator/s05/owner-pr-01/publication-raw-whitespace-01.log:217: trailing whitespace.
++      {
production/evidence/coordinator/s05/owner-pr-01/publication-raw-whitespace-01.log:219: trailing whitespace.
++        "file": "LOCAL_PREVIEW_ASSESSMENT-01.json",
production/evidence/coordinator/s05/owner-pr-01/publication-raw-whitespace-01.log:221: trailing whitespace.
++        "bytes": 7992,
production/evidence/coordinator/s05/owner-pr-01/publication-raw-whitespace-01.log:223: trailing whitespace.
++        "sha256": "32db39509cb0628b997f7f0225012b896073fbeb3aa10c0b3d8146a7e9c734ab"
production/evidence/coordinator/s05/owner-pr-01/publication-raw-whitespace-01.log:225: trailing whitespace.
++      }
production/evidence/coordinator/s05/owner-pr-01/publication-raw-whitespace-01.log:227: trailing whitespace.
++    ],
production/evidence/coordinator/s05/owner-pr-01/publication-raw-whitespace-01.log:229: trailing whitespace.
++    "manifestCount": 25,
production/evidence/coordinator/s05/owner-pr-01/publication-raw-whitespace-01.log:231: trailing whitespace.
++    "coordinatorVerifiedObjects": 28,
production/evidence/coordinator/s05/owner-pr-01/publication-raw-whitespace-01.log:233: trailing whitespace.
++    "rule": "Original bytes/hashes exactly. Manifest has double slash in some relative paths; safely normalize filesystem lookup while preserving original manifest bytes and retaining path containment/duplicate checks. No runtime extras."
production/evidence/coordinator/s05/owner-pr-01/publication-raw-whitespace-01.log:235: trailing whitespace.
++  },
production/evidence/coordinator/s05/owner-pr-01/publication-raw-whitespace-01.log:237: trailing whitespace.
++  "duplicateCheck": {
production/evidence/coordinator/s05/owner-pr-01/publication-raw-whitespace-01.log:239: trailing whitespace.
++    "parentIntentAbsent": true,
production/evidence/coordinator/s05/owner-pr-01/publication-raw-whitespace-01.log:241: trailing whitespace.
++    "parentResultAbsent": true,
production/evidence/coordinator/s05/owner-pr-01/publication-raw-whitespace-01.log:243: trailing whitespace.
++    "repairOutputAbsent": true,
production/evidence/coordinator/s05/owner-pr-01/publication-raw-whitespace-01.log:245: trailing whitespace.
++    "reviewCopyAbsent": true,
production/evidence/coordinator/s05/owner-pr-01/publication-raw-whitespace-01.log:247: trailing whitespace.
++    "actionKeyMatches": [
production/evidence/coordinator/s05/owner-pr-01/publication-raw-whitespace-01.log:249: trailing whitespace.
++      "production/evidence/coordinator/s05/escape-focus-repair-01/repair-packet-01.json",
production/evidence/coordinator/s05/owner-pr-01/publication-raw-whitespace-01.log:251: trailing whitespace.
++      "production/evidence/coordinator/s05/escape-focus-repair-01/dispatch-intent-01.json"
production/evidence/coordinator/s05/owner-pr-01/publication-raw-whitespace-01.log:253: trailing whitespace.
++    ],
production/evidence/coordinator/s05/owner-pr-01/publication-raw-whitespace-01.log:255: trailing whitespace.
++    "disposition": "No actual Escape repair dispatch found; one followup to original idle writer"
production/evidence/coordinator/s05/owner-pr-01/publication-raw-whitespace-01.log:257: trailing whitespace.
++  },
production/evidence/coordinator/s05/owner-pr-01/publication-raw-whitespace-01.log:259: trailing whitespace.
++  "preservedUntracked": [
production/evidence/coordinator/s05/owner-pr-01/publication-raw-whitespace-01.log:261: trailing whitespace.
++    "production/debug.log",
production/evidence/coordinator/s05/owner-pr-01/publication-raw-whitespace-01.log:263: trailing whitespace.
++    "production/evidence/coordinator/s05/escape-focus-repair-01/",
production/evidence/coordinator/s05/owner-pr-01/publication-raw-whitespace-01.log:265: trailing whitespace.
++    "production/evidence/coordinator/s05/preview-05/local-only-01/",
production/evidence/coordinator/s05/owner-pr-01/publication-raw-whitespace-01.log:267: trailing whitespace.
++    "production/evidence/coordinator/s05/review-06/local-preview-assessment-intent-01.json",
production/evidence/coordinator/s05/owner-pr-01/publication-raw-whitespace-01.log:269: trailing whitespace.
++    "production/evidence/coordinator/s05/review-06/local-preview-assessment-packet-01.json",
production/evidence/coordinator/s05/owner-pr-01/publication-raw-whitespace-01.log:271: trailing whitespace.
++    "production/evidence/s05/review-06/postcommit-01.json",
production/evidence/coordinator/s05/owner-pr-01/publication-raw-whitespace-01.log:273: trailing whitespace.
++    "production/tools/evidence/",
production/evidence/coordinator/s05/owner-pr-01/publication-raw-whitespace-01.log:275: trailing whitespace.
++    "references/"
production/evidence/coordinator/s05/owner-pr-01/publication-raw-whitespace-01.log:277: trailing whitespace.
++  ],
production/evidence/coordinator/s05/owner-pr-01/publication-raw-whitespace-01.log:279: trailing whitespace.
++  "requestedAction": "Exactly one followup to original writer for bounded canvas.ts natural Escape focus repair and four natural-key regressions, original28object preservation, new exact I/R then STOP_WRITING for independent review",
production/evidence/coordinator/s05/owner-pr-01/publication-raw-whitespace-01.log:281: trailing whitespace.
++  "parentAllowedPaths": [
production/evidence/coordinator/s05/owner-pr-01/publication-raw-whitespace-01.log:283: trailing whitespace.
++    "production/evidence/coordinator/s05/escape-focus-repair-01/parent-intent-01.json",
production/evidence/coordinator/s05/owner-pr-01/publication-raw-whitespace-01.log:285: trailing whitespace.
++    "production/evidence/coordinator/s05/escape-focus-repair-01/parent-result-01.json"
production/evidence/coordinator/s05/owner-pr-01/publication-raw-whitespace-01.log:287: trailing whitespace.
++  ],
production/evidence/coordinator/s05/owner-pr-01/publication-raw-whitespace-01.log:289: trailing whitespace.
++  "livePreviewPreservation": {
production/evidence/coordinator/s05/owner-pr-01/publication-raw-whitespace-01.log:291: trailing whitespace.
++    "url": "http://127.0.0.1:4196/review.html",
production/evidence/coordinator/s05/owner-pr-01/publication-raw-whitespace-01.log:293: trailing whitespace.
++    "pid": 9524,
production/evidence/coordinator/s05/owner-pr-01/publication-raw-whitespace-01.log:295: trailing whitespace.
++    "createdAt": "2026-10-04T07:48:57.1939487Z",
production/evidence/coordinator/s05/owner-pr-01/publication-raw-whitespace-01.log:297: trailing whitespace.
++    "implementationI": "aa4c86e20b0b4b54218b9992921578e7f24a28a2",
production/evidence/coordinator/s05/owner-pr-01/publication-raw-whitespace-01.log:299: trailing whitespace.
++    "status": "Local engineering preview with known naturalEscape defect, overall reviewBLOCKED; preserve while repair runs",
production/evidence/coordinator/s05/owner-pr-01/publication-raw-whitespace-01.log:301: trailing whitespace.
++    "prohibition": "Do not stop/restart/replace any livepreview4193/4194/4195/4196 or Humanbrowserstorage."
production/evidence/coordinator/s05/owner-pr-01/publication-raw-whitespace-01.log:303: trailing whitespace.
++  },
production/evidence/coordinator/s05/owner-pr-01/publication-raw-whitespace-01.log:305: trailing whitespace.
++  "networkRule": "No LAN/Tailscale retry, listeners or actor/transport change; existing WF_PERMISSION gap/rejection remains",
production/evidence/coordinator/s05/owner-pr-01/publication-raw-whitespace-01.log:307: trailing whitespace.
++  "parentProductWrites": false,
production/evidence/coordinator/s05/owner-pr-01/publication-raw-whitespace-01.log:309: trailing whitespace.
++  "parentStateWrites": false,
production/evidence/coordinator/s05/owner-pr-01/publication-raw-whitespace-01.log:311: trailing whitespace.
++  "parentServiceActions": [],
production/evidence/coordinator/s05/owner-pr-01/publication-raw-whitespace-01.log:313: trailing whitespace.
++  "parentNetworkActions": [],
production/evidence/coordinator/s05/owner-pr-01/publication-raw-whitespace-01.log:315: trailing whitespace.
++  "newWriter": false,
production/evidence/coordinator/s05/owner-pr-01/publication-raw-whitespace-01.log:317: trailing whitespace.
++  "productAcceptance": "NOT_GRANTED",
production/evidence/coordinator/s05/owner-pr-01/publication-raw-whitespace-01.log:319: trailing whitespace.
++  "completion": "NOT_CLAIMED"
production/evidence/coordinator/s05/owner-pr-01/publication-raw-whitespace-01.log:321: trailing whitespace.
++}
production/evidence/coordinator/s05/owner-pr-01/publication-raw-whitespace-01.log:323: trailing whitespace.
++{
production/evidence/coordinator/s05/owner-pr-01/publication-raw-whitespace-01.log:325: trailing whitespace.
++  "packetType": "PARENT_ESCAPE_FOCUS_REPAIR_DISPATCH_RESULT",
production/evidence/coordinator/s05/owner-pr-01/publication-raw-whitespace-01.log:327: trailing whitespace.
++  "recordedAt": "2026-10-04T07:57:49.2684360Z",
production/evidence/coordinator/s05/owner-pr-01/publication-raw-whitespace-01.log:329: trailing whitespace.
++  "parentThreadId": "01a0fd87-65fd-7633-9f34-eea1516301ea",
production/evidence/coordinator/s05/owner-pr-01/publication-raw-whitespace-01.log:331: trailing whitespace.
++  "actionKey": "yeataro/Grape:S05:escape-focus-repair:a807a96:01",
production/evidence/coordinator/s05/owner-pr-01/publication-raw-whitespace-01.log:333: trailing whitespace.
++  "packetId": "S05-ESCAPE-FOCUS-REPAIR-01",
production/evidence/coordinator/s05/owner-pr-01/publication-raw-whitespace-01.log:335: trailing whitespace.
++  "packet": {
production/evidence/coordinator/s05/owner-pr-01/publication-raw-whitespace-01.log:337: trailing whitespace.
++    "file": "production/evidence/coordinator/s05/escape-focus-repair-01/repair-packet-01.json",
production/evidence/coordinator/s05/owner-pr-01/publication-raw-whitespace-01.log:339: trailing whitespace.
++    "sha256": "fe1224ada8604c1e186966e0ebf2bc8a28c60298dd4a8d0a807f1b1cf3bd150e",
production/evidence/coordinator/s05/owner-pr-01/publication-raw-whitespace-01.log:341: trailing whitespace.
++    "bytes": 11003
production/evidence/coordinator/s05/owner-pr-01/publication-raw-whitespace-01.log:343: trailing whitespace.
++  },
production/evidence/coordinator/s05/owner-pr-01/publication-raw-whitespace-01.log:345: trailing whitespace.
++  "intent": {
production/evidence/coordinator/s05/owner-pr-01/publication-raw-whitespace-01.log:347: trailing whitespace.
++    "file": "production/evidence/coordinator/s05/escape-focus-repair-01/parent-intent-01.json",
production/evidence/coordinator/s05/owner-pr-01/publication-raw-whitespace-01.log:349: trailing whitespace.
++    "sha256": "4eaabd823e8904909462ba3dfeb71bb9a1b8373fe4e88bda73a0299db60d2915"
production/evidence/coordinator/s05/owner-pr-01/publication-raw-whitespace-01.log:351: trailing whitespace.
++  },
production/evidence/coordinator/s05/owner-pr-01/publication-raw-whitespace-01.log:353: trailing whitespace.
++  "expectedStartingHead": "a807a965e88f3254cd198b4b01358a631fb3d5c7",
production/evidence/coordinator/s05/owner-pr-01/publication-raw-whitespace-01.log:355: trailing whitespace.
++  "observedHeadAfterDispatch": "a807a965e88f3254cd198b4b01358a631fb3d5c7",
production/evidence/coordinator/s05/owner-pr-01/publication-raw-whitespace-01.log:357: trailing whitespace.
++  "writer": {
production/evidence/coordinator/s05/owner-pr-01/publication-raw-whitespace-01.log:359: trailing whitespace.
++    "threadId": "01a0fd8c-081e-7492-8f59-55159462e301",
production/evidence/coordinator/s05/owner-pr-01/publication-raw-whitespace-01.log:361: trailing whitespace.
++    "canonicalAgent": "/root/s03_implementer_resume",
production/evidence/coordinator/s05/owner-pr-01/publication-raw-whitespace-01.log:363: trailing whitespace.
++    "title": "Grape S05 實作與維護",
production/evidence/coordinator/s05/owner-pr-01/publication-raw-whitespace-01.log:365: trailing whitespace.
++    "parentThreadId": "01a0fd87-65fd-7633-9f34-eea1516301ea",
production/evidence/coordinator/s05/owner-pr-01/publication-raw-whitespace-01.log:367: trailing whitespace.
++    "status": "idle/STOP_WRITING verified cursor671"
production/evidence/coordinator/s05/owner-pr-01/publication-raw-whitespace-01.log:369: trailing whitespace.
++  },
production/evidence/coordinator/s05/owner-pr-01/publication-raw-whitespace-01.log:371: trailing whitespace.
++  "status": "DISPATCHED_RUNNING_PACKET_ACKNOWLEDGED",
production/evidence/coordinator/s05/owner-pr-01/publication-raw-whitespace-01.log:373: trailing whitespace.
++  "dispatchAttempt": 1,
production/evidence/coordinator/s05/owner-pr-01/publication-raw-whitespace-01.log:375: trailing whitespace.
++  "transientRetriesUsed": 0,
production/evidence/coordinator/s05/owner-pr-01/publication-raw-whitespace-01.log:377: trailing whitespace.
++  "actualRepairDispatches": 1,
production/evidence/coordinator/s05/owner-pr-01/publication-raw-whitespace-01.log:379: trailing whitespace.
++  "findingGroup": {
production/evidence/coordinator/s05/owner-pr-01/publication-raw-whitespace-01.log:381: trailing whitespace.
++    "id": "S05-FG-ESCAPE-FOCUS-01",
production/evidence/coordinator/s05/owner-pr-01/publication-raw-whitespace-01.log:383: trailing whitespace.
++    "findingIds": [
production/evidence/coordinator/s05/owner-pr-01/publication-raw-whitespace-01.log:385: trailing whitespace.
++      "S05-FR-ESCAPE-FOCUS-001"
production/evidence/coordinator/s05/owner-pr-01/publication-raw-whitespace-01.log:387: trailing whitespace.
++    ],
production/evidence/coordinator/s05/owner-pr-01/publication-raw-whitespace-01.log:389: trailing whitespace.
++    "repairAttempt": 1,
production/evidence/coordinator/s05/owner-pr-01/publication-raw-whitespace-01.log:391: trailing whitespace.
++    "unsuccessfulRepairReviewRounds": 0,
production/evidence/coordinator/s05/owner-pr-01/publication-raw-whitespace-01.log:393: trailing whitespace.
++    "initialIndependentFinding": "P2 FAIL",
production/evidence/coordinator/s05/owner-pr-01/publication-raw-whitespace-01.log:395: trailing whitespace.
++    "identityBasis": "Distinct concrete native mouse focus/Canvas event routing defect. Prior drag-performance finding was excessive snapshot cloning in editor.ts. canvas.ts is unchanged from R5; no claim optimization introduced this defect. Prior performance repair1/unsuccessful0/globalreview6 and all earlier counters remain; network permission gap not reset."
production/evidence/coordinator/s05/owner-pr-01/publication-raw-whitespace-01.log:397: trailing whitespace.
++  },
production/evidence/coordinator/s05/owner-pr-01/publication-raw-whitespace-01.log:399: trailing whitespace.
++  "verification": {
production/evidence/coordinator/s05/owner-pr-01/publication-raw-whitespace-01.log:401: trailing whitespace.
++    "directRefs": 7,
production/evidence/coordinator/s05/owner-pr-01/publication-raw-whitespace-01.log:403: trailing whitespace.
++    "rawReviewObjects": 28,
production/evidence/coordinator/s05/owner-pr-01/publication-raw-whitespace-01.log:405: trailing whitespace.
++    "sourceConfigFiles": 131,
production/evidence/coordinator/s05/owner-pr-01/publication-raw-whitespace-01.log:407: trailing whitespace.
++    "hashAndLengthMatched": true,
production/evidence/coordinator/s05/owner-pr-01/publication-raw-whitespace-01.log:409: trailing whitespace.
++    "normalizedRawPathsContainedAndUnique": true,
production/evidence/coordinator/s05/owner-pr-01/publication-raw-whitespace-01.log:411: trailing whitespace.
++    "trackedAndIndexClean": true
production/evidence/coordinator/s05/owner-pr-01/publication-raw-whitespace-01.log:413: trailing whitespace.
++  },
production/evidence/coordinator/s05/owner-pr-01/publication-raw-whitespace-01.log:415: trailing whitespace.
++  "dispatch": {
production/evidence/coordinator/s05/owner-pr-01/publication-raw-whitespace-01.log:417: trailing whitespace.
++    "tool": "collaboration.followup_task",
production/evidence/coordinator/s05/owner-pr-01/publication-raw-whitespace-01.log:419: trailing whitespace.
++    "target": "/root/s03_implementer_resume",
production/evidence/coordinator/s05/owner-pr-01/publication-raw-whitespace-01.log:421: trailing whitespace.
++    "calls": 1,
production/evidence/coordinator/s05/owner-pr-01/publication-raw-whitespace-01.log:423: trailing whitespace.
++    "outcome": "Returned successfully with no text payload",
production/evidence/coordinator/s05/owner-pr-01/publication-raw-whitespace-01.log:425: trailing whitespace.
++    "replacementWriterCreated": false
production/evidence/coordinator/s05/owner-pr-01/publication-raw-whitespace-01.log:427: trailing whitespace.
++  },
production/evidence/coordinator/s05/owner-pr-01/publication-raw-whitespace-01.log:429: trailing whitespace.
++  "postDispatchObservation": {
production/evidence/coordinator/s05/owner-pr-01/publication-raw-whitespace-01.log:431: trailing whitespace.
++    "tool": "collaboration.list_agents",
production/evidence/coordinator/s05/owner-pr-01/publication-raw-whitespace-01.log:433: trailing whitespace.
++    "agentName": "/root/s03_implementer_resume",
production/evidence/coordinator/s05/owner-pr-01/publication-raw-whitespace-01.log:435: trailing whitespace.
++    "agentStatus": "running",
production/evidence/coordinator/s05/owner-pr-01/publication-raw-whitespace-01.log:437: trailing whitespace.
++    "historicalScoutFinalExcluded": true
production/evidence/coordinator/s05/owner-pr-01/publication-raw-whitespace-01.log:439: trailing whitespace.
++  },
production/evidence/coordinator/s05/owner-pr-01/publication-raw-whitespace-01.log:441: trailing whitespace.
++  "consumptionEvidence": {
production/evidence/coordinator/s05/owner-pr-01/publication-raw-whitespace-01.log:443: trailing whitespace.
++    "tool": "mcp__codex_app__read_thread",
production/evidence/coordinator/s05/owner-pr-01/publication-raw-whitespace-01.log:445: trailing whitespace.
++    "threadId": "01a0fd8c-081e-7492-8f59-55159462e301",
production/evidence/coordinator/s05/owner-pr-01/publication-raw-whitespace-01.log:447: trailing whitespace.
++    "turnId": "01a105ea-e24c-7b82-bfef-cc50428d81a1",
production/evidence/coordinator/s05/owner-pr-01/publication-raw-whitespace-01.log:449: trailing whitespace.
++    "turnStatus": "inProgress",
production/evidence/coordinator/s05/owner-pr-01/publication-raw-whitespace-01.log:451: trailing whitespace.
++    "messageId": "msg_0f7ea6f2d846c6d3016ac206e5150c87d0824a4312bf23c55c",
production/evidence/coordinator/s05/owner-pr-01/publication-raw-whitespace-01.log:453: trailing whitespace.
++    "quote": "我會先核對這次修復 packet 和原審查重現資料，再以自然滑鼠／鍵盤操作重現 Escape 問題。修復將限於 Canvas 的局部焦點處理，保留既有拖動取消與 History 保護；所有測試只用隔離的 localhost 環境，既有預覽服務不動。",
production/evidence/coordinator/s05/owner-pr-01/publication-raw-whitespace-01.log:455: trailing whitespace.
++    "packetReadCommandId": "exec-83a6a950-8c88-48d3-b614-e42c266d432b",
production/evidence/coordinator/s05/owner-pr-01/publication-raw-whitespace-01.log:457: trailing whitespace.
++    "packetReadStatus": "completed",
production/evidence/coordinator/s05/owner-pr-01/publication-raw-whitespace-01.log:459: trailing whitespace.
++    "packetReadExitCode": 0
production/evidence/coordinator/s05/owner-pr-01/publication-raw-whitespace-01.log:461: trailing whitespace.
++  },
production/evidence/coordinator/s05/owner-pr-01/publication-raw-whitespace-01.log:463: trailing whitespace.
++  "parentActions": {
production/evidence/coordinator/s05/owner-pr-01/publication-raw-whitespace-01.log:465: trailing whitespace.
++    "newFiles": [
production/evidence/coordinator/s05/owner-pr-01/publication-raw-whitespace-01.log:467: trailing whitespace.
++      "production/evidence/coordinator/s05/escape-focus-repair-01/parent-intent-01.json",
production/evidence/coordinator/s05/owner-pr-01/publication-raw-whitespace-01.log:469: trailing whitespace.
++      "production/evidence/coordinator/s05/escape-focus-repair-01/parent-result-01.json"
production/evidence/coordinator/s05/owner-pr-01/publication-raw-whitespace-01.log:471: trailing whitespace.
++    ],
production/evidence/coordinator/s05/owner-pr-01/publication-raw-whitespace-01.log:473: trailing whitespace.
++    "productWrites": [],
production/evidence/coordinator/s05/owner-pr-01/publication-raw-whitespace-01.log:475: trailing whitespace.
++    "stateWrites": [],
production/evidence/coordinator/s05/owner-pr-01/publication-raw-whitespace-01.log:477: trailing whitespace.
++    "networkActions": [],
production/evidence/coordinator/s05/owner-pr-01/publication-raw-whitespace-01.log:479: trailing whitespace.
++    "serviceActions": [],
production/evidence/coordinator/s05/owner-pr-01/publication-raw-whitespace-01.log:481: trailing whitespace.
++    "remoteActions": []
production/evidence/coordinator/s05/owner-pr-01/publication-raw-whitespace-01.log:483: trailing whitespace.
++  },
production/evidence/coordinator/s05/owner-pr-01/publication-raw-whitespace-01.log:485: trailing whitespace.
++  "livePreview": "Existing4193/4194/4195/4196 preserved; no stop/restart/replace by parent and explicitly prohibited for writer",
production/evidence/coordinator/s05/owner-pr-01/publication-raw-whitespace-01.log:487: trailing whitespace.
++  "permissionGap": "LAN/Tailscale rejection and WF_PERMISSION remain; no retry or actor/transport bypass authorized",
production/evidence/coordinator/s05/owner-pr-01/publication-raw-whitespace-01.log:489: trailing whitespace.
++  "repairCompletion": "NOT_CLAIMED; RUNNING and acknowledgement are not delivery or technical PASS",
production/evidence/coordinator/s05/owner-pr-01/publication-raw-whitespace-01.log:491: trailing whitespace.
++  "productAcceptance": "NOT_GRANTED",
production/evidence/coordinator/s05/owner-pr-01/publication-raw-whitespace-01.log:493: trailing whitespace.
++  "nextRoute": "Original writer completes bounded repair/new exact I/R and STOP_WRITING; Coordinator immediately arranges independent targeted review."
production/evidence/coordinator/s05/owner-pr-01/publication-raw-whitespace-01.log:495: trailing whitespace.
++}
production/evidence/coordinator/s05/owner-pr-01/publication-raw-whitespace-01.log:498: trailing whitespace.
++{
production/evidence/coordinator/s05/owner-pr-01/publication-raw-whitespace-01.log:500: trailing whitespace.
++  "packetType": "PARENT_OWNER_PR_PUBLICATION_INTENT",
production/evidence/coordinator/s05/owner-pr-01/publication-raw-whitespace-01.log:502: trailing whitespace.
++  "recordedAt": "2026-10-04T08:05:25.9532467Z",
production/evidence/coordinator/s05/owner-pr-01/publication-raw-whitespace-01.log:504: trailing whitespace.
++  "parentThreadId": "01a0fd87-65fd-7633-9f34-eea1516301ea",
production/evidence/coordinator/s05/owner-pr-01/publication-raw-whitespace-01.log:506: trailing whitespace.
++  "actionKey": "yeataro/Grape:S05:owner-pr:aa4c86e:01",
production/evidence/coordinator/s05/owner-pr-01/publication-raw-whitespace-01.log:508: trailing whitespace.
++  "packetId": "S05-OWNER-PR-PUBLICATION-01",
production/evidence/coordinator/s05/owner-pr-01/publication-raw-whitespace-01.log:510: trailing whitespace.
++  "packet": {
production/evidence/coordinator/s05/owner-pr-01/publication-raw-whitespace-01.log:512: trailing whitespace.
++    "file": "production/evidence/coordinator/s05/owner-pr-01/publication-packet-01.json",
production/evidence/coordinator/s05/owner-pr-01/publication-raw-whitespace-01.log:514: trailing whitespace.
++    "sha256": "dbb92a79944fd508411c44dc73040e7239663499f3ad76bdedbd8b1f8a5e87cb",
production/evidence/coordinator/s05/owner-pr-01/publication-raw-whitespace-01.log:516: trailing whitespace.
++    "bytes": 7758
production/evidence/coordinator/s05/owner-pr-01/publication-raw-whitespace-01.log:518: trailing whitespace.
++  },
production/evidence/coordinator/s05/owner-pr-01/publication-raw-whitespace-01.log:520: trailing whitespace.
++  "expectedWorkHead": "a807a965e88f3254cd198b4b01358a631fb3d5c7",
production/evidence/coordinator/s05/owner-pr-01/publication-raw-whitespace-01.log:522: trailing whitespace.
++  "observedHead": "a807a965e88f3254cd198b4b01358a631fb3d5c7",
production/evidence/coordinator/s05/owner-pr-01/publication-raw-whitespace-01.log:524: trailing whitespace.
++  "expectedRemoteMain": "6aa6abbdc46d55753111d5ef5ca9899870a8805a",
production/evidence/coordinator/s05/owner-pr-01/publication-raw-whitespace-01.log:526: trailing whitespace.
++  "expectedRemoteWork": "6aa6abbdc46d55753111d5ef5ca9899870a8805a",
production/evidence/coordinator/s05/owner-pr-01/publication-raw-whitespace-01.log:528: trailing whitespace.
++  "remoteGuard": "Writer must freshly check immediately before publication; parent did not mutate or independently re-query remote",
production/evidence/coordinator/s05/owner-pr-01/publication-raw-whitespace-01.log:530: trailing whitespace.
++  "writer": {
production/evidence/coordinator/s05/owner-pr-01/publication-raw-whitespace-01.log:532: trailing whitespace.
++    "threadId": "01a0fd8c-081e-7492-8f59-55159462e301",
production/evidence/coordinator/s05/owner-pr-01/publication-raw-whitespace-01.log:534: trailing whitespace.
++    "canonicalAgent": "/root/s03_implementer_resume",
production/evidence/coordinator/s05/owner-pr-01/publication-raw-whitespace-01.log:536: trailing whitespace.
++    "parentThreadId": "01a0fd87-65fd-7633-9f34-eea1516301ea",
production/evidence/coordinator/s05/owner-pr-01/publication-raw-whitespace-01.log:538: trailing whitespace.
++    "status": "STOP_WRITING safe checkpoint at HEADa807a96/index empty; actual writer turn completed"
production/evidence/coordinator/s05/owner-pr-01/publication-raw-whitespace-01.log:540: trailing whitespace.
++  },
production/evidence/coordinator/s05/owner-pr-01/publication-raw-whitespace-01.log:542: trailing whitespace.
++  "writerObservation": {
production/evidence/coordinator/s05/owner-pr-01/publication-raw-whitespace-01.log:544: trailing whitespace.
++    "tool": "mcp__codex_app__read_thread",
production/evidence/coordinator/s05/owner-pr-01/publication-raw-whitespace-01.log:546: trailing whitespace.
++    "threadStatus": "idle",
production/evidence/coordinator/s05/owner-pr-01/publication-raw-whitespace-01.log:548: trailing whitespace.
++    "turnId": "01a105ea-e24c-7b82-bfef-cc50428d81a1",
production/evidence/coordinator/s05/owner-pr-01/publication-raw-whitespace-01.log:550: trailing whitespace.
++    "turnStatus": "completed",
production/evidence/coordinator/s05/owner-pr-01/publication-raw-whitespace-01.log:552: trailing whitespace.
++    "finalMessageId": "msg_0f7ea6f2d846c6d3016ac2084d8b3487d099f229e9bc7fda8d",
production/evidence/coordinator/s05/owner-pr-01/publication-raw-whitespace-01.log:554: trailing whitespace.
++    "reportedStatus": "STOP_WRITING_SAFE_CHECKPOINT"
production/evidence/coordinator/s05/owner-pr-01/publication-raw-whitespace-01.log:556: trailing whitespace.
++  },
production/evidence/coordinator/s05/owner-pr-01/publication-raw-whitespace-01.log:558: trailing whitespace.
++  "safeCheckpoint": {
production/evidence/coordinator/s05/owner-pr-01/publication-raw-whitespace-01.log:560: trailing whitespace.
++    "file": "production/evidence/coordinator/s05/owner-pr-01/sequencing-result-01.json",
production/evidence/coordinator/s05/owner-pr-01/publication-raw-whitespace-01.log:562: trailing whitespace.
++    "bytes": 121858,
production/evidence/coordinator/s05/owner-pr-01/publication-raw-whitespace-01.log:564: trailing whitespace.
++    "sha256": "c404270a4eff2361351386b5e43e8c8b32a617387e9a23749b0496281badeda6"
production/evidence/coordinator/s05/owner-pr-01/publication-raw-whitespace-01.log:566: trailing whitespace.
++  },
production/evidence/coordinator/s05/owner-pr-01/publication-raw-whitespace-01.log:568: trailing whitespace.
++  "preserveDirty": [
production/evidence/coordinator/s05/owner-pr-01/publication-raw-whitespace-01.log:570: trailing whitespace.
++    {
production/evidence/coordinator/s05/owner-pr-01/publication-raw-whitespace-01.log:572: trailing whitespace.
++      "file": "production/src/features/canvas.ts",
production/evidence/coordinator/s05/owner-pr-01/publication-raw-whitespace-01.log:574: trailing whitespace.
++      "bytes": 43694,
production/evidence/coordinator/s05/owner-pr-01/publication-raw-whitespace-01.log:576: trailing whitespace.
++      "sha256": "c5d15f9d08f693f5a30b1cedef983280a7053c850e48ca308389f230a9968dbf"
production/evidence/coordinator/s05/owner-pr-01/publication-raw-whitespace-01.log:578: trailing whitespace.
++    },
production/evidence/coordinator/s05/owner-pr-01/publication-raw-whitespace-01.log:580: trailing whitespace.
++    {
production/evidence/coordinator/s05/owner-pr-01/publication-raw-whitespace-01.log:582: trailing whitespace.
++      "file": "production/tests/browser/s05-escape-flow.ts",
production/evidence/coordinator/s05/owner-pr-01/publication-raw-whitespace-01.log:584: trailing whitespace.
++      "bytes": 6070,
production/evidence/coordinator/s05/owner-pr-01/publication-raw-whitespace-01.log:586: trailing whitespace.
++      "sha256": "026dfcde6cb0d52ecadbff8dbd98568c7ba225fb32b912d0c8b3c9c35e7c336b"
production/evidence/coordinator/s05/owner-pr-01/publication-raw-whitespace-01.log:588: trailing whitespace.
++    },
production/evidence/coordinator/s05/owner-pr-01/publication-raw-whitespace-01.log:590: trailing whitespace.
++    {
production/evidence/coordinator/s05/owner-pr-01/publication-raw-whitespace-01.log:592: trailing whitespace.
++      "file": "production/tests/browser/s05-escape-focus.spec.ts",
production/evidence/coordinator/s05/owner-pr-01/publication-raw-whitespace-01.log:594: trailing whitespace.
++      "bytes": 1068,
production/evidence/coordinator/s05/owner-pr-01/publication-raw-whitespace-01.log:596: trailing whitespace.
++      "sha256": "782ff1c3d15ace69184b19f27b771f9481d04b936ae49b342525739e8560a370"
production/evidence/coordinator/s05/owner-pr-01/publication-raw-whitespace-01.log:598: trailing whitespace.
++    }
production/evidence/coordinator/s05/owner-pr-01/publication-raw-whitespace-01.log:600: trailing whitespace.
++  ],
production/evidence/coordinator/s05/owner-pr-01/publication-raw-whitespace-01.log:602: trailing whitespace.
++  "trackedDiff": [
production/evidence/coordinator/s05/owner-pr-01/publication-raw-whitespace-01.log:604: trailing whitespace.
++    "production/src/features/canvas.ts"
production/evidence/coordinator/s05/owner-pr-01/publication-raw-whitespace-01.log:606: trailing whitespace.
++  ],
production/evidence/coordinator/s05/owner-pr-01/publication-raw-whitespace-01.log:608: trailing whitespace.
++  "indexEmpty": true,
production/evidence/coordinator/s05/owner-pr-01/publication-raw-whitespace-01.log:610: trailing whitespace.
++  "additionalPreparedInputs": [
production/evidence/coordinator/s05/owner-pr-01/publication-raw-whitespace-01.log:612: trailing whitespace.
++    {
production/evidence/coordinator/s05/owner-pr-01/publication-raw-whitespace-01.log:614: trailing whitespace.
++      "file": "production/evidence/coordinator/s05/owner-pr-01/PR-BODY.md",
production/evidence/coordinator/s05/owner-pr-01/publication-raw-whitespace-01.log:616: trailing whitespace.
++      "sha256": "bae887a3a3d9c68a35470cd7659b11bb4384e5e0759ddf6db2f2107670126142"
production/evidence/coordinator/s05/owner-pr-01/publication-raw-whitespace-01.log:618: trailing whitespace.
++    },
production/evidence/coordinator/s05/owner-pr-01/publication-raw-whitespace-01.log:620: trailing whitespace.
++    {
production/evidence/coordinator/s05/owner-pr-01/publication-raw-whitespace-01.log:622: trailing whitespace.
++      "file": "production/evidence/coordinator/s05/owner-pr-01/batch-routing-clarification-01.json",
production/evidence/coordinator/s05/owner-pr-01/publication-raw-whitespace-01.log:624: trailing whitespace.
++      "sha256": "e8a452bd1e573578a95a10b7aa01cf4c61c6baa6a76c46547f7e4e5ccf462381"
production/evidence/coordinator/s05/owner-pr-01/publication-raw-whitespace-01.log:626: trailing whitespace.
++    }
production/evidence/coordinator/s05/owner-pr-01/publication-raw-whitespace-01.log:628: trailing whitespace.
++  ],
production/evidence/coordinator/s05/owner-pr-01/publication-raw-whitespace-01.log:630: trailing whitespace.
++  "status": "PREPARED_NOT_SENT",
production/evidence/coordinator/s05/owner-pr-01/publication-raw-whitespace-01.log:632: trailing whitespace.
++  "attempt": 1,
production/evidence/coordinator/s05/owner-pr-01/publication-raw-whitespace-01.log:634: trailing whitespace.
++  "transientRetriesUsed": 0,
production/evidence/coordinator/s05/owner-pr-01/publication-raw-whitespace-01.log:636: trailing whitespace.
++  "actualWriterDispatchesBefore": 0,
production/evidence/coordinator/s05/owner-pr-01/publication-raw-whitespace-01.log:638: trailing whitespace.
++  "duplicateCheck": "Only publication-packet-01 matched actionKey; no parent intent/result or writer publication result, original writer idle",
production/evidence/coordinator/s05/owner-pr-01/publication-raw-whitespace-01.log:640: trailing whitespace.
++  "requestedAction": "Exactly one followup to same writer for allowed metadata bookkeeping, guarded non-force push and single draft work-to-main PR/attach/readback; preserve pending Escape changes outside commit",
production/evidence/coordinator/s05/owner-pr-01/publication-raw-whitespace-01.log:642: trailing whitespace.
++  "parentAllowedPaths": [
production/evidence/coordinator/s05/owner-pr-01/publication-raw-whitespace-01.log:644: trailing whitespace.
++    "production/evidence/coordinator/s05/owner-pr-01/publication-parent-intent-01.json",
production/evidence/coordinator/s05/owner-pr-01/publication-raw-whitespace-01.log:646: trailing whitespace.
++    "production/evidence/coordinator/s05/owner-pr-01/publication-parent-result-01.json"
production/evidence/coordinator/s05/owner-pr-01/publication-raw-whitespace-01.log:648: trailing whitespace.
++  ],
production/evidence/coordinator/s05/owner-pr-01/publication-raw-whitespace-01.log:650: trailing whitespace.
++  "parentProductWrites": false,
production/evidence/coordinator/s05/owner-pr-01/publication-raw-whitespace-01.log:652: trailing whitespace.
++  "parentStateWrites": false,
production/evidence/coordinator/s05/owner-pr-01/publication-raw-whitespace-01.log:654: trailing whitespace.
++  "parentGitMutations": [],
production/evidence/coordinator/s05/owner-pr-01/publication-raw-whitespace-01.log:656: trailing whitespace.
++  "parentRemoteActions": [],
production/evidence/coordinator/s05/owner-pr-01/publication-raw-whitespace-01.log:658: trailing whitespace.
++  "permissionRule": "On actual auto-approval denial preserve exact reason and stop rejected publication; no actor/transport bypass",
production/evidence/coordinator/s05/owner-pr-01/publication-raw-whitespace-01.log:660: trailing whitespace.
++  "noMerge": true,
production/evidence/coordinator/s05/owner-pr-01/publication-raw-whitespace-01.log:662: trailing whitespace.
++  "noNetworkRetry": true,
production/evidence/coordinator/s05/owner-pr-01/publication-raw-whitespace-01.log:664: trailing whitespace.
++  "noSecondWriter": true,
production/evidence/coordinator/s05/owner-pr-01/publication-raw-whitespace-01.log:666: trailing whitespace.
++  "noS06": true,
production/evidence/coordinator/s05/owner-pr-01/publication-raw-whitespace-01.log:668: trailing whitespace.
++  "technicalVerdicts": "Existing BLOCKED and EscapeFAIL preserved; no wholeS05 completion or independent PASS inferred",
production/evidence/coordinator/s05/owner-pr-01/publication-raw-whitespace-01.log:670: trailing whitespace.
++  "publicationCompletion": "NOT_CLAIMED"
production/evidence/coordinator/s05/owner-pr-01/publication-raw-whitespace-01.log:672: trailing whitespace.
++}
production/evidence/coordinator/s05/owner-pr-01/publication-raw-whitespace-01.log:674: trailing whitespace.
++{
production/evidence/coordinator/s05/owner-pr-01/publication-raw-whitespace-01.log:676: trailing whitespace.
++  "packetType": "PARENT_OWNER_PR_PUBLICATION_DISPATCH_RESULT",
production/evidence/coordinator/s05/owner-pr-01/publication-raw-whitespace-01.log:678: trailing whitespace.
++  "recordedAt": "2026-10-04T08:06:36.8736692Z",
production/evidence/coordinator/s05/owner-pr-01/publication-raw-whitespace-01.log:680: trailing whitespace.
++  "parentThreadId": "01a0fd87-65fd-7633-9f34-eea1516301ea",
production/evidence/coordinator/s05/owner-pr-01/publication-raw-whitespace-01.log:682: trailing whitespace.
++  "actionKey": "yeataro/Grape:S05:owner-pr:aa4c86e:01",
production/evidence/coordinator/s05/owner-pr-01/publication-raw-whitespace-01.log:684: trailing whitespace.
++  "packetId": "S05-OWNER-PR-PUBLICATION-01",
production/evidence/coordinator/s05/owner-pr-01/publication-raw-whitespace-01.log:686: trailing whitespace.
++  "packet": {
production/evidence/coordinator/s05/owner-pr-01/publication-raw-whitespace-01.log:688: trailing whitespace.
++    "file": "production/evidence/coordinator/s05/owner-pr-01/publication-packet-01.json",
production/evidence/coordinator/s05/owner-pr-01/publication-raw-whitespace-01.log:690: trailing whitespace.
++    "sha256": "dbb92a79944fd508411c44dc73040e7239663499f3ad76bdedbd8b1f8a5e87cb",
production/evidence/coordinator/s05/owner-pr-01/publication-raw-whitespace-01.log:692: trailing whitespace.
++    "bytes": 7758
production/evidence/coordinator/s05/owner-pr-01/publication-raw-whitespace-01.log:694: trailing whitespace.
++  },
production/evidence/coordinator/s05/owner-pr-01/publication-raw-whitespace-01.log:696: trailing whitespace.
++  "intent": {
production/evidence/coordinator/s05/owner-pr-01/publication-raw-whitespace-01.log:698: trailing whitespace.
++    "file": "production/evidence/coordinator/s05/owner-pr-01/publication-parent-intent-01.json",
production/evidence/coordinator/s05/owner-pr-01/publication-raw-whitespace-01.log:700: trailing whitespace.
++    "sha256": "799e2c61b821bb07fe51c5ae5b3a876598862fdffe3baf1500cdd7d1f0057ce7"
production/evidence/coordinator/s05/owner-pr-01/publication-raw-whitespace-01.log:702: trailing whitespace.
++  },
production/evidence/coordinator/s05/owner-pr-01/publication-raw-whitespace-01.log:704: trailing whitespace.
++  "expectedStartingHead": "a807a965e88f3254cd198b4b01358a631fb3d5c7",
production/evidence/coordinator/s05/owner-pr-01/publication-raw-whitespace-01.log:706: trailing whitespace.
++  "observedHeadAfterDispatch": "a807a965e88f3254cd198b4b01358a631fb3d5c7",
production/evidence/coordinator/s05/owner-pr-01/publication-raw-whitespace-01.log:708: trailing whitespace.
++  "writer": {
production/evidence/coordinator/s05/owner-pr-01/publication-raw-whitespace-01.log:710: trailing whitespace.
++    "threadId": "01a0fd8c-081e-7492-8f59-55159462e301",
production/evidence/coordinator/s05/owner-pr-01/publication-raw-whitespace-01.log:712: trailing whitespace.
++    "canonicalAgent": "/root/s03_implementer_resume",
production/evidence/coordinator/s05/owner-pr-01/publication-raw-whitespace-01.log:714: trailing whitespace.
++    "parentThreadId": "01a0fd87-65fd-7633-9f34-eea1516301ea",
production/evidence/coordinator/s05/owner-pr-01/publication-raw-whitespace-01.log:716: trailing whitespace.
++    "status": "STOP_WRITING safe checkpoint at HEADa807a96/index empty; actual writer turn completed"
production/evidence/coordinator/s05/owner-pr-01/publication-raw-whitespace-01.log:718: trailing whitespace.
++  },
production/evidence/coordinator/s05/owner-pr-01/publication-raw-whitespace-01.log:720: trailing whitespace.
++  "status": "DISPATCHED_RUNNING_PACKET_READ_ACKNOWLEDGED",
production/evidence/coordinator/s05/owner-pr-01/publication-raw-whitespace-01.log:722: trailing whitespace.
++  "attempt": 1,
production/evidence/coordinator/s05/owner-pr-01/publication-raw-whitespace-01.log:724: trailing whitespace.
++  "transientRetriesUsed": 0,
production/evidence/coordinator/s05/owner-pr-01/publication-raw-whitespace-01.log:726: trailing whitespace.
++  "actualWriterDispatches": 1,
production/evidence/coordinator/s05/owner-pr-01/publication-raw-whitespace-01.log:728: trailing whitespace.
++  "dispatch": {
production/evidence/coordinator/s05/owner-pr-01/publication-raw-whitespace-01.log:730: trailing whitespace.
++    "tool": "collaboration.followup_task",
production/evidence/coordinator/s05/owner-pr-01/publication-raw-whitespace-01.log:732: trailing whitespace.
++    "target": "/root/s03_implementer_resume",
production/evidence/coordinator/s05/owner-pr-01/publication-raw-whitespace-01.log:734: trailing whitespace.
++    "calls": 1,
production/evidence/coordinator/s05/owner-pr-01/publication-raw-whitespace-01.log:736: trailing whitespace.
++    "outcome": "Returned successfully with no text payload",
production/evidence/coordinator/s05/owner-pr-01/publication-raw-whitespace-01.log:738: trailing whitespace.
++    "replacementWriterCreated": false
production/evidence/coordinator/s05/owner-pr-01/publication-raw-whitespace-01.log:740: trailing whitespace.
++  },
production/evidence/coordinator/s05/owner-pr-01/publication-raw-whitespace-01.log:742: trailing whitespace.
++  "postDispatchObservation": {
production/evidence/coordinator/s05/owner-pr-01/publication-raw-whitespace-01.log:744: trailing whitespace.
++    "tool": "collaboration.list_agents",
production/evidence/coordinator/s05/owner-pr-01/publication-raw-whitespace-01.log:746: trailing whitespace.
++    "agentName": "/root/s03_implementer_resume",
production/evidence/coordinator/s05/owner-pr-01/publication-raw-whitespace-01.log:748: trailing whitespace.
++    "agentStatus": "running",
production/evidence/coordinator/s05/owner-pr-01/publication-raw-whitespace-01.log:750: trailing whitespace.
++    "historicalHelperOutputExcluded": true
production/evidence/coordinator/s05/owner-pr-01/publication-raw-whitespace-01.log:752: trailing whitespace.
++  },
production/evidence/coordinator/s05/owner-pr-01/publication-raw-whitespace-01.log:754: trailing whitespace.
++  "consumptionEvidence": {
production/evidence/coordinator/s05/owner-pr-01/publication-raw-whitespace-01.log:756: trailing whitespace.
++    "tool": "mcp__codex_app__read_thread",
production/evidence/coordinator/s05/owner-pr-01/publication-raw-whitespace-01.log:758: trailing whitespace.
++    "threadId": "01a0fd8c-081e-7492-8f59-55159462e301",
production/evidence/coordinator/s05/owner-pr-01/publication-raw-whitespace-01.log:760: trailing whitespace.
++    "turnId": "01a105f2-854e-7f51-afff-3f1a13efc7fe",
production/evidence/coordinator/s05/owner-pr-01/publication-raw-whitespace-01.log:762: trailing whitespace.
++    "turnStatus": "inProgress",
production/evidence/coordinator/s05/owner-pr-01/publication-raw-whitespace-01.log:764: trailing whitespace.
++    "messageId": "msg_0f7ea6f2d846c6d3016ac208df02c887d083d13ca21e9d4908",
production/evidence/coordinator/s05/owner-pr-01/publication-raw-whitespace-01.log:766: trailing whitespace.
++    "quote": "我會核對發布 packet，僅保存本輪授權的狀態與證據，並以原 I6 內容建立一個 draft PR。尚未提交的 Escape 修復會保持原樣、不加入本次發布；獨立審查的 BLOCKED／FAIL 與未完成事項會明列在 PR 中。",
production/evidence/coordinator/s05/owner-pr-01/publication-raw-whitespace-01.log:768: trailing whitespace.
++    "packetReadCommandId": "exec-940bd53d-d88d-44b6-919e-77ba36e1030f",
production/evidence/coordinator/s05/owner-pr-01/publication-raw-whitespace-01.log:770: trailing whitespace.
++    "packetReadStatus": "completed",
production/evidence/coordinator/s05/owner-pr-01/publication-raw-whitespace-01.log:772: trailing whitespace.
++    "packetReadExitCode": 0,
production/evidence/coordinator/s05/owner-pr-01/publication-raw-whitespace-01.log:774: trailing whitespace.
++    "additionalInputsRead": [
production/evidence/coordinator/s05/owner-pr-01/publication-raw-whitespace-01.log:776: trailing whitespace.
++      "batch-routing-clarification-01.json",
production/evidence/coordinator/s05/owner-pr-01/publication-raw-whitespace-01.log:778: trailing whitespace.
++      "PR-BODY.md"
production/evidence/coordinator/s05/owner-pr-01/publication-raw-whitespace-01.log:780: trailing whitespace.
++    ]
production/evidence/coordinator/s05/owner-pr-01/publication-raw-whitespace-01.log:782: trailing whitespace.
++  },
production/evidence/coordinator/s05/owner-pr-01/publication-raw-whitespace-01.log:784: trailing whitespace.
++  "safeCheckpoint": {
production/evidence/coordinator/s05/owner-pr-01/publication-raw-whitespace-01.log:786: trailing whitespace.
++    "file": "production/evidence/coordinator/s05/owner-pr-01/sequencing-result-01.json",
production/evidence/coordinator/s05/owner-pr-01/publication-raw-whitespace-01.log:788: trailing whitespace.
++    "bytes": 121858,
production/evidence/coordinator/s05/owner-pr-01/publication-raw-whitespace-01.log:790: trailing whitespace.
++    "sha256": "c404270a4eff2361351386b5e43e8c8b32a617387e9a23749b0496281badeda6"
production/evidence/coordinator/s05/owner-pr-01/publication-raw-whitespace-01.log:792: trailing whitespace.
++  },
production/evidence/coordinator/s05/owner-pr-01/publication-raw-whitespace-01.log:794: trailing whitespace.
++  "preservedDirtyAtDispatch": [
production/evidence/coordinator/s05/owner-pr-01/publication-raw-whitespace-01.log:796: trailing whitespace.
++    {
production/evidence/coordinator/s05/owner-pr-01/publication-raw-whitespace-01.log:798: trailing whitespace.
++      "file": "production/src/features/canvas.ts",
production/evidence/coordinator/s05/owner-pr-01/publication-raw-whitespace-01.log:800: trailing whitespace.
++      "bytes": 43694,
production/evidence/coordinator/s05/owner-pr-01/publication-raw-whitespace-01.log:802: trailing whitespace.
++      "sha256": "c5d15f9d08f693f5a30b1cedef983280a7053c850e48ca308389f230a9968dbf"
production/evidence/coordinator/s05/owner-pr-01/publication-raw-whitespace-01.log:804: trailing whitespace.
++    },
production/evidence/coordinator/s05/owner-pr-01/publication-raw-whitespace-01.log:806: trailing whitespace.
++    {
production/evidence/coordinator/s05/owner-pr-01/publication-raw-whitespace-01.log:808: trailing whitespace.
++      "file": "production/tests/browser/s05-escape-flow.ts",
production/evidence/coordinator/s05/owner-pr-01/publication-raw-whitespace-01.log:810: trailing whitespace.
++      "bytes": 6070,
production/evidence/coordinator/s05/owner-pr-01/publication-raw-whitespace-01.log:812: trailing whitespace.
++      "sha256": "026dfcde6cb0d52ecadbff8dbd98568c7ba225fb32b912d0c8b3c9c35e7c336b"
production/evidence/coordinator/s05/owner-pr-01/publication-raw-whitespace-01.log:814: trailing whitespace.
++    },
production/evidence/coordinator/s05/owner-pr-01/publication-raw-whitespace-01.log:816: trailing whitespace.
++    {
production/evidence/coordinator/s05/owner-pr-01/publication-raw-whitespace-01.log:818: trailing whitespace.
++      "file": "production/tests/browser/s05-escape-focus.spec.ts",
production/evidence/coordinator/s05/owner-pr-01/publication-raw-whitespace-01.log:820: trailing whitespace.
++      "bytes": 1068,
production/evidence/coordinator/s05/owner-pr-01/publication-raw-whitespace-01.log:822: trailing whitespace.
++      "sha256": "782ff1c3d15ace69184b19f27b771f9481d04b936ae49b342525739e8560a370"
production/evidence/coordinator/s05/owner-pr-01/publication-raw-whitespace-01.log:824: trailing whitespace.
++    }
production/evidence/coordinator/s05/owner-pr-01/publication-raw-whitespace-01.log:826: trailing whitespace.
++  ],
production/evidence/coordinator/s05/owner-pr-01/publication-raw-whitespace-01.log:828: trailing whitespace.
++  "permissionRule": "On actual auto-approval denial preserve exact reason and stop rejected publication; no actor/transport bypass",
production/evidence/coordinator/s05/owner-pr-01/publication-raw-whitespace-01.log:830: trailing whitespace.
++  "parentActions": {
production/evidence/coordinator/s05/owner-pr-01/publication-raw-whitespace-01.log:832: trailing whitespace.
++    "newFiles": [
production/evidence/coordinator/s05/owner-pr-01/publication-raw-whitespace-01.log:834: trailing whitespace.
++      "production/evidence/coordinator/s05/owner-pr-01/publication-parent-intent-01.json",
production/evidence/coordinator/s05/owner-pr-01/publication-raw-whitespace-01.log:836: trailing whitespace.
++      "production/evidence/coordinator/s05/owner-pr-01/publication-parent-result-01.json"
production/evidence/coordinator/s05/owner-pr-01/publication-raw-whitespace-01.log:838: trailing whitespace.
++    ],
production/evidence/coordinator/s05/owner-pr-01/publication-raw-whitespace-01.log:840: trailing whitespace.
++    "productWrites": [],
production/evidence/coordinator/s05/owner-pr-01/publication-raw-whitespace-01.log:842: trailing whitespace.
++    "stateWrites": [],
production/evidence/coordinator/s05/owner-pr-01/publication-raw-whitespace-01.log:844: trailing whitespace.
++    "gitMutations": [],
production/evidence/coordinator/s05/owner-pr-01/publication-raw-whitespace-01.log:846: trailing whitespace.
++    "networkActions": [],
production/evidence/coordinator/s05/owner-pr-01/publication-raw-whitespace-01.log:848: trailing whitespace.
++    "serviceActions": [],
production/evidence/coordinator/s05/owner-pr-01/publication-raw-whitespace-01.log:850: trailing whitespace.
++    "remoteActions": []
production/evidence/coordinator/s05/owner-pr-01/publication-raw-whitespace-01.log:852: trailing whitespace.
++  },
production/evidence/coordinator/s05/owner-pr-01/publication-raw-whitespace-01.log:854: trailing whitespace.
++  "publicationCompletion": "NOT_VERIFIED; RUNNING and packet consumption do not establish push or PR success",
production/evidence/coordinator/s05/owner-pr-01/publication-raw-whitespace-01.log:856: trailing whitespace.
++  "technicalVerdicts": "BLOCKED/WF_PERMISSION and EscapeFAIL retained; no independent PASS or wholeS05 completion inferred",
production/evidence/coordinator/s05/owner-pr-01/publication-raw-whitespace-01.log:858: trailing whitespace.
++  "mergeAuthorization": "NOT_GRANTED",
production/evidence/coordinator/s05/owner-pr-01/publication-raw-whitespace-01.log:860: trailing whitespace.
++  "nextRoute": "Original writer completes guarded metadata-only publication and draftPR/attach/readback or reports actual approval/ref blocker, then STOP_WRITING. Coordinator collects publication-result-01.json."
production/evidence/coordinator/s05/owner-pr-01/publication-raw-whitespace-01.log:862: trailing whitespace.
++}
production/evidence/coordinator/s05/owner-pr-01/publication-raw-whitespace-01.log:864: trailing whitespace.
++{
production/evidence/coordinator/s05/owner-pr-01/publication-raw-whitespace-01.log:866: trailing whitespace.
++  "packetType": "PARENT_OWNER_PR_SEQUENCING_INTENT",
production/evidence/coordinator/s05/owner-pr-01/publication-raw-whitespace-01.log:868: trailing whitespace.
++  "recordedAt": "2026-10-04T08:02:00.3904972Z",
production/evidence/coordinator/s05/owner-pr-01/publication-raw-whitespace-01.log:870: trailing whitespace.
++  "actionKey": "yeataro/Grape:S05:owner-pr-sequencing:01a105ed:01",
production/evidence/coordinator/s05/owner-pr-01/publication-raw-whitespace-01.log:872: trailing whitespace.
++  "packet": {
production/evidence/coordinator/s05/owner-pr-01/publication-raw-whitespace-01.log:874: trailing whitespace.
++    "file": "production/evidence/coordinator/s05/owner-pr-01/sequencing-packet-01.json",
production/evidence/coordinator/s05/owner-pr-01/publication-raw-whitespace-01.log:876: trailing whitespace.
++    "sha256": "cb30a120e3281b40aba58b17e84784bdc5c553c57831acd1d61bd65b21daabbd",
production/evidence/coordinator/s05/owner-pr-01/publication-raw-whitespace-01.log:878: trailing whitespace.
++    "bytes": 2629
production/evidence/coordinator/s05/owner-pr-01/publication-raw-whitespace-01.log:880: trailing whitespace.
++  },
production/evidence/coordinator/s05/owner-pr-01/publication-raw-whitespace-01.log:882: trailing whitespace.
++  "writer": {
production/evidence/coordinator/s05/owner-pr-01/publication-raw-whitespace-01.log:884: trailing whitespace.
++    "threadId": "01a0fd8c-081e-7492-8f59-55159462e301",
production/evidence/coordinator/s05/owner-pr-01/publication-raw-whitespace-01.log:886: trailing whitespace.
++    "canonicalAgent": "/root/s03_implementer_resume",
production/evidence/coordinator/s05/owner-pr-01/publication-raw-whitespace-01.log:888: trailing whitespace.
++    "parentThreadId": "01a0fd87-65fd-7633-9f34-eea1516301ea"
production/evidence/coordinator/s05/owner-pr-01/publication-raw-whitespace-01.log:890: trailing whitespace.
++  },
production/evidence/coordinator/s05/owner-pr-01/publication-raw-whitespace-01.log:892: trailing whitespace.
++  "expectedPacketHead": "a807a965e88f3254cd198b4b01358a631fb3d5c7",
production/evidence/coordinator/s05/owner-pr-01/publication-raw-whitespace-01.log:894: trailing whitespace.
++  "observedHead": "a807a965e88f3254cd198b4b01358a631fb3d5c7",
production/evidence/coordinator/s05/owner-pr-01/publication-raw-whitespace-01.log:896: trailing whitespace.
++  "observedTrackedDiff": [
production/evidence/coordinator/s05/owner-pr-01/publication-raw-whitespace-01.log:898: trailing whitespace.
++    "production/src/features/canvas.ts"
production/evidence/coordinator/s05/owner-pr-01/publication-raw-whitespace-01.log:900: trailing whitespace.
++  ],
production/evidence/coordinator/s05/owner-pr-01/publication-raw-whitespace-01.log:902: trailing whitespace.
++  "observedIndexDiff": [],
production/evidence/coordinator/s05/owner-pr-01/publication-raw-whitespace-01.log:904: trailing whitespace.
++  "writerObservation": {
production/evidence/coordinator/s05/owner-pr-01/publication-raw-whitespace-01.log:906: trailing whitespace.
++    "tool": "mcp__codex_app__read_thread",
production/evidence/coordinator/s05/owner-pr-01/publication-raw-whitespace-01.log:908: trailing whitespace.
++    "threadStatus": "active",
production/evidence/coordinator/s05/owner-pr-01/publication-raw-whitespace-01.log:910: trailing whitespace.
++    "turnId": "01a105ea-e24c-7b82-bfef-cc50428d81a1",
production/evidence/coordinator/s05/owner-pr-01/publication-raw-whitespace-01.log:912: trailing whitespace.
++    "turnStatus": "inProgress",
production/evidence/coordinator/s05/owner-pr-01/publication-raw-whitespace-01.log:914: trailing whitespace.
++    "latestMessageId": "msg_0f7ea6f2d846c6d3016ac207e25dbc87d09a94b4b163ae9b42",
production/evidence/coordinator/s05/owner-pr-01/publication-raw-whitespace-01.log:916: trailing whitespace.
++    "activity": "Local browser regressions running, local canvas repair/type/unit checks reported complete"
production/evidence/coordinator/s05/owner-pr-01/publication-raw-whitespace-01.log:918: trailing whitespace.
++  },
production/evidence/coordinator/s05/owner-pr-01/publication-raw-whitespace-01.log:920: trailing whitespace.
++  "status": "PREPARED_NOT_SENT",
production/evidence/coordinator/s05/owner-pr-01/publication-raw-whitespace-01.log:922: trailing whitespace.
++  "messageOrdinal": 1,
production/evidence/coordinator/s05/owner-pr-01/publication-raw-whitespace-01.log:924: trailing whitespace.
++  "requestedAction": "One send_message to same running writer: safe-boundary stop of further product edits/commits, preserve all work/tests/output, report exactHEAD/dirty/repair status, await exact PR packet",
production/evidence/coordinator/s05/owner-pr-01/publication-raw-whitespace-01.log:926: trailing whitespace.
++  "forbiddenActions": [
production/evidence/coordinator/s05/owner-pr-01/publication-raw-whitespace-01.log:928: trailing whitespace.
++    "reset",
production/evidence/coordinator/s05/owner-pr-01/publication-raw-whitespace-01.log:930: trailing whitespace.
++    "revert",
production/evidence/coordinator/s05/owner-pr-01/publication-raw-whitespace-01.log:932: trailing whitespace.
++    "stash",
production/evidence/coordinator/s05/owner-pr-01/publication-raw-whitespace-01.log:934: trailing whitespace.
++    "drop",
production/evidence/coordinator/s05/owner-pr-01/publication-raw-whitespace-01.log:936: trailing whitespace.
++    "push",
production/evidence/coordinator/s05/owner-pr-01/publication-raw-whitespace-01.log:938: trailing whitespace.
++    "PR",
production/evidence/coordinator/s05/owner-pr-01/publication-raw-whitespace-01.log:940: trailing whitespace.
++    "merge",
production/evidence/coordinator/s05/owner-pr-01/publication-raw-whitespace-01.log:942: trailing whitespace.
++    "network retry",
production/evidence/coordinator/s05/owner-pr-01/publication-raw-whitespace-01.log:944: trailing whitespace.
++    "preview change",
production/evidence/coordinator/s05/owner-pr-01/publication-raw-whitespace-01.log:946: trailing whitespace.
++    "second writer"
production/evidence/coordinator/s05/owner-pr-01/publication-raw-whitespace-01.log:948: trailing whitespace.
++  ],
production/evidence/coordinator/s05/owner-pr-01/publication-raw-whitespace-01.log:950: trailing whitespace.
++  "parentScope": "Append-only dispatch intent/result only",
production/evidence/coordinator/s05/owner-pr-01/publication-raw-whitespace-01.log:952: trailing whitespace.
++  "humanFeedbackMeaning": "Changed sequence and PR instruction; not independent technical PASS or wholeS05 completion"
production/evidence/coordinator/s05/owner-pr-01/publication-raw-whitespace-01.log:954: trailing whitespace.
++}
production/evidence/coordinator/s05/owner-pr-01/publication-raw-whitespace-01.log:956: trailing whitespace.
++{
production/evidence/coordinator/s05/owner-pr-01/publication-raw-whitespace-01.log:958: trailing whitespace.
++  "packetType": "PARENT_OWNER_PR_SEQUENCING_RESULT",
production/evidence/coordinator/s05/owner-pr-01/publication-raw-whitespace-01.log:960: trailing whitespace.
++  "recordedAt": "2026-10-04T08:04:07.3809042Z",
production/evidence/coordinator/s05/owner-pr-01/publication-raw-whitespace-01.log:962: trailing whitespace.
++  "actionKey": "yeataro/Grape:S05:owner-pr-sequencing:01a105ed:01",
production/evidence/coordinator/s05/owner-pr-01/publication-raw-whitespace-01.log:964: trailing whitespace.
++  "packet": {
production/evidence/coordinator/s05/owner-pr-01/publication-raw-whitespace-01.log:966: trailing whitespace.
++    "file": "production/evidence/coordinator/s05/owner-pr-01/sequencing-packet-01.json",
production/evidence/coordinator/s05/owner-pr-01/publication-raw-whitespace-01.log:968: trailing whitespace.
++    "sha256": "cb30a120e3281b40aba58b17e84784bdc5c553c57831acd1d61bd65b21daabbd",
production/evidence/coordinator/s05/owner-pr-01/publication-raw-whitespace-01.log:970: trailing whitespace.
++    "bytes": 2629
production/evidence/coordinator/s05/owner-pr-01/publication-raw-whitespace-01.log:972: trailing whitespace.
++  },
production/evidence/coordinator/s05/owner-pr-01/publication-raw-whitespace-01.log:974: trailing whitespace.
++  "intent": {
production/evidence/coordinator/s05/owner-pr-01/publication-raw-whitespace-01.log:976: trailing whitespace.
++    "file": "production/evidence/coordinator/s05/owner-pr-01/sequencing-parent-intent-01.json",
production/evidence/coordinator/s05/owner-pr-01/publication-raw-whitespace-01.log:978: trailing whitespace.
++    "sha256": "4cc2ff4d5db90d0d7234e3c0d9ecc0c643a408d5674212db14def54e08fb0843"
production/evidence/coordinator/s05/owner-pr-01/publication-raw-whitespace-01.log:980: trailing whitespace.
++  },
production/evidence/coordinator/s05/owner-pr-01/publication-raw-whitespace-01.log:982: trailing whitespace.
++  "writer": {
production/evidence/coordinator/s05/owner-pr-01/publication-raw-whitespace-01.log:984: trailing whitespace.
++    "threadId": "01a0fd8c-081e-7492-8f59-55159462e301",
production/evidence/coordinator/s05/owner-pr-01/publication-raw-whitespace-01.log:986: trailing whitespace.
++    "canonicalAgent": "/root/s03_implementer_resume",
production/evidence/coordinator/s05/owner-pr-01/publication-raw-whitespace-01.log:988: trailing whitespace.
++    "parentThreadId": "01a0fd87-65fd-7633-9f34-eea1516301ea"
production/evidence/coordinator/s05/owner-pr-01/publication-raw-whitespace-01.log:990: trailing whitespace.
++  },
production/evidence/coordinator/s05/owner-pr-01/publication-raw-whitespace-01.log:992: trailing whitespace.
++  "status": "MESSAGE_CONSUMED_STOP_WRITING_CONFIRMED",
production/evidence/coordinator/s05/owner-pr-01/publication-raw-whitespace-01.log:994: trailing whitespace.
++  "dispatch": {
production/evidence/coordinator/s05/owner-pr-01/publication-raw-whitespace-01.log:996: trailing whitespace.
++    "tool": "collaboration.send_message",
production/evidence/coordinator/s05/owner-pr-01/publication-raw-whitespace-01.log:998: trailing whitespace.
++    "target": "/root/s03_implementer_resume",
production/evidence/coordinator/s05/owner-pr-01/publication-raw-whitespace-01.log:1000: trailing whitespace.
++    "calls": 1,
production/evidence/coordinator/s05/owner-pr-01/publication-raw-whitespace-01.log:1002: trailing whitespace.
++    "outcome": "Returned successfully with no text payload",
production/evidence/coordinator/s05/owner-pr-01/publication-raw-whitespace-01.log:1004: trailing whitespace.
++    "followupTaskCalls": 0,
production/evidence/coordinator/s05/owner-pr-01/publication-raw-whitespace-01.log:1006: trailing whitespace.
++    "newWriterCreated": false
production/evidence/coordinator/s05/owner-pr-01/publication-raw-whitespace-01.log:1008: trailing whitespace.
++  },
production/evidence/coordinator/s05/owner-pr-01/publication-raw-whitespace-01.log:1010: trailing whitespace.
++  "acknowledgement": {
production/evidence/coordinator/s05/owner-pr-01/publication-raw-whitespace-01.log:1012: trailing whitespace.
++    "tool": "mcp__codex_app__read_thread",
production/evidence/coordinator/s05/owner-pr-01/publication-raw-whitespace-01.log:1014: trailing whitespace.
++    "threadId": "01a0fd8c-081e-7492-8f59-55159462e301",
production/evidence/coordinator/s05/owner-pr-01/publication-raw-whitespace-01.log:1016: trailing whitespace.
++    "turnId": "01a105ea-e24c-7b82-bfef-cc50428d81a1",
production/evidence/coordinator/s05/owner-pr-01/publication-raw-whitespace-01.log:1018: trailing whitespace.
++    "safeStopMessageId": "msg_0f7ea6f2d846c6d3016ac2081a612887d0816a874ed6df7517",
production/evidence/coordinator/s05/owner-pr-01/publication-raw-whitespace-01.log:1020: trailing whitespace.
++    "finalMessageId": "msg_0f7ea6f2d846c6d3016ac2084d8b3487d099f229e9bc7fda8d",
production/evidence/coordinator/s05/owner-pr-01/publication-raw-whitespace-01.log:1022: trailing whitespace.
++    "threadStatus": "idle",
production/evidence/coordinator/s05/owner-pr-01/publication-raw-whitespace-01.log:1024: trailing whitespace.
++    "turnStatus": "completed",
production/evidence/coordinator/s05/owner-pr-01/publication-raw-whitespace-01.log:1026: trailing whitespace.
++    "reportedStatus": "STOP_WRITING"
production/evidence/coordinator/s05/owner-pr-01/publication-raw-whitespace-01.log:1028: trailing whitespace.
++  },
production/evidence/coordinator/s05/owner-pr-01/publication-raw-whitespace-01.log:1030: trailing whitespace.
++  "writerCheckpoint": {
production/evidence/coordinator/s05/owner-pr-01/publication-raw-whitespace-01.log:1032: trailing whitespace.
++    "file": "production/evidence/coordinator/s05/owner-pr-01/sequencing-result-01.json",
production/evidence/coordinator/s05/owner-pr-01/publication-raw-whitespace-01.log:1034: trailing whitespace.
++    "sha256": "c404270a4eff2361351386b5e43e8c8b32a617387e9a23749b0496281badeda6",
production/evidence/coordinator/s05/owner-pr-01/publication-raw-whitespace-01.log:1036: trailing whitespace.
++    "bytes": 121858,
production/evidence/coordinator/s05/owner-pr-01/publication-raw-whitespace-01.log:1038: trailing whitespace.
++    "status": "STOP_WRITING_SAFE_CHECKPOINT",
production/evidence/coordinator/s05/owner-pr-01/publication-raw-whitespace-01.log:1040: trailing whitespace.
++    "HEAD": "a807a965e88f3254cd198b4b01358a631fb3d5c7",
production/evidence/coordinator/s05/owner-pr-01/publication-raw-whitespace-01.log:1042: trailing whitespace.
++    "index": [],
production/evidence/coordinator/s05/owner-pr-01/publication-raw-whitespace-01.log:1044: trailing whitespace.
++    "trackedDirtyFiles": [
production/evidence/coordinator/s05/owner-pr-01/publication-raw-whitespace-01.log:1046: trailing whitespace.
++      "production/src/features/canvas.ts"
production/evidence/coordinator/s05/owner-pr-01/publication-raw-whitespace-01.log:1048: trailing whitespace.
++    ],
production/evidence/coordinator/s05/owner-pr-01/publication-raw-whitespace-01.log:1050: trailing whitespace.
++    "repairFilesVerified": [
production/evidence/coordinator/s05/owner-pr-01/publication-raw-whitespace-01.log:1052: trailing whitespace.
++      {
production/evidence/coordinator/s05/owner-pr-01/publication-raw-whitespace-01.log:1054: trailing whitespace.
++        "file": "production/src/features/canvas.ts",
production/evidence/coordinator/s05/owner-pr-01/publication-raw-whitespace-01.log:1056: trailing whitespace.
++        "bytes": 43694,
production/evidence/coordinator/s05/owner-pr-01/publication-raw-whitespace-01.log:1058: trailing whitespace.
++        "sha256": "c5d15f9d08f693f5a30b1cedef983280a7053c850e48ca308389f230a9968dbf"
production/evidence/coordinator/s05/owner-pr-01/publication-raw-whitespace-01.log:1060: trailing whitespace.
++      },
production/evidence/coordinator/s05/owner-pr-01/publication-raw-whitespace-01.log:1062: trailing whitespace.
++      {
production/evidence/coordinator/s05/owner-pr-01/publication-raw-whitespace-01.log:1064: trailing whitespace.
++        "file": "production/tests/browser/s05-escape-flow.ts",
production/evidence/coordinator/s05/owner-pr-01/publication-raw-whitespace-01.log:1066: trailing whitespace.
++        "bytes": 6070,
production/evidence/coordinator/s05/owner-pr-01/publication-raw-whitespace-01.log:1068: trailing whitespace.
++        "sha256": "026dfcde6cb0d52ecadbff8dbd98568c7ba225fb32b912d0c8b3c9c35e7c336b"
production/evidence/coordinator/s05/owner-pr-01/publication-raw-whitespace-01.log:1070: trailing whitespace.
++      },
production/evidence/coordinator/s05/owner-pr-01/publication-raw-whitespace-01.log:1072: trailing whitespace.
++      {
production/evidence/coordinator/s05/owner-pr-01/publication-raw-whitespace-01.log:1074: trailing whitespace.
++        "file": "production/tests/browser/s05-escape-focus.spec.ts",
production/evidence/coordinator/s05/owner-pr-01/publication-raw-whitespace-01.log:1076: trailing whitespace.
++        "bytes": 1068,
production/evidence/coordinator/s05/owner-pr-01/publication-raw-whitespace-01.log:1078: trailing whitespace.
++        "sha256": "782ff1c3d15ace69184b19f27b771f9481d04b936ae49b342525739e8560a370"
production/evidence/coordinator/s05/owner-pr-01/publication-raw-whitespace-01.log:1080: trailing whitespace.
++      }
production/evidence/coordinator/s05/owner-pr-01/publication-raw-whitespace-01.log:1082: trailing whitespace.
++    ],
production/evidence/coordinator/s05/owner-pr-01/publication-raw-whitespace-01.log:1084: trailing whitespace.
++    "tests": "Writer reports all tests completed;110 local browser,227 unit/conformance,10fixtures and type/build/root checks passed",
production/evidence/coordinator/s05/owner-pr-01/publication-raw-whitespace-01.log:1086: trailing whitespace.
++    "repairPublication": "No new implementation/submission commit or candidate archive; repair changes preserved uncommitted"
production/evidence/coordinator/s05/owner-pr-01/publication-raw-whitespace-01.log:1088: trailing whitespace.
++  },
production/evidence/coordinator/s05/owner-pr-01/publication-raw-whitespace-01.log:1090: trailing whitespace.
++  "currentTestedCandidate": {
production/evidence/coordinator/s05/owner-pr-01/publication-raw-whitespace-01.log:1092: trailing whitespace.
++    "I": "aa4c86e20b0b4b54218b9992921578e7f24a28a2",
production/evidence/coordinator/s05/owner-pr-01/publication-raw-whitespace-01.log:1094: trailing whitespace.
++    "R": "6c3a734325d0db2d924356a9614e971d80a966c8",
production/evidence/coordinator/s05/owner-pr-01/publication-raw-whitespace-01.log:1096: trailing whitespace.
++    "bookkeeping": "a807a965e88f3254cd198b4b01358a631fb3d5c7",
production/evidence/coordinator/s05/owner-pr-01/publication-raw-whitespace-01.log:1098: trailing whitespace.
++    "buildId": "S05-drag-aa4c86e",
production/evidence/coordinator/s05/owner-pr-01/publication-raw-whitespace-01.log:1100: trailing whitespace.
++    "archive": {
production/evidence/coordinator/s05/owner-pr-01/publication-raw-whitespace-01.log:1102: trailing whitespace.
++      "file": "production/evidence/s05/drag-performance-repair-01/candidate-web-01.tar.gz",
production/evidence/coordinator/s05/owner-pr-01/publication-raw-whitespace-01.log:1104: trailing whitespace.
++      "bytes": 73186,
production/evidence/coordinator/s05/owner-pr-01/publication-raw-whitespace-01.log:1106: trailing whitespace.
++      "sha256": "8fefd2e02eb9d78610ae68c553926bd7ba6604769d306e810c2fc8dda5279a62"
production/evidence/coordinator/s05/owner-pr-01/publication-raw-whitespace-01.log:1108: trailing whitespace.
++    }
production/evidence/coordinator/s05/owner-pr-01/publication-raw-whitespace-01.log:1110: trailing whitespace.
++  },
production/evidence/coordinator/s05/owner-pr-01/publication-raw-whitespace-01.log:1112: trailing whitespace.
++  "remainingRepairWork": [
production/evidence/coordinator/s05/owner-pr-01/publication-raw-whitespace-01.log:1114: trailing whitespace.
++    "Commit authorization/sequence for future Escape round",
production/evidence/coordinator/s05/owner-pr-01/publication-raw-whitespace-01.log:1116: trailing whitespace.
++    "Create new exact I and source-to-archive verification",
production/evidence/coordinator/s05/owner-pr-01/publication-raw-whitespace-01.log:1118: trailing whitespace.
++    "Replay natural Escape against new archived bytes and fixed-value public load/edit/generate/save",
production/evidence/coordinator/s05/owner-pr-01/publication-raw-whitespace-01.log:1120: trailing whitespace.
++    "Finish version-bound state/README/manifests/submission R and independent targeted review"
production/evidence/coordinator/s05/owner-pr-01/publication-raw-whitespace-01.log:1122: trailing whitespace.
++  ],
production/evidence/coordinator/s05/owner-pr-01/publication-raw-whitespace-01.log:1124: trailing whitespace.
++  "independentVerdicts": "Existing BLOCKED/WF_PERMISSION and naturalEscapeFAIL retained; Human sequence/PR instruction is not a rewritten independent PASS",
production/evidence/coordinator/s05/owner-pr-01/publication-raw-whitespace-01.log:1126: trailing whitespace.
++  "parentActions": {
production/evidence/coordinator/s05/owner-pr-01/publication-raw-whitespace-01.log:1128: trailing whitespace.
++    "newFiles": [
production/evidence/coordinator/s05/owner-pr-01/publication-raw-whitespace-01.log:1130: trailing whitespace.
++      "production/evidence/coordinator/s05/owner-pr-01/sequencing-parent-intent-01.json",
production/evidence/coordinator/s05/owner-pr-01/publication-raw-whitespace-01.log:1132: trailing whitespace.
++      "production/evidence/coordinator/s05/owner-pr-01/sequencing-parent-result-01.json"
production/evidence/coordinator/s05/owner-pr-01/publication-raw-whitespace-01.log:1134: trailing whitespace.
++    ],
production/evidence/coordinator/s05/owner-pr-01/publication-raw-whitespace-01.log:1136: trailing whitespace.
++    "productWrites": [],
production/evidence/coordinator/s05/owner-pr-01/publication-raw-whitespace-01.log:1138: trailing whitespace.
++    "stateWrites": [],
production/evidence/coordinator/s05/owner-pr-01/publication-raw-whitespace-01.log:1140: trailing whitespace.
++    "gitMutations": [],
production/evidence/coordinator/s05/owner-pr-01/publication-raw-whitespace-01.log:1142: trailing whitespace.
++    "networkActions": [],
production/evidence/coordinator/s05/owner-pr-01/publication-raw-whitespace-01.log:1144: trailing whitespace.
++    "serviceActions": [],
production/evidence/coordinator/s05/owner-pr-01/publication-raw-whitespace-01.log:1146: trailing whitespace.
++    "remoteActions": []
production/evidence/coordinator/s05/owner-pr-01/publication-raw-whitespace-01.log:1148: trailing whitespace.
++  },
production/evidence/coordinator/s05/owner-pr-01/publication-raw-whitespace-01.log:1150: trailing whitespace.
++  "prohibitedOperationsExecuted": [],
production/evidence/coordinator/s05/owner-pr-01/publication-raw-whitespace-01.log:1152: trailing whitespace.
++  "livePreview": "4196 and all other previews remain untouched by parent; writer reports no preview changes",
production/evidence/coordinator/s05/owner-pr-01/publication-raw-whitespace-01.log:1154: trailing whitespace.
++  "nextRoute": "Coordinator reconciles exact tested I6 PR candidate and supplies guarded publication packet; no publication performed here. Escape work preserved for subsequent round."
production/evidence/coordinator/s05/owner-pr-01/publication-raw-whitespace-01.log:1156: trailing whitespace.
++}
production/evidence/coordinator/s05/owner-pr-01/publication-raw-whitespace-01.log:1161: trailing whitespace.
++finally{await browser.close();write('result.json',{status:'DIAGNOSTIC_COMPLETE',origin,implementationI:delivery.implementationI,reviewedR:delivery.reviewedR,newListenerStarted:false,contexts:'fresh isolated per case; Human storage untouched',cases:results});}})().catch(e=>{write('harness-error.json',{error:String(e),stack:e.stack});console.error(e);process.exitCode=1;});
production/evidence/coordinator/s05/owner-pr-01/publication-raw-whitespace-01.log:1163: trailing whitespace.
++locator.evaluate: Timeout 30000ms exceeded.
production/evidence/coordinator/s05/owner-pr-01/publication-raw-whitespace-01.log:1165: trailing whitespace.
++Call log:
production/evidence/coordinator/s05/owner-pr-01/publication-raw-whitespace-01.log:1167: trailing whitespace.
++  - waiting for locator('iframe').contentFrame().locator('.canvas').first().locator('.node').filter({ has: locator('.canvas').first().getByRole('heading', { name: 'Multiply', exact: true }) })
production/evidence/coordinator/s05/owner-pr-01/publication-raw-whitespace-01.log:1169: trailing whitespace.
++
production/evidence/coordinator/s05/owner-pr-01/publication-raw-whitespace-01.log:1171: trailing whitespace.
++    at position (C:\Users\user\.codex\worktrees\s05-drag-performance-review-01\Grape\.verification\s05-drag-performance-review-01\escape-focus-review-01.cjs:3:1697)
production/evidence/coordinator/s05/owner-pr-01/publication-raw-whitespace-01.log:1173: trailing whitespace.
++    at C:\Users\user\.codex\worktrees\s05-drag-performance-review-01\Grape\.verification\s05-drag-performance-review-01\escape-focus-review-01.cjs:3:2348 {
production/evidence/coordinator/s05/owner-pr-01/publication-raw-whitespace-01.log:1175: trailing whitespace.
++  log: [
production/evidence/coordinator/s05/owner-pr-01/publication-raw-whitespace-01.log:1177: trailing whitespace.
++    "  - waiting for locator('iframe').contentFrame().locator('.canvas').first().locator('.node').filter({ has: locator('.canvas').first().getByRole('heading', { name: 'Multiply', exact: true }) })"
production/evidence/coordinator/s05/owner-pr-01/publication-raw-whitespace-01.log:1179: trailing whitespace.
++  ],
production/evidence/coordinator/s05/owner-pr-01/publication-raw-whitespace-01.log:1181: trailing whitespace.
++  name: 'TimeoutError'
production/evidence/coordinator/s05/owner-pr-01/publication-raw-whitespace-01.log:1183: trailing whitespace.
++}
production/evidence/coordinator/s05/owner-pr-01/publication-raw-whitespace-01.log:1185: trailing whitespace.
++finally{await browser.close();write('result.json',{status:'DIAGNOSTIC_COMPLETE',origin,implementationI:delivery.implementationI,reviewedR:delivery.reviewedR,newListenerStarted:false,contexts:'fresh isolated per case; Human storage untouched',cases:results});}})().catch(e=>{write('harness-error.json',{error:String(e),stack:e.stack});console.error(e);process.exitCode=1;});
production/evidence/coordinator/s05/owner-pr-01/publication-raw-whitespace-01.log:1187: trailing whitespace.
++
production/evidence/coordinator/s05/owner-pr-01/publication-raw-whitespace-01.log:1190: trailing whitespace.
++{"label":"iframe-export","naturalStatus":"NOT_CANCELLED","explicitFocusStatus":"CANCELLED","beforeEscape":{"top":{"tag":"IFRAME","id":"","className":""},"frame":{"tag":"BODY","id":"","className":""}},"baseline":[420,160],"actual":[490,190],"errors":[]}
production/evidence/coordinator/s05/owner-pr-01/publication-raw-whitespace-01.log:1192: trailing whitespace.
++{"label":"iframe-no-export","naturalStatus":"NOT_CANCELLED","explicitFocusStatus":"CANCELLED","beforeEscape":{"top":{"tag":"IFRAME","id":"","className":""},"frame":{"tag":"BODY","id":"","className":""}},"baseline":[420,160],"actual":[490,190],"errors":[]}
production/evidence/coordinator/s05/owner-pr-01/publication-raw-whitespace-01.log:1194: trailing whitespace.
++{"label":"direct-export","naturalStatus":"NOT_CANCELLED","explicitFocusStatus":"CANCELLED","beforeEscape":{"top":{"tag":"BODY","id":"","className":""},"frame":{"tag":"BODY","id":"","className":""}},"baseline":[420,160],"actual":[490,190],"errors":[]}
production/evidence/coordinator/s05/owner-pr-01/publication-raw-whitespace-01.log:1196: trailing whitespace.
++{"label":"direct-no-export","naturalStatus":"NOT_CANCELLED","explicitFocusStatus":"CANCELLED","beforeEscape":{"top":{"tag":"BODY","id":"","className":""},"frame":{"tag":"BODY","id":"","className":""}},"baseline":[420,160],"actual":[490,190],"errors":[]}
production/evidence/s05/closeout-20261004-01/independent-review/scoped-closeout-author-01.cjs:104: trailing whitespace.
+console.log(JSON.stringify({verdict:report.verdict,boundedLocalCloseoutEligible:true,originalReview:'BLOCKED',escapeFinding:'OPEN / FAIL / Owner-deferred',networkGap:'OPEN / WF_PERMISSION / NOT_EXECUTED',newTests:0,networkActions:0,report:identity('SCOPED_CLOSEOUT_ASSESSMENT-01.json'),manifest:identity('scoped-closeout-supporting-manifest-01.json'),newEvidenceFiles:manifest.count,referencedExistingFiles:manifest.referencedExistingEvidence.length,oldHistoricalArtifactsVerified:354,trackedStatus:'clean',status:'STOP_WRITING'},null,2));
production/evidence/s05/closeout-20261004-01/independent-review/scoped-closeout-evidence-01/input-03.json:1: trailing whitespace.
+{
production/evidence/s05/closeout-20261004-01/independent-review/scoped-closeout-evidence-01/input-03.json:2: trailing whitespace.
+  "packetType": "INDEPENDENT_REVIEW_RESULT_CLARIFICATION",
production/evidence/s05/closeout-20261004-01/independent-review/scoped-closeout-evidence-01/input-03.json:3: trailing whitespace.
+  "clarificationId": "S05-FIXED-VALUES-FR-bc74bd9-01-TEMPORAL-01",
production/evidence/s05/closeout-20261004-01/independent-review/scoped-closeout-evidence-01/input-03.json:4: trailing whitespace.
+  "authoredAt": "2026-10-04T06:57:18.8722932Z",
production/evidence/s05/closeout-20261004-01/independent-review/scoped-closeout-evidence-01/input-03.json:5: trailing whitespace.
+  "reviewerIdentity": {
production/evidence/s05/closeout-20261004-01/independent-review/scoped-closeout-evidence-01/input-03.json:6: trailing whitespace.
+    "canonicalAgent": "/root/s05_values_review_01",
production/evidence/s05/closeout-20261004-01/independent-review/scoped-closeout-evidence-01/input-03.json:7: trailing whitespace.
+    "role": "Fresh Reviewer",
production/evidence/s05/closeout-20261004-01/independent-review/scoped-closeout-evidence-01/input-03.json:8: trailing whitespace.
+    "attribution": "Original independent report author; not a Coordinator-authored change"
production/evidence/s05/closeout-20261004-01/independent-review/scoped-closeout-evidence-01/input-03.json:9: trailing whitespace.
+  },
production/evidence/s05/closeout-20261004-01/independent-review/scoped-closeout-evidence-01/input-03.json:10: trailing whitespace.
+  "reviewedI": "8ffbea96bdc76e307d59eaa8514f3c6432a7d34d",
production/evidence/s05/closeout-20261004-01/independent-review/scoped-closeout-evidence-01/input-03.json:11: trailing whitespace.
+  "reviewedR": "bc74bd9aa7f2d357815cd0dfd0afa0b6088eee3a",
production/evidence/s05/closeout-20261004-01/independent-review/scoped-closeout-evidence-01/input-03.json:12: trailing whitespace.
+  "originalReport": {
production/evidence/s05/closeout-20261004-01/independent-review/scoped-closeout-evidence-01/input-03.json:13: trailing whitespace.
+    "file": "INDEPENDENT_REVIEW_RESULT.json",
production/evidence/s05/closeout-20261004-01/independent-review/scoped-closeout-evidence-01/input-03.json:14: trailing whitespace.
+    "sha256": "d5b74fd7f68c7117de91f55d439a45326fd01c2c276d2887537d5d1cca61a836",
production/evidence/s05/closeout-20261004-01/independent-review/scoped-closeout-evidence-01/input-03.json:15: trailing whitespace.
+    "bytes": 26119,
production/evidence/s05/closeout-20261004-01/independent-review/scoped-closeout-evidence-01/input-03.json:16: trailing whitespace.
+    "verdict": "PASS"
production/evidence/s05/closeout-20261004-01/independent-review/scoped-closeout-evidence-01/input-03.json:17: trailing whitespace.
+  },
production/evidence/s05/closeout-20261004-01/independent-review/scoped-closeout-evidence-01/input-03.json:18: trailing whitespace.
+  "preservedSupportingManifest": {
production/evidence/s05/closeout-20261004-01/independent-review/scoped-closeout-evidence-01/input-03.json:19: trailing whitespace.
+    "file": "supporting-evidence-manifest-01.json",
production/evidence/s05/closeout-20261004-01/independent-review/scoped-closeout-evidence-01/input-03.json:20: trailing whitespace.
+    "sha256": "19b48dff84df1a5559cd951fdc0e296a9ff544d1e198c3f3926458ef09533f32",
production/evidence/s05/closeout-20261004-01/independent-review/scoped-closeout-evidence-01/input-03.json:21: trailing whitespace.
+    "bytes": 36579,
production/evidence/s05/closeout-20261004-01/independent-review/scoped-closeout-evidence-01/input-03.json:22: trailing whitespace.
+    "count": 196
production/evidence/s05/closeout-20261004-01/independent-review/scoped-closeout-evidence-01/input-03.json:23: trailing whitespace.
+  },
production/evidence/s05/closeout-20261004-01/independent-review/scoped-closeout-evidence-01/input-03.json:24: trailing whitespace.
+  "clarifiedField": "limitations[0]",
production/evidence/s05/closeout-20261004-01/independent-review/scoped-closeout-evidence-01/input-03.json:25: trailing whitespace.
+  "originalText": "Independent PASS and Human acceptance of this new exact candidate are pending; no push/PR/merge/deployment/S06.",
production/evidence/s05/closeout-20261004-01/independent-review/scoped-closeout-evidence-01/input-03.json:26: trailing whitespace.
+  "historicalMeaning": "The words Independent PASS ... pending were copied from the reviewer dispatch packet and describe the pre-review dispatch state. They are not a current review conclusion and do not override the independently authored PASS in the original report.",
production/evidence/s05/closeout-20261004-01/independent-review/scoped-closeout-evidence-01/input-03.json:27: trailing whitespace.
+  "soleCurrentInterpretation": "The original report verdict is PASS for exactly LC-NODE-011 through LC-NODE-014 and their bounded affected regressions at the same I/R and declared environment. There are no unresolved findings or required evidence gaps in that report. The original initial browser counts remain 106 PASS / 2 connection FAIL, with the two independently executed static archive equivalents separately PASS. No count or verdict changes.",
production/evidence/s05/closeout-20261004-01/independent-review/scoped-closeout-evidence-01/input-03.json:28: trailing whitespace.
+  "authorityLimits": {
production/evidence/s05/closeout-20261004-01/independent-review/scoped-closeout-evidence-01/input-03.json:29: trailing whitespace.
+    "productAcceptance": "NOT_GRANTED",
production/evidence/s05/closeout-20261004-01/independent-review/scoped-closeout-evidence-01/input-03.json:30: trailing whitespace.
+    "humanAcceptance": "NOT_GRANTED",
production/evidence/s05/closeout-20261004-01/independent-review/scoped-closeout-evidence-01/input-03.json:31: trailing whitespace.
+    "fullS05CompletionOrAcceptance": "NOT_GRANTED",
production/evidence/s05/closeout-20261004-01/independent-review/scoped-closeout-evidence-01/input-03.json:32: trailing whitespace.
+    "deploymentOrPublication": "NOT_GRANTED",
production/evidence/s05/closeout-20261004-01/independent-review/scoped-closeout-evidence-01/input-03.json:33: trailing whitespace.
+    "merge": "NOT_GRANTED",
production/evidence/s05/closeout-20261004-01/independent-review/scoped-closeout-evidence-01/input-03.json:34: trailing whitespace.
+    "nextSlice": "NOT_GRANTED",
production/evidence/s05/closeout-20261004-01/independent-review/scoped-closeout-evidence-01/input-03.json:35: trailing whitespace.
+    "performance": "Separately sequenced work; not claimed delivered or fixed by this review"
production/evidence/s05/closeout-20261004-01/independent-review/scoped-closeout-evidence-01/input-03.json:36: trailing whitespace.
+  },
production/evidence/s05/closeout-20261004-01/independent-review/scoped-closeout-evidence-01/input-03.json:37: trailing whitespace.
+  "preservation": {
production/evidence/s05/closeout-20261004-01/independent-review/scoped-closeout-evidence-01/input-03.json:38: trailing whitespace.
+    "originalReportUnmodified": true,
production/evidence/s05/closeout-20261004-01/independent-review/scoped-closeout-evidence-01/input-03.json:39: trailing whitespace.
+    "original196ArtifactManifestUnmodified": true,
production/evidence/s05/closeout-20261004-01/independent-review/scoped-closeout-evidence-01/input-03.json:40: trailing whitespace.
+    "originalSupportingArtifactsUnmodified": true,
production/evidence/s05/closeout-20261004-01/independent-review/scoped-closeout-evidence-01/input-03.json:41: trailing whitespace.
+    "testsRerun": false,
production/evidence/s05/closeout-20261004-01/independent-review/scoped-closeout-evidence-01/input-03.json:42: trailing whitespace.
+    "productStateOrOriginalEvidenceModified": false,
production/evidence/s05/closeout-20261004-01/independent-review/scoped-closeout-evidence-01/input-03.json:43: trailing whitespace.
+    "numbersOrVerdictChanged": false,
production/evidence/s05/closeout-20261004-01/independent-review/scoped-closeout-evidence-01/input-03.json:44: trailing whitespace.
+    "scopeExpanded": false,
production/evidence/s05/closeout-20261004-01/independent-review/scoped-closeout-evidence-01/input-03.json:45: trailing whitespace.
+    "appendixManifestTreatment": "New separately hashed author clarification only; intentionally not inserted into or used to regenerate the preserved 196-artifact manifest."
production/evidence/s05/closeout-20261004-01/independent-review/scoped-closeout-evidence-01/input-03.json:46: trailing whitespace.
+  },
production/evidence/s05/closeout-20261004-01/independent-review/scoped-closeout-evidence-01/input-03.json:47: trailing whitespace.
+  "status": "STOP_WRITING"
production/evidence/s05/closeout-20261004-01/independent-review/scoped-closeout-evidence-01/input-03.json:48: trailing whitespace.
+}
production/evidence/s05/closeout-20261004-01/independent-review/scoped-closeout-reconcile-01.cjs:40: trailing whitespace.
+console.log(JSON.stringify({packet:pi,inputCount:inputs.length,head:R,sourceFiles:sourceRows.length,diffs,oldEvidence:manifestChecks,coverage:{criteria:criteria.length,fixed:fixed.length,numeric:numeric.length,mechanismRows:mechanismNumerical.map(r=>({file:r.file,count:r.rows.length})),browser:good.size,unit:unitLines.length},output:out},null,2));
warning: unable to access 'C:\Users\user/.config/git/ignore': Permission denied
